"en","ar"
"Activate","تفعيل"
"Author","كاتب"
"Cancel","إلغاء"
"Character","شخصية"
"Configure","إعداد"
"Close","إغلاق"
"Degrees","درجات"
"Default","إعتيادي"
"Delete","حذف"
"Distance","مسافة"
"Documentation","توثيق"
"Duplicate","استنساخ"
"Error","خطأ"
"Grid Units","وحدات الشبكة"
"Install","تثبيت"
"Elevation","إرتفاع"
"Foundry Virtual Tabletop","Foundry Virtual Tabletop"
"File Path","مسار الملف"
"Height","الارتفاع"
"Hidden","مخفي،"
" Name"," اسم"
"No","لا"
"Notes","ملاحظات"
"Preload","تحميل مسبق"
"Token","رمز"
"Path","مسار"
"Packs","حزمات"
"Permissions","صلاحيات"
"Pixels","بكسلات"
"Ratio","معدل"
"Rotation","دوران"
"Save Changes","حفظ التغييرات"
"Scale","مقياس"
"Sheet","صفحة"
"System","نظام"
"Type","نوع"
"Uninstall","إلغاء التثبيت"
"Update","تحديث"
"URL","عنوان URL"
"Warning","تحذير"
"Width","عرض"
"X-Coordinate","احداثيات X"
"Y-Coordinate","احداثيات Y"
"Yes","نعم"
"Actors Directory","دليل الممثيلن"
"Create Actor","صنع ممثل"
"Search Actors","بحث الممثلين"
"Are you sure you want to exit the Foundry Virtual Tabletop game?","هل أنت متأكد من أنك تريد الخروج من لعبة FoundryVTT؟"
"Clear Chat Log","تفريغ سجل المحادثة"
"Export Chat Log","تصدير سجل المحادثة"
"Flush Chat Log","حذف سجل المحادثة"
"All messages within the chat log will be permanently deleted.","<h3>هل أنت متأكد؟</h3><p dir='rtl'>كل الرسائل في سجل المحادثة سوف تحذف وتفرّغ.</p>"
"{command} is not a valid chat message command.","{command} ليس أمر محادثة صحيح."
"Chat Log","سجل المحادثة"
"To","إلى"
"Pop Out Message","رسالة منبثقة"
"Reveal To Everyone","إظهار للجميع"
"Make Private","جعل خاص"
"Blind GM Roll","رمية منظم لعبة عمياء"
"Default Roll Mode","نمظ الرمي الاعتيادي"
"Public Roll","رمية عامة"
"Private GM Roll","رمية منظم لعبة خاصة"
"Self Roll","رمي ذاتي"
"Rollable Tables","جداول قابلة للرمي"
"Begin Combat","ابدأ القتال"
"Create Encounter","صنع التقاء"
"Delete Encounter","حذف التقاء"
"Encounter","التقاء"
"Activate Previous Encounter","تفعيل التقاء السابق"
"Activate Next Encounter","تفعيل الاتقاء التالي"
"End Combat","انهاء القتال"
"Roll Initiative","رمي المبادرة"
"Reset Initiative","اعادة ضبط المبادرة"
"No Active Encounter","لا يوجد التقاء نشط"
"There is no active Combat Encounter in your currently viewed Scene.","لا يوحد التقاء قتالي نشط في المشهد الظاهر حالياً."
"There are no Combatants remaining in this Encounter which are not defeated.","لا يوجد مقاتلين متبقيين في هذا الالتقاء لم تتم هزيمتهم."
"Not Started","لم يبدأ"
"Tracked Resource","مورد متابع"
"Choose an attribute to track for each combatant.","اختار سمة لمتابعتها لكل مقاتل."
"Round","جولة"
"Rounds","جولات"
"Previous Round","الجولة الماضية"
"Next Round","الجولة التالية"
"Roll NPCs","رمي للشخصيات غير اللاعبة"
"Roll All","رمي للجميع"
"Combat Tracker Settings","إعدادات متابع القتال"
"Save Tracker Settings","حفظ إعدادات المتابع"
"Skip Defeated?","تخطي المهزوم؟"
"Automatically bypass combatants marked as defeated?","تخطي المقاتلين المعلمين بمهزوم تلقائياً؟"
"Toggle Visibility","تبديل الرؤية"
"Mark Defeated","تعليم مهزوم"
"Turn","دور"
"Turns","أدوار"
"End Turn","إنهاء الدور"
"Next Turn","الدور التالي"
"Previous Turn","الدور السابق"
"Unknown Combatant","مقاتل مجهول"
"Create Combatant","صنع مقاتل"
"Defeated","مهزوم"
"Hidden","مخفي"
"Thumbnail Image","صورة مصغرة"
"Initiative Value","قيمة المبادرة"
"Combatant Status","حالة المقاتل"
"Update Combatant","تحديث المقاتل"
"Displayed Name","إظهار الاسم"
"Remove Combatant","إزالة المقاتل"
"Re-roll Initiative","إعادة رمية المبادرة"
"Represented Token","رمز مربوط"
"Compendium Name","اسم الجامع"
"Create Compendium","صنع جامع"
"Create a new Compendium pack in your current World.","صنع رزمة جامع في عالمك الحالي."
"Delete Compendium","حذف الجامع"
"Delete Entry","حذف مدخلة"
"Duplicate Compendium","استنساخ الجامع"
"New Compendium Title","عنوان جامع جديد"
"You may duplicate this compendium into your World to have a local copy of its content which is safe to edit.","يمكنك استنساخ هذا الجامع إلى عالمك لتكون لديك نسخة محلية من محتواها وآمنة للتعديل."
"You must provide a title to create a World Compendium pack.","يجب أن توفر عنواناً لصنع رزمة جامع عالم."
"Import All Content","استيراد جميع المحتويات"
"All of the content from this Compendium pack will be imported into your World to a Folder which you may name.","جميع المحتويات من رزمة الجامع هذا سوف يتم استيرادها إلى عالمك في مجلد تستطيع ان تسميه."
"Importing {number} {type} entries into the {folder} folder. Please be patient.","يتم استيراد {number} {type} مدخلات إلى مجلد {folder}. الرجاء الإنتظار."
"Successfully imported {number} {type} entries into the {folder} folder.","تم استيراد {number} {type} مدخلة بنجاح إلى مجلد {folder}."
"Import Entry","استيراد مدخلة"
"Document Type","نوع المدخلة"
"Each Compendium pack contains a specific type of Document.","كل رزمة جامع تحتوي على نوع معين من المدخلات."
"Toggle Visibility","تبديل الرؤية"
"Toggle Edit Lock","تبديل قفل التعديل"
"You are attempting to unlock for editing a compendium that does not belong to this World. Any changes you make in this compendium pack may be lost if the system or module which owns it is updated. You may wish to duplicate the compendium to your world instead. Do you wish to proceed?","أنت تحاول فتح قفل لتحرير جامع لا ينتمي لهذا العالم. أي تغييرات تقوم بها في رزمة الجامع هذه سوف تفقد إذا النظام أو الوحدة التي تمتلك هذه الرزمة قامت بالتحديث. قد تود أن تستنسخ الجامع في عالمك عوضاً عن ذلك. هل تود المتابعة؟"
"Game Controls Reference","مرجعية تحكم اللعبة"
"This form describes common keyboard and mouse commands used to control various aspects of the Foundry Virtual Tabletop environment. Some controls are only available to a Game Master user, those are highlighted in light purple.","هذه القائمة تصف أوامر لوحة المفاتيح والفأرة المستخدم في التحكم بالعديد من جوانب بيئة FoundryVTT. بعضها متوفر فقط للمستخدم منظم اللعبة، وتم تعليمها باللون البنفسجي الفاتح."
"Select Tokens","اختيار الرموز"
"Select Targets","اختيار الاهداف"
"Measure Distance","قياس المسافة"
"Measurement Controls","التحكم بالقياسات"
"Circle Template","نموذج دائرة"
"Cone Template","نموذج مخروط"
"Rectangle Template","نموذج مستطيل"
"Ray Template","نموذج اشعاعي"
"Clear Templates","مسح النماذج"
"Tile Controls","التحكم بالألواح"
"Select Tiles","اختيار الألواح"
"Place Tile","وضع لوح"
"Tile Browser","متصفح الألواح"
"Drawing Tools","أدوات الرسم"
"Select Drawings","إختيار الرسومات"
"Draw Rectangle","رسم مستطيل"
"Draw Ellipse","رسم بيضوي"
"Draw Polygon","رسم مضلّع"
"Draw Freehand","رسم حر"
"Draw Text","رسم نص"
"Clear Drawings","مسح الرسومات"
"Configure Drawing","اعدادات الرسمة"
"Wall Controls","اعدادت الجدار"
"Draw Walls","رسم الجدران"
"Invisible Walls","جدران مخفية"
"Terrain Walls","جدران تضاريس"
"Ethereal Walls","جدران أثيرية"
"Draw Doors","رسم أبواب"
"Secret Doors","أبواب سرية"
"Rectangular Select Walls","اختيار جدران مستطيل"
"Force Snap to Grid","اجبار محاذاة إلى الشبكة"
"Clone Walls","استنساخ الجدران"
"Clear Walls","مسح الجدران"
"Lighting Controls","إعدادات الإضاءة"
"Draw Light Source","رسم مصدر الإضاءة"
"Clear Lights","مسح الإضاءات"
"Reset Fog of War","إعادة ضبط ضباب الحرب"
"Transition to Daylight","الإنتقال إلى ضوء النهار"
"Transition to Darkness","الإنتقال إلى الظلام"
"Reset Fog of War Exploration?","إعادة ضبط إستكشاف ضباب الحرب؟"
"This will reset fog of war for this Scene for all players.","هذا سوف يعيد ضبط ضباب الحرب لهذا المشهد لجميع اللاعبين."
"Ambient Sound Controls","إعدادات الأصوات البيئية"
"Draw Ambient Sound","رسم الصوت البيئي"
"Clear Sounds","مسح الأصوات"
"Journal Notes","ملاحظات الدفتر"
"Select Notes","إختيار الملاحظات"
"Toggle Notes Display","تبديل ظهور الملاحظات"
"Clear Notes","مسح الملاحظات"
"Clear All Objects","مسح جميع الكيانات"
"Permanently delete all {type} objects from this Scene?","مسح جميع كيانات {type} من هذا المشهد؟"
"General Game Controls","ضوابط اللعبة العامة"
"These controls generally apply across all aspects of Foundry functionality.","هذه الضوابط تطبق عادة على معظم جوانب عمل FoundryVTT."
"Canvas Layer Controls","ضوابط طبقة اللوحة"
"These controls apply when interacting with a specific Canvas layer.","هذه الضوابط تطبق عندما يتم التفاعل مع طبقة لوحة معينة."
"Placeable Object Controls","ضوابط الكيان القابل للوضع."
"These controls apply when interacting with an Object placed on the Canvas.","هذه الضوابط تطبق عندما يتم التفاعل مع كيان موضوع على اللوحة."
"Specialized Controls","الضوابط المتخصصة"
"These controls apply only during specific interactions.","هذه الضوابط تطبق فقط أثناء تفاعلات محددة."
"Mouse Controls","ضوابط الفأرة"
"Keyboard Controls","ضوابط لوحة المفاتيح"
"Toggle Main Menu","تبديل القائمة الرئيسية"
"Close Open Windows","إغلاق النوافذ المفتوحة"
"Toggle Game Pause","تبديل إيقاف اللعبة"
"Cancel Pending Move","إلغاء الحركة المعلقة"
"Move Object","تحريك كيان"
"Pan Canvas","تدوير اللوحة"
"Select Object","اختيار كيان"
"Add or Remove Selected Objects","إضافة أو إزالة الكيانات المختارة"
"Use Active Tool","استخدام الأداة النشطة"
"Cancel Left-Drag Operation","إلغاء عملية السحب بالزر الأيسر للفأرة"
"Zoom Canvas","تكبير/تصغير اللوحة"
"Left Click","نقرة بالزر الأيسر للفأرة"
"Double Left Click","نقرة مزدوجة بالزر الأيسر للفأرة"
"Left-Click Drag","سحب بالزر الأيسر للفأرة"
"Double","مضاعفة"
"Right-Click","نقرة بالزر الأيمن للفأرة"
"Drag","سحب"
"Drop","إسقاط"
"during","أثناء"
"Highlight Canvas Objects","تعليم كيانات اللوحة"
"Pan Canvas","تدوير اللوحة"
"Zoom In","تكبير"
"Zoom Out","تصغير"
"Cycle Tokens or Reset View","التبديل بين الرموز أو إعادة ضبط الرؤية"
"Keyboard Movement (Tokens or Tiles)","Kحركة لوحة المفاتيح (الرموز أو الألواح)"
"Diagonal Movement","الحركة القطرية"
"Face Direction","اتجاه الواجهة"
"Delete Selected Objects","مسح الكيانات المختارة"
"Copy Canvas Elements","نسخ عناصر اللوحة"
"Paste Canvas Elements","لصق عناصر اللوحة"
"Undo Canvas Operation","إلغاء عملية اللوحة"
"Activate Hotbar Slot","تفعيل خانة شريط الوصول السريع"
"Ruler Measurement","قياس المسطرة"
"Measure Distance with Ruler","قياس المسافة بالمسطرة"
"Place Measurement Waypoint","وضع إحداثية قياس"
"Move Token on Measured Path","تحريك الرمز على المسار المُقاس"
"while measuring from a Token","أثناء القياس من الرمز"
"Open Referenced Object Sheet","فتح صحفة الكيان المشار إليه"
"Display Object HUD (If Applicable)","إظهار شاشة تحكم الكيان (إن وجدت)"
"Open Object Configuration Sheet","فتح صفحة إعدادات الكيان"
"Move Controlled Objects","تحريك الكيانات المتحكم بها"
"Cancel Drag Workflow","إلغاء سير عمل السحب"
"Rotate Object (Slow)","تدوير الكيان (بطيء)"
"Rotate Object (Fast)","تدوير الكيان (سريع)"
"Bypass Snap-to-Grid","تخطي المحاذاة إلى الشبكة"
"Mouse-Wheel","عجلة الفأرة"
"Drag and Drop","سحب وإفلات"
"Token Controls","ضوابط الرمز"
"Place Hidden Token","وضع رمز مخفي"
"Set (non-Owned) Token as Target","تعيين رمز (غير مملوك) كهدف"
"Walls Layer Controls","ضوابط طبقة الجدران"
"Chain Wall Creation","صنع جدار متسلسل"
"Select Chained Segments","اختيار تقسيمات متسلسلة"
"Drawing Tool Controls","ضوابط أداة الرسم"
"Confirm Drawing Text","تأكيد رسم النص"
"Cancel Drawing Text","إلغاء رسم النص"
"The dice roll formula {formula} did not produce a numeric outcome.","معادلة رمي النرد {formula} لم تحقق نتيجة رقمية."
"The attribute {match} was not present in the provided roll data.","السمة {match} لم تكن موجودة في بيانات الرمي."
"Drawing Configuration","إعدادات الرسم"
"Default Drawing Configuration","إعدادات الرسم الإعتيادية"
"Configure Default","إعداد الإعتيادي"
"Create Drawing","صنع رسم"
"Update Drawing","تحديث رسم"
"Reset Defaults","إعادة تعيين الإعتيادي"
"Position","موقع"
"Lines","خطوط"
"Fill","ملء"
"Text","نص"
"Adjust the position and visibility of the Drawing.","تعديل الموقع والرؤية للرسم."
"Adjust the outer line work for the Drawing.","تعديل عمل الخط الخارجي للرسم."
"Adjust the interior fill preferences for this Drawing.","تعديل إعدادات الملء الداخلي لهذا الرسم."
"Adjust the text label applied to this Drawing (if any).","تعديل العلامة النصية المطبقة لهذا الرسم (إن وجدت)."
"Author","الكاتب"
"X-Position","الموقع-X"
"Y-Position","الموقع-Y"
"Width","عرض"
"Height","إرتفاع"
"Rotation","دوران"
"Z-Index","المنسب-Z"
"Line Width","عرض الخط"
"Stroke Color","لون الخط"
"Line Opacity","شفافية الخط"
"Smoothing Factor","عامل التنعيم"
"For freehand drawing, the smoothing factor controls the amount of spline smoothing.","للرسم الحر، عامل التنعيم يتحكم بكمية تنعيم الشريحة."
"Fill Types","أنواع الملء"
"None","بدون"
"Solid","صلب"
"Pattern","طرازي"
"Fill Color","لون الملء"
"Fill Opacity","شفافية الملء"
"Fill Texture","نسيج الملء"
"Text Label","علامة النص"
"Font Family","عائلة الخط"
"Font Size","حجم الخط"
"Text Color","لون الخط"
"Text Opacity","شفافية الخط"
"Custom","مخصص"
"Multiply","مضاعفة"
"Add","إضافة"
"Downgrade","تخفيض"
"Upgrade","تحسين"
"Override","تجاوز"
"Configure Active Effect","ضبط التأثير النشط"
"Details","تفاصيل"
"Duration","فترة"
"Effects","تأثيرات"
"Effect Label","عنوان التأثير"
"Effect Icon","أيقونة التأثير"
"Icon Tint Color","لون صبغة الأيقونة"
"Effect Suspended","التأثير معلّق"
"Effect Origin","مصدر التأثير"
"Transfer Effect to Actor","نقل التأثير إلى ممثل"
"Effect Duration (Seconds)","فترة التأثير (ثواني)"
"Effect Start Time","وقت بداية التأثير"
"Effect Duration (Turns)","فترة التأثير (دورات)"
"Combat Encounter","إلتقاء قتالي"
"Effect Start Turn","دور بداية التأثير"
"Attribute Key","مفتاح السمة"
"Change Mode","تغيير النمط"
"Effect Value","قيمة التأثير"
"Submit Changes","تفعيل التغييرات"
"Asleep","نائم"
"Dead","ميت"
"Unconscious","فاقد الوعي"
"Stunned","مصعوق"
"Prone","مستلقي"
"Restrained","مقيد"
"Paralyzed","مشلول"
"Flying","طائر"
"Blind","أعمى/عمياء"
"Deaf","أصم/صماء"
"Silenced","مصموت"
"Afraid","خائف"
"Burning","محترق"
"Frozen","متجمد"
"Shocked","مكهرب"
"Corroding","متآكل"
"Bleeding","ينزف/تنزف"
"Diseased","مريض"
"Poisoned","مسموم"
"Radioactive","إشعاعي"
"Regeneration","تجديد"
"Degeneration","انحطاط"
"Empowered","مقوى"
"Weakened","موهن"
"Targeted","مستهدّف"
"Marked","مُعلّم"
"Cursed","ملعون"
"Blessed","مبارك"
"Fire Shield","ترس ناري"
"Ice Shield","ترس ثلجي"
"Magic Shield","ترس سحري"
"Holy Shield","ترس مقدّس"
"Actor","ممثل"
"Chat Message","رسالة محادثة"
"Combat Encounter","إلتقاء قتالي"
"Item","قطعة"
"Folder","ملف"
"Journal Entry","مدخلة مدونة"
"Macro Command","أمر ماكرو"
"Audio Playlist","قائمة التشغيل الصوتية"
"Scene","مشهد"
"Rollable Table","جدول قابل للرمي"
"User","مستخدم"
"Create New {entity}","صنع {entity} جديد"
"New {entity}","{entity} جديد"
"Create New","صنع جديد"
"Foundry Virtual Tabletop requires a minimum screen resolution of {reqWidth}px by {reqHeight}px or greater. Your display currently has an effective resolution of {width}px by {height}px, as a result many features of the software may not work properly.","FoundryVTT تتطلب دقة شاشة {reqWidth} بكسل في {reqHeight} بكسل أو أعلى. شاشتك حالياً لديها دقة فعلية {width} بكسل في {height} بكسل، وقد ينتج عن ذلك أن بعض خصائص البرنامج ربما لن تعمل بشكل جيد."
"Your browser does not currently support WebGL rendering which is required by Foundry Virtual Tabletop. Ensure that you have hardware rendering and WebGL enabled in your browser.","متصفحك لا يدعم معالجة WebGL المطلوب من قبل FoundryVTT. تأكد من أن المعالجات المادية وWebGL مفعلة في متصفحك."
"You are using a Scene background texture with dimensions {width}px by {height}px. One or both of these dimensions exceeds the maximum texture size of {max}px supported by your device.","أنت تستخدم نسيج خلفية مشهد ذات أبعاد {width} بكسل في {height} بكسل. إحدى أو كلا الأبعاد تتجاوز الحجم الأقصى للنسيج {max} بكسل المدعوم من جهازك."
"The provided server administrator password is invalid. If you have forgotten your configured password you will need to manually delete the <strong>Config/admin.txt</strong> file from your user data location.","مفتاح الوصول الإداري غير صحيح. إذا نسيت كلمة مرورك المعدّة سوف تحتاج إلى إلغاء ملف <strong>Config/admin.txt</strong> من موقع ملفات المستخدم."
"The attempted Token movement collides with at least one Wall.","حركة الرمز الذي تقوم بمحاولتها تتصادم مع جدار واحد على الأقل."
"The request to browse existing packages failed to connect with the Foundry server. Make sure your application allows outbound connections.","طلب تصفح الرزم المتوفرة فشل في الإرتباع بخادم FoundryVTT. تأكد أن تطبيقك يسمح بالصلات الخارجية."
"You are using the grid configuration tool for a scene with no background image. This is not currently recommended and may produce unpredictable results.","أنت تستخدم أداة إعدادات الشبكة لمشهد بلا صورة خلفية. لا ينصح بهذا حالياً وقد يصدر منه نتائج غير متوقعة."
"Acknowledge Agreement","الإقرار بالإتفاقية"
"Agree","أوافق"
"I agree to these terms","أوافق على هذه الأحكام"
"Decline","رفض"
"Create Directory","صنع سجل"
"Toggle Privacy Mode","تبديل وضع الخصوصية"
"Display Mode","وضع العرض"
"List View","عرض القائمة"
"Tiles View","عرض الألواح"
"Thumbnail View","عرض الصور المصغرة"
"Images View","عرض الصور"
"Filter Results","تصفية النتائج"
"S3 Bucket","S3 Bucket"
"Selected","مختار"
"Asset Grid Size","حجم شبكة الأصول"
"Specify the pixel grid size of source tile artwork so it will be automatically resized when placed onto your active Scene.","تحديد حجم شبكة البكسل للوحة العمل الفني المصدر ليتم إعادة تعيين الحكم تلقائياً عند وضعه في المشهد النشط."
"No matching results found in this location.","لا نتائج مطابقة تم إيجادها في هذا الموقع."
"Upload","رفع"
"Search","بحث"
"The file you have attempted to upload is too large for your proxy server to handle.","الملف الذي تحاول رفعه أكبر من قدرة الخادم الوكيل."
"Something went wrong with your file upload request.","حصل خطأ قي طلب رفع ملفك."
"You have uploaded files into a module or system directory. This is generally <strong>unsafe</strong> because updates to the system or module will delete your files.","لقد رفعت ملفات إلى سجل وحدة أو نظام. هذا عادة <strong>غير آمن</strong> لأن التحديثات للنظام أو الوحدة قد تحذف ملفاتك."
"Image or Video Browser","متصفح الصور والفيديو"
"Image Browser","متصفح الصور"
"Video Browser","متصفح الفيديو"
"Audio Browser","متصفح الصوت"
"User Data","بيانات المستخدم"
"Core Data","البيانات الأساسية"
"Amazon S3","Amazon S3"
"Browse Files","تصفح الملفات"
"Game Paused","اللعبة موقفة"
"You cannot take this action while the game is currently paused.","لا يمكنك القيام بهذا الفعل أثناء كون اللعبة موقفة."
"Game invitation link copied to clipboard","تم نسخ رابط دعوة اللعبة إلى الحافظة"
"Share the below invitation links with users who you wish to have join your game. The local invitation link is for users on your local network while the internet link connects via internet on the configured port.","شارك روابط الدعوة أدناه للمستخدمين الذين تود دعوتهم إلى لعبتك. رابط الدعوة المحلي للمستخدمين في شبكتك المحلية بينما رابط الانترنت يربط عبر الانترنت من خلال المنفذ المُعّد."
"Internet","انترنت"
"Local Network","شبكة محلية"
"Game Invitation Links","روابط دعوة اللعبة"
"Create Item","صنع قطعة"
"Delete Item","حذف قطعة"
"Search Items","بحث القطع"
"View Item Artwork","رؤية رسمة القطعة"
"Toggle Visibility State","تبديل حالة الرؤية"
"Toggle Locked State","تبديل حالة الإغلاق"
"Bring to Front","إحضار إلى الأمام"
"Send to Back","إرسال إلى الخلف"
"Journal","مذكرة"
"Search Journal Entries","بحث مدخلات المذكرة"
"Create Entry","صنع مدخلة"
"Text","نص"
"Image","صورة"
"Show Players","إظهار اللاعبين"
"Showed the {mode} content of {title} to {which} players.","إظهار {mode} محتوى {title} إلى {which} اللاعبين."
"Save Entry","حفظ المدخلة"
"Center","وسط"
"Bottom","قاع"
"Top","قمة"
"Left","يسار"
"Right","يمين"
"Light Animation Type","نوع تحريك الضوء"
"Animation Speed","سرعة التحريك"
"Animation Intensity","شدة التحريك"
"Torch","شعلة"
"Pulse","نبض"
"Chroma","كروما"
"Pulsing Wave","موجة نابضة"
"Swirling Fog","باب دوار"
"Sunburst","إشراقة مفاجئة"
"Light Dome","قبة ضوئية"
"Mysterious Emanation","الانبثاق الغريب"
"Energy Field","حقل الطاقة"
"Hexa Dome","قبة سداسية"
"Ghostly Light","ضوء شبحي"
"Roiling Mass (Darkness)","كتلة عكرة (ظلام)"
"Black Hole (Darkness)","ثقب أسود (ظلام)"
"Light Source Configuration","إعدادات مصدر الضوء"
"Configure the position, radius, angle, color, and animation of this ambient light source.","إعداد موقع وقطر وزاوية ولون وتحريك مصدر الضوء البيئي هذا."
"Create Light Source","صنع مصدر ضوء"
"Dim Light Radius","قطر الضوء الخافت"
"Bright Light Radius","قطر الضوء الساطع"
"Emission Angle","زاوية الانبعاث"
"Light Color","لون الضوء"
"Color Intensity","شدة اللون"
"Light Rotation Angle","زاوية دوران الضوء"
"Light Type","نوع الضوء"
"Local Light","ضوء محلي"
"Global Light","ضوء عام"
"Universal Light","ضوء كوني"
"Update Light Source","تحديث مصدر الضوء"
"Create Macro","صنع ماكرو"
"Delete Macro","حذف ماكرو"
"Edit Macro","تعديل الماكرو"
"Execute Macro","تنفيذ الماكرو"
"Remove Macro","إزالة الماكرو"
"Save Macro","حفظ الماكرو"
"Search Macros","بحث الماكرو"
"Reload Application","إعادة تحميل التطبيق"
"Log Out","خروج"
"User Management","إعدادات اللاعبين"
"Return to Setup","العودة إلى الإعدادات الرئيسية"
"Bug or Issue Reports","تقارير الأخطاء أو المشاكل"
"Deactivate All Modules","إلغاء تفعيل جميع الوحدات"
"Module Documentation","توثيق الوحدة"
"Module Management","إدارة الوحدة"
"Use this form to configure which Modules are active within your current World. Submitting changes to active modules will cause the current session to reload.","استخدم هذا النموذج لإعداد أي وحدة نشطة في عالمك الحالي. القيام بتغييرات في تفعيل الوحدات سوف يسبب في إعادة تحميل الجلسة الحالية."
"The Modules listed below are currently active within this World.","الوحدات المذكورة أدناه نشطة في هذا العالم."
"No Modules are available within this World. You can view, but do not have permission to modify this list.","لا توجد وحدات متوفرة في هذا العالم. يمكنك رؤية، لكنك لا تملك الصلاحية لتعديل هذه القائمة."
"Filter Modules","تصفية الوحدات"
"Save Module Settings","حفظ إعدادت الوحدة"
"Dependencies","تبعيات"
"This module has {number} inactive dependencies which are required for it to function properly:","هذه الوحدة لديها {number} تبعيات لازمة لعملها بشكل صحيح. هل تود تفعيلها أيضاً؟"
"This module had {number} dependencies which may no longer be required:","هذه الوحدة لديها {number} تبعيات قد لا تكون بحاجة إليها بعد الآن. هل تود إيقافها أيضاً؟"
"You have enabled the module {module}, but it's dependencies {missing} are not enabled!","لقد قمت بتفعيل الوحدة {module}، لكن لديه {missing} تبعيات لم يتم تفعيلها!"
"All Modules","جميع الوحدات"
"Active Modules","الوحدات النشطة"
"Inactive Modules","الوحدات الغير نشطة"
"Text Anchor Point","نقطة مرساة النص"
"Map Note Configuration","إعداد ملاحظة الخريطة"
"Entry Icon","أيقونة المدخلة"
"Font Size","حجم الخط"
"Font Family","عائلة الخط"
"Icon Size","حجم الأيقونة"
"Icon Tint","لون الأيقونة"
"Text Label","عنوان النص"
"Text Color","لون النص"
"Update Map Note","تحديث ملاحظة الخريطة"
"Players","اللاعبين"
"Select Character","إختيار الشخصية"
"Release Character","اطلاق الشخصية"
"User Configuration","إعدادات اللاعب"
"Player Color","لون اللاعب"
"Player Avatar","صورة اللاعب"
"Pull To Scene","السحب إلى المشهد"
"Save Configuration","حفظ الإعدادات"
"View Player Avatar","رؤية صورة اللاعب"
"Kick Player","طرد اللاعب"
"Ban Player","منع اللاعب"
"Un-Ban Player","إلغاء منع اللاعب"
"Create Playlist","صنع قائمة تشغيل"
"Delete Playlist","حذف قائمة التشغيل"
"Edit Playlist","تحرير قائمة التشغيل"
"Global Volume Controls","ضوابط درجة الصوت العامّة"
"Soundboard Only","اللوحة الصوتية فقط"
"Sequential Playback","تشغيل متتالي"
"Shuffle Tracks","خلط التسجيلات"
"Simultaneous Playback","تشغيل في آن واحد"
"Play Playlist","بدأ قائمة التشغيل"
"Stop Playlist","إيقاف قائمة التشغيل"
"Playlists","قوائم التشغيل"
"Ambient","بيئة"
"Interface","واجهة"
"Playlist Name","اسم قائمة التشغيل"
"Playback Mode","نمط قائمة التشغيل"
"Update Playlist","تحديث قائمة التشغيل"
"Edit Sound","تحرير صوت"
"Delete Sound","حذف صوت"
"Loop Sound","إعادة تدوير الصوت"
"Track Name","اسم التسجيل"
"Audio Source","مصدر الصوت"
"Repeat","تكرار"
"Large File Streaming","بث ملف كبير"
"Update Track","تحديث التسجيل"
"Play Sound","تشغيل الصوت"
"Preload Sound","تحميل الصوت مسبقاً"
"Sound Volume","ارتفاع الصوت"
"Sound Stop","إيقاف الصوت"
"Accessibility","الوصول"
"GM Only","منظم اللعبة فقط"
"All Players","جميع اللاعبين"
"Activate","تنشيط"
"Audio Playlist","قائمة تشغيل صوتية"
"A Playlist which should automatically begin playing when this Scene is activated.","قائمة تشغيل تتفعل تلقائياً عند تنشيط هذا المشهد."
"Background Color","لون الخلفية"
"Background Image","صورة الخلفية"
"Configure the background image and dimensions of the scene's primary map.","إعداد صورة الخلفية وأبعاد الخريطة الأساسية للمشهد."
"Background Image Scale","مقياس صورة الخلفية"
"Configure","إعداد"
"Configure Scene","إعداد المشهد"
"Darkness Level","مستوى الظلام"
"Apply an overlay which darkens the Scene and diminishes light sources to simulate nighttime or dim conditions.","إعداد طبقة الظلام التي تحجب المشهد لمحاكاة حالات الليل أو الضوء الخافت."
"Scene Dimensions","أبعاد المشهد"
"Change Scene Dimensions?","تغيير أبعاد المشهد؟"
"You are changing the underlying dimensions of this Scene, if you have already placed objects in this Scene this operation may cause those objects to shift position relative to the background image.","أنت تقوم بتغيير الأبعاد التحتية لهذا المشهد، إذا قمت بوضع أشياء في هذا المشهد مسبقاً هذه العملية سوف تتسبب في تغيير موقع الأشياء نسبة إلى صورة الخلفية."
"Fog Exploration","استكشاف الضباب"
"Track the exploration progress of Tokens in this Scene, revealing fog of war for areas which have been explored.","متابعة تقدم الاستكشاف في هذا المشهد، ملغياً ضباب الحرب."
"Regenerate Thumbnail Image","إعادة انتاج الصورة المصغرة"
"Unrestricted Vision Range","الإضاءة العامة"
"Reveal all areas that controlled Tokens have direct line of sight to observe. If disabled, vision is restricted to illuminated areas.","أضيء جميع المساحات في المشهد التي يستطيع رمز متحكم به رؤيته عبر مدى البصر."
"Vision Limitation Threshold","عتبة الضوء العام"
"Automatically disable the Unrestricted Vision Range setting when the Darkness Level of the Scene exceeds a threshold value.","تلقائياً ألغي الإضاءة العامة عندما تتجاوز درجة الإضاءة قيمة عتبة محددة."
"Grid Color","لون الشبكة"
"Grid Configuration Tool","أداة إعداد الشبكة"
"Grid Opacity","شفافية الشبكة"
"Grid Type","نوع الشبكة"
"Gridless","بلا شبكة"
"Square","مربع"
"Hexagonal Rows - Odd","صفوف سداسية - فردية"
"Hexagonal Rows - Even","صفوف سداسية - زوجية"
"Hexagonal Columns - Odd","أعمدة سداسية - فردية"
"Hexagonal Columns - Even","أعمدة سداسية - زوجية"
"Grid Size","حجم الشبكة"
"Grid Offset Position","موازنة موقع الشبكة"
"Grid Scale","مقياس الشبكة"
"Distance","المسافة"
"Units","وحدات القياس"
"Ambience and Atmosphere","البيئة والجو"
"Configure additional integrations between this scene and Journal Entries, Audio Playlists, or Weather Effects.","إعداد إندماجات إضافية بين هذا المشهد ومدخلات المذكرة، أو قوائم التشغيل الصوتية، أو التأثيرات الجوية."
"Details and Dimensions","التفاصيل والأبعاد"
"Configure the basic details for this scene and permissions which control its visibility.","إعداد التفاصيل الأساسية لهذا المشهد والصلاحيات التي تتحكم برؤيته."
"Grid Configuration","إعداد الشبكة"
"Configure the grid dimensions which are used to measure token movement in this scene.","إعداد أبعاد الشبكة التي تستخدم لقياس حركة الرمز في هذا المشهد."
"Vision and Lighting","الرؤية والإضاءة"
"Configure the vision, lighting, and fog of war settings which apply to this Scene.","إعداد إعدادات الرؤية، والإضاءة، وضباب الحرب التي تنطبق في هذا المشهد."
"Initial View Position","موقع الرؤية الإبتدائية"
"Capture Current View","إلتقاط الرؤية الحالية"
"Set a default camera position that is displayed the first time this Scene is viewed.","وضع موقع كاميرا اعتيادي يظهر أول مرة تتم رؤية هذا المشهد فيه."
"Loading {name}","تحميل {name}"
"Navigation Name","الاسم الملاحي"
"An alternative name for the Scene that is displayed in the Navigation Bar instead of the actual Scene name.","اسم بديل للمشهد يظهر في الشريط الملاحي بدلاً من الاسم الحقيقي للمشهد."
"Scene Notes","ملاحظات المشهد"
"Padding Percentage","نسبة البطانة"
"pixels","البكسلات"
"Preload Scene","تحميل المشهد مسبقاً"
"Scene Name","اسم المشهد"
"View Scene","رؤية المشهد"
"Journal Notes","ملاحظات المذكرة"
"A linked Journal Entry which provides notes for the Game Master about this Scene.","مدخلة مذكرة مرتبطة توفر ملاحظات لمنظم اللعبة عن هذا المشهد."
"Navigation","الملاحة"
"Offset Background","موازنة الخلفية"
"Horizontal","أفقياً"
"Vertical","عمودياً"
"Token Vision","رؤية الرمز"
"Restrict visibility within this Scene to the shared vision of all controlled Tokens. If disabled, the entire Scene is visible.","تقييد الرؤية داخل هذا المشهد بناءً على الرموز المتحكم بها ورؤيتهم."
"Toggle Navigation","تبديل الملاحة"
"units","وحدات القياس"
"Weather Effect","تأثير جوي"
"Configure an active Weather Effect which is present within this Scene.","إعداد تأثير جوي نشط موجود في هذا المشهد."
"Configure Settings","ضبط الإعدادات"
"Controls Reference","مراجع التحكم"
"View Documentation","رؤية التوثيق"
"Invitation Links","روابط الدعوة"
"Manage Modules","إدارة الوحدات"
"View Active Modules","رؤية الوحدات النشطة"
"Configure Game Settings","ضبط إعدادات اللعبة"
"Update Software","تحديث البرنامج"
"Log Out","خروج"
"User Management","ضبط اللاعبين"
"Reset Defaults","إعادة تعيين الإعتياديات"
"Save Changes","حفظ التغييرات"
"Return to Setup","العودة إلى الإعدادات الرئيسية"
"General Information","المعلومات العامة"
"Game Settings","إعدادات اللعبة"
"Help and Documentation","المساعدة والتوثيق"
"Game Access","وصول اللعبة"
"Community Wiki Pages","صفحات ويكي المجتمع"
"Token Vision Animation","تحريك رؤية الرمز"
"Animate Token vision and light changes during Token movement animations. Disabling this will improve performance for lower-end machines.","تحريك رؤية الرمز وتغيرات الضوء أثناء تحريكات حركة الرمز. إلغاء هذه سوف يحسن الأداء في الأجهزة الأدنى."
"Light Source Animation","تحريك مصدر الضوء"
"Allow light source animations. Disabling this will improve performance for lower-end machines.","السماح بتحريك مصدر الضوء. إلغاء هذا سوف يحسن الأداء في الأجهزة الأدنى."
"Disable Pixel Resolution Scaling","إلغاء مقايسة دقة البسكلات"
"Disable automatic scaling of the canvas resolution to the pixel density of the display device. This will result in a reduction in visual quality but an improvement in application performance for high-density displays.","إلغاء المقايسة التلقائية لدقة اللوحة إلى كثافة البكسلات في جهاز العرض. هذا سوف ينتج انخفاض الجودة المرئية لكن تحسين في أداء التطبيق للشاشات ذات الكثافة العالية."
"Language Preference","خيارات اللغة"
"Change the displayed language for Foundry Virtual Tabletop.","تغيير اللغة المعروضة في FoundryVTT."
"Left-Click to Release Objects","نقرة رز الأيسر للفأرة لإطلاق الأشياء."
"When enabled, a left click on empty canvas space will release any currently controlled objects. If disabled, objects are released by selecting an empty space, shift-clicking the object, or pressing the escape key.","عند التفعيل، نقرة بالزر الأيسر للفأرة على مساحة لوحة فارغة سوف تطلق الأشياء المتحكم بها. إذا ألغيت، الأشياء تطلق عبر إختيار مساحة فارغة، أو النقر على الشيء أثناء الضغط على مفتاح Shift، أو الضغط على مفتاح Escape."
"Enable Chat Bubbles","تفعيل فقاعات المحادثة"
"Configure whether or not chat bubbles will be displayed above Tokens for in-character and emote type chat messages.","إعداد ما إذا كانت فقاعات المحادثة تظهر فوق الرموز لتقمص الشخصية ورسائل المحادثة من نوع emote."
"Pan to Token Speaker","تحريك الكاميرا إلى الرمز المتحدث"
"Configure whether to automatically pan the camera to a speaking token when it displays a chat bubble.","Cإعداد ما إذا الكاميرا تتحرك تلقائياً إلى الرمز المتحدث عندما تظهر فقاعة محادثة."
"Maximum Framerate","أقصى معدل الإطارات"
"Limit the maximum framerate at which Foundry Virtual Tabletop will render canvas updates. Lowering this value may improve application performance for less powerful hardware.","حصر أقصى معدل الإطارات الذي تعالجها FoundryVTT في تحديثات اللوحة. خفض هذه القيمة سوف يحسّن أداء التطبيق للمعدات الأقل قوة."
"Zoomed Texture Antialiasing","تحسين حواف النيسج المكبر"
"Compute mipmaps to antialias sprite textures at lower levels of zoom. This is a client setting as different users may prefer different visual styles.","حساب mipmaps إلى تحسين حواف نسيج الصور الصغيرة في المستويات الدنيا للتكبير. هذا إعداد العميل حيث قد يرغب مستخدم آخر أنماط رؤية مختلفة."
"Enable Soft Shadows","تفعيل الظلال الناعمة"
"Enable soft shadows for more beautiful dynamic lighting, or disable it for improved performance on machines with lower-end hardware.","تشغيل الظلال الناعمة لإضائة ديناميكية أجمل، أو إلغاءها لتحسين أداء الأجهزة ذات المعدات المنخفضة."
"Core Settings","الإعدادات الأساسية"
"Module Settings","إعدادات الوحدات"
"System Settings","إعدادات النظام"
"Token Drag Vision","رؤية سحب الرمز"
"When enabled, vision and lighting for a Token is previewed in real time during a left-click drag workflow. This is disabled by default because it may promote undesirable meta-gaming behaviors.","عند التفعيل، الرؤية والضوء للرمز يمكن مشاهدتهم أثناء عملية سحب بالنقر الأيسر. هذا ملغي إعتيادياً لأنه يشجع سلوكيات meta-gaming."
"Core Software Version","إصدار البرنامج الأساسي"
"If an update to the core Foundry Virtual Tabletop software is available, you may apply it here. You are currently using version {coreVersion}.","إذا وجد تحديث للنظام الأساسي لبرنامج FoundryVTT، يمكنك تطبيقه هنا. أنت الآن تستخدم الإصدار {coreVersion}."
"Default Language","اللغة الإعتيادية"
"You may choose a default language for the application by choosing a module which provides the core translation files for that language.","يمكنك إختيار اللغة الإعتيادية للتطبيق بإختيار وحدة توفر ملفات ترجمة أساسية في تلك اللغة."
"Software Configuration","إعدادات البرنامج"
"Software Update","تحديث البرنامج"
"A {type} update to {channel} version {version} is now available!","تحديث جديد لـ {channel} الإصدار {version} متوفر الآن!"
"Configuration","إعدادات"
"These fields customize the behavior of the Foundry Virtual Tabletop application. Changes will require the server to restart.","هذه الحقول تخصص سلوكيات تطبيق FoundryVTT. التغييرات سوف تتطلب إعادة تشغيل الخادم."
"Optimize Static Files","تحسين الملفات الساكنة"
"Reduce network traffic by serving minified static JavaScript and CSS files. Enabling this setting is recommended for most users, but module developers may wish to disable it.","تقليل ازدحام الشبكة عبر تقديم ملفات JavaScript وCSS ساكنة مصغرة. ينصح تفعيله لمعظم المستخدمين، لكن مطوري الوحدات قد يرغبون في إلغاءه."
"Add-on Modules","الوحدات الإضافية"
"Game Systems","أنظمة اللعب"
"Configuration and Setup","الإعداد والتنصيب"
"Update Software","تحديث البرنامج"
"Update All","تحديث الجميع"
"Software Update Channel","قناة تحديث البرنامج"
"You may choose an update channel to control the types of updates you wish to receive for the core Foundry Virtual Tabletop software. If you do not have a specific reason to change this, it is recommended to consume the Release channel.","قد تود إختيار قناة تحديث للتحكم بأنواع التحديثات التي تود الحصول عليها لبرنامج FoundryVTT الأساسي. إذا ليس لديك سبب معين لتغيير هذا، ينصح بإستخدام قناة النشر."
"Update","التحقق من التحديث"
"Check For Update","البحث عن تحديثات"
"Alpha (Unstable)","ألفا (غير مستقر)"
"Beta (Release Candidate)","بيتا (مرشح للنشر)"
"Release (Stable)","نشر (مستقر)"
"Checking the Force Update box will force your version to the requested channel. Do not use this option unless you know exactly what you are doing.","تعليم صندوق فرض التحديث سوف يفرض إصدارك إلى القناة المطلوبة. لا تستخدم هذا الخيار إلا إذا كنت تعلم تماماً ماذا تفعل."
"Uninstall","إلغاء التنصيب"
"Create World","صنع عالم"
"Delete World","حذف عالم"
"Edit World","تحرير عالم"
"Launch World","إطلاق عالم"
"Game Worlds","عوالم الألعاب"
"Requires Update","يتطلب تحديث"
"Requires System Update","النظام يتطلب تحديث"
"Requires Dependency","يتطلب تبعيات"
"Requires Core Update","يتطلب تحديث الأساس"
"Compatibility Unknown","التوافق غير معروف"
"Compatibility Risk","مخاطرة توافق"
"Manifest URL","رابط URL البيان"
"You can install any package by providing a direct link to its JSON manifest URL.","يمكنك تنصيب أي حزمة بتوفير رابط مباشر إلى رابط URL بيان JSON."
"Install Module","تنصيب وحدة"
"Install System","تنصيب نظام"
"{type} {name} was installed successfully","تم تنصيب {type} {name} بنجاح"
"Installation failed: {message}","فشل التنصيب: {message}"
"Install World","تنصيب عالم"
"uninstalled successfully","نجح إلغاء التنصيب"
"Uninstallation failed","فشل إلغاء التنصيب"
"updated successfully","نجح التحديث"
"Update failed","فشل التحديث"
"Loading Available Packages","تحميل الحزم المتوفرة"
"Filter Packages","تصفية الحزم"
"You can filter available packages by name.","يمكنك تصفية الحزم المتوفر حسب الاسم."
"Package Categories","تصنيفات الحزم"
"Installed","منصب"
"Not Owned","غير مملوك"
"All Packages","جميع الحزم"
"Installed Only","المنصبة فقط"
"Uninstalled Only","الغير منصبة فقط"
"{title} has {number} dependencies which are not yet installed.","الحزمة التي قمت بتنصيبها لديها {number} تبعيات غير منصبة بعد."
"Install Package Dependencies","تنصيب حزم التبعيات"
"You may not be able to use this package if these dependencies are not present. Do you wish to install them automatically?","قد لا تستطيع استخدام هذه الحزمة إذا لم تتوفر التبعيات. هل تود تنصيبهم تلقائياً؟"
"You have chosen not to install the required dependency packages for {title}. You will need to install them manually.","لقد اخترت ألا تقوم بتنصيب الحزم التبعية لـ {title}. سوف تحتاج أن تنصبهم يدوياً."
"Successfully installed {title} and {number} dependencies.","تم تنصيب {title} و {number} تبعيات بنجاح."
"An update is available for {name} but cannot be installed because it requires core software version {vreq} and you are currently using version {vcur}.","يوجد تحديث متوفر لـ {name} لكن لا تستطيع تنصيبه لأنه يتطلب اصدار البرنامج الأساسي {vreq} وأنت تستخدم الإصدار {vcur}."
"In order to update Foundry Virtual Tabletop you will need to be connected to the internet and have a valid software license.","لتحديث FoundryVTT يجب أن تكون مرتبطاً بالإنترنت ولديك رخصة برنامج صحيحة."
"This update is a new major version of the Foundry Virtual Tabletop software. Installing this update will require some installed modules which may not yet be compatible to be disabled.","هذا التحديث هي نسخة جديدة كبرى من برنامج FoundryVTT. تنصيب هذا التحديث سوف يتطلب إلغاء بعض الوحدات المنصبة التي قد لا تكون متوافقة بعد."
"Download Update {version}","تحميل التحديث {version}"
"An update to Foundry Virtual Tabletop version {version} is available!","تحديث FoundryVTT الإصدار {version} متوفر الآن!"
"World Data Migration Required","نقل بيانات العالم مطلوب"
"<p>Launching the world <strong>{world}</strong> will migrate its data model from an older core software version {oldVersion} to the currently installed version {newVersion}.</p><p>As part of this process, <strong>{nIncompatible} out of {nModules} installed modules</strong> which may not yet be compatible with the new version will be automatically disabled. You may re-enable them manually if you wish.</p><p>Please check for any available updates to your game systems and modules, and please be sure to periodically back up your critical world data. Would you like to proceed?</p>","<p> إطلاق عالم <strong>{world}</strong> سوف ينقل بيانات النموذج من نظام أساسي قديم ذا إصدار {oldVersion} إلى الإصدار المنصب حالياً {newVersion}.</p><p> كجزء من هذه العملية، <strong>{nIncompatible} من بين {nModules} حزم منصبة</strong> والتي قد لا تكون متوافقة مع الإصدار الجديد سوف يتم إلغاء تفعيلها تلقائياً. تستطيع إعادة تفعيها يدوياً إذا أردت.</p><p> الرجاء التحقق من وجود أي تحديثات متوفرة لأنظمة اللعب والوحدات، وتأكد من عمل نسخ إحتياطية من بيانات عالمك المهمة. هل تود الإستمرار؟</p>"
"Foundry Virtual Tabletop &bull; Administrator Access","FoundryVTT  &bull; وصول مدير البرنامج"
"Administrator Password","كلمة مرور مدير البرنامج"
"You may assign a special administrator password which is required in order to access this setup screen.","يمكنك تعيين كلمة مرور مدير البرنامج خاصة والتي تكون مطلوبة للوصول إلى صفحة الإعداد هذه."
"Admin Log Out","خروج مدير البرنامج"
"AWS Configuration Path","مسار إعداد AWS"
"You may provide an AWS configuration file for S3 integration. The path is absolute or relative to the Config subdirectory of user data.","يمكنك توفير ملف إعداد AWS من أجل إدماج S3. المسار مطلق أو تقريبي للسجل الفرعي الإعدادي لبيانات المستخدم."
"Port","منفذ"
"You may choose which port Foundry Virtual Tabletop uses for TCP connection traffic and enable or disable Universal Plug and Play (UPnP).","يمكنك إختيار أي منفذ تستخدمه FoundryVTT لمرور اتصال TCP وتفعيل أو إلغاء التوصيل والتشغيل العالمي (UPnP)."
"Enable UPnP?","تفعيل UPnP؟"
"User Data Path","مسار بيانات المستخدم"
"Configure the location where your user data including worlds, systems and modules are stored.","إعداد الموقع الذي سوف تحفظ فيه بيانات المستخدم، متضمنة العوالم والأنظمة والوحدات."
"Default World","العام الإعتيادي"
"You may choose one of your available worlds to automatically launch when the software is started.","يمكنك إختيار إحدى عوالمك المتوفرة لتنطلق تلقائياً عند بدء البرنامج."
"SSL Certificate","Sشهادة SSL"
"SSL Private Key","مفتاح SSL الخاص"
"You may run the server using secure socket layer (SSL) encryption by providing paths to certificate and key files. Paths are absolute or relative to the Config subdirectory in user data.","يمكنك تشغيل خادمك بإستخدام تشفير طبقة مقبس آمنة (SSL) عبر توفير مسارات إلى ملفات الشهادة والمفتاح. المسارات مطلقة أو المقاربة إلى سجل الإعدادات الفرعي في بيانات المستخدم."
"This Sheet","هذه الصفحة"
"Default Sheet","الصفحة الإعتيادية"
"Override which sheet type you would like to use for this specific entity.","فرض تصنيف الصفحة الذي تود إستخدامه مع هذا الكيان تحديداً."
"Set the default sheet type used for this entity type (GM Only).","وضع تصنيف الصفحة الإعتيادي لهذا النوع من الكيانات (منظم اللعبة فقط)."
"You do not have sufficient permissions to view this entity sheet.","ليست لديك الصلاحية الكافية لرؤية صفحة هذا الكيان."
"Save Sheet Configuration","حفظ إعدادات الصفحة"
"View Character Artwork","رؤية رسمة الشخصية"
"Collapse or Expand","طي أو توسعة"
"Delete","حذف"
"Duplicate","استنساخ"
"Export Data","تصدير البيانات"
"Ambient Sound Configuration","إعدادات البيئة الصوتية"
"Configure the ambient sound to play an audio file when tokens move within it's radius.","إعداد البيئة الصوتية لتشغيل ملف صوتي عندما رموز تتحرك ضمن قطرها."
"Create Ambient Sound","صنع صوت بيئي"
"Update Ambient Sound","تحديث الصوت البيئي"
"Source File Path","مسار ملف المصدر"
"Effect Radius","قطر التأثير"
"Local Sound","صوت محلي"
"Global Sound","صوت عالمي"
"Volume Easing","تدرج ارتفاع الصوت"
"Adjust the volume level of the sound as Tokens move closer to the origin.","تعديل مستويات ارتفاع الصوت بإقتراب الرموز من المصدر."
"Maximum Volume","أقصى إرتفاع للصوت"
"Define the maximum volume of the sound at it's origin point (if easing) or everywhere in the area.","تحديد أقصى إرتفاع للصوت في نقطة أصله (إذا تدرج) أو في كل مكان بالمساحة."
"Clear Folder","مسح مجلد"
"Folder Color","لون المجلد"
"Create Folder","صنع مجلد"
"Collapse All Folders","طي جميع المجلدات"
"Delete All","حذف الكل"
"Edit Folder","تحرير المجلد"
"Export to Compendium","إصدار إلى جامع"
"Folder Name","اسم المجلد"
"Remove Folder","إزالة المجلد"
"Alphabetical","أبجدياً"
"Manual","يدوياً"
"Update Folder","تحديث المجلد"
"Export Content","تدصير المجتوى"
"You may export contained entities from this folder into an unlocked Compendium pack of the appropriate type.","يمكنك تصدير الكيانات المحتواة في هذا المجلد إلى حزمة جامع غير مغلقة من النوع المناسب."
"Destination Pack","حزمة الوجهة"
"Merge By Name?","دمج حسب الاسم؟"
"There are no unlocked compendium packs available for {type} entities which you can export to.","لا توجد حزم جامع غير مغلقة متوفرة لكيانات {type} تستطيع التصدير إليها."
"Create Rollable Table","صنع جدول رمي"
"Create a new Rollable Table entity using the contents of this Folder as table results?","صنع كيان جدول رمي جديد بإستخدام محتويات هذا المجلد كنتيجة الجدول؟"
"None","لا يوجد"
"Limited","محدود"
"Observer","مشاهد"
"Owner","مالك"
"Default","إعتيادي"
"No Change","لا تغيير"
"All Players","جميع اللاعبين"
"Configure Permissions","ضبط الصلاحيات"
"Open Permission Configuration","فتح ضبط الصلاحيات"
"Fine tune the permitted actions which are allowed to Users for each role.","ضبط الأفعال المصرح بها للمستخدمين في كل وظيفة."
"Permission Configuration","ضبط الصلاحيات"
"Configure which User role has permission to perform which action. Note that some actions cannot be disabled for Game Master users. Some changes may not take effect until the game is reloaded.","ضبط أي وظيفة مستخدم لديها الصلاحية لأداء أي فعل. إنتبه أن بعض الأفعال لا يمكن إلغاءها لمستخدمي منظم اللعبة. بعض التغييرات قد لا تتنشط إلى أن يتم إعادة تحميل اللعبة."
"Configure access for all Entities within this Folder. Changes will be applied to all contained Entities, excluding the contents of sub-folders.","ضبط الوصول لكل الكيانات في هذا المجلد. التغييرات سوف يتم تطبيقها لكل الكيانات المحتواة، بإستثناء المجلدات الفرعية."
"Configure access to this specific Entity, allowing each User to be assigned a different level of visibility.","ضبط الوصول إلى هذا الكيان تحديداً، سامحاً لكل مستخدم درجة مختلفة من الرؤية."
"Permission","صلاحية"
"User Role Permissions","صلاحيات وظيفة المستخدم"
"Reset Defaults","إعادة ضبط الإعتياديات"
"Save Configuration","حفظ الإعدادات"
"Allow Broadcasting Audio","السماح ببث الصوت"
"Allow players with this role to broadcast audio when using A/V chat integration.","السماح للاعبين ذوي هذه الوظيفة البث الصوتي عند استخدام ادماجية محادثة الصوت/الصورة."
"Allow Broadcasting Video","السماح ببث فيديو"
"Allow players with this role to broadcast video when using A/V chat integration.","السماح للاعبين ذوي هذه الوظيفة البث الفيديو عند استخدام ادماجية محادثة الصوت/الصورة."
"Create New Actors","صنع ممثلين جدد"
"Allow players with this role to create new Actors in the World.","السماح للاعبين ذوي هذه الوظيفة صنع ممثلين جدد في العالم."
"Use Drawing Tools","استخدام أدوات الرسم"
"Allow players with this role to create Drawings using the drawing tools.","السماح للاعبين ذوي هذه الوظيفة صنع رسومات بإستخدام أدوات الرسم."
"Create New Items","صنع قطع جديدة"
"Allow players with this role to create new Items in the World.","السماح للاعبين ذوي هذه الوظيفة صنع قطع جديدة في العالم."
"Use File Browser","تصفع مستكشف الملفات"
"Allow players with this role to browse through available files in the File Browser.","السماح للاعبين ذوي هذه الوظيفة التصفح عبر الملفات المتوفرة في مستكشف الملفات"
"Upload New Files","رفع ملفات جديدة"
"Allow players with this role to upload content to the server using the File Browser.","السماح للاعبين ذوي هذه الوظيفة رفع المحتوى إلى الخادم مستخدماً مستكشف الملفات."
"Create Journal Entries","صنع مدخلات مذكرة"
"Allow players with this role to create new Journal Entries in the Journal sidebar.","السماح للاعبين ذوي هذه الوظيفة صنع مدخلات مذكرة في شريط المذكرة الجانبي."
"Use Script Macros","استخدام Script Macros"
"Allow players with this role to use JavaScript macros which access the API.","السماح للاعبين ذوي هذه الوظيفة بإستخدام JavaScript macros التي تستطيع الوصول إلى API."
"Whisper Private Messages","همس الرسائل الخاصة"
"Allow players with this role whisper private messages that the Game Master cannot see.","السماح للاعبين ذوي هذه الوظيفة همس الرسائل الخاصة التي لا يستطيع منظم اللعبة رؤيتها."
"Modify Configuration Settings","تعديل ضبط الإعدادات"
"Allow players with this role to modify game settings and enable or disable modules.","السماح للاعبين ذوي هذه الوظيفة تعديل إعدادت اللعبة وتشغيل أو إلغاء الوحدات."
"Display Mouse Cursor","إظهار مؤشر الفأرة"
"Display the position of the player's mouse cursor which illustrates where the user is looking on the canvas.","إظهار موقع مؤشر فأرة اللاعب التي توضح أين ينظر في اللوحة."
"Display Ruler Measurement","Dإظهار مقياس المسطرة"
"Display measurement using the ruler tool to other connected players.","إظهار القياس مستخدماً أداة المسطرة للاعبين المرتبطين الآخرين."
"Create Measured Template","صنع قالب قياسي"
"Allow players with this role to create templates for area-of-effect measurement.","السماح للاعبين ذوي هذه الوظيفة صنع قوالب قياس مساحة التأثير."
"Create New Tokens","صنع رموز جديدة"
"Allow players with this role to place Tokens for Actors they own on the game canvas.","السماح للاعبين ذوي هذه الوظيفة وضع رموز للمثلين الذين يمتلكونهم على لوحة اللعبة."
"Configure Token Settings","ضبط إعدادات الرموز"
"Allow players with this role to configure the settings for Tokens that they own.","السماح للاعبين ذوي هذه الوظيفة ضبط إعدادات الرموز التي يمتلكونها."
"Open and Close Doors","فتح وإغلاق الأبواب"
"Allow players with this role interact with doors defined on the Walls Layer.","السماح للاعبين ذوي هذه الوظيفة التفاعل مع الأبواب المعرّفة على طبقة الجدران."
"Import Data","إستيراد البيانات"
"Create Scene","صنع مشهد"
"Search Scenes","بحث المشاهد"
"Chat Log","سجل المحادثة"
"Combat Tracker","متقفي القتال"
"Scenes Directory","سجل المشاهد"
"Actors Directory","شجل الممثلين"
"Items Directory","سجل القطع"
"Journal Entries","مدخلات المذكرة"
"Audio Playlists","قوائم التشغيل الصوتية"
"Compendium Packs","حزم الجوامع"
"Game Settings","إعدادات اللعبة"
"Rollable Tables","جداول الرمي"
"View Token Artwork","رؤية رسمة الرمز"
"Jump To Pin","الإنتقال إلى المسمار"
"Animate Roll Tables?","تحريك جداول الرمي؟"
"Configure whether to display a roulette-style animation when drawing from a Roll Table.","ضبط ما إذا تحريكات بإسلوب رولت تظهر عندما يتم السحب من جدول رمي."
"Create Table","صنع جدول"
"Table Description","وصف الجدول"
"Display Roll to Chat?","إظهار الرمية في المحادثة؟"
"Roll Table Formula","معادلة جدول الرمي"
"Search Tables","بحث الجداول"
"Table Configuration","ضبط الجدول"
"Normalize Result Weights","تطبيع أوزان النتائج"
"Draw with Replacement?","السحب مع بديل؟"
"Reset","إعادة تعيين"
"Add New Result","إضافة نتيجة جديدة"
"Result Type","نوع النتيجة"
"Result Details","تفاصيل النتائج"
"Delete Result","حذف النتيجة"
"Weight","الوزن"
"Range","المدى"
"Roll","رمي"
"Toggle Drawn Status","تبديل حالة السحب"
"Update","تحديث"
"Cone Template Type","نوع قالب المخروط"
"Choose how the area of effect for cone templates should be defined.","إختر كيف يتم تعريف مساحة تأثير قالب المخروط."
"Flat","مستوي"
"Round","مدور"
"Assign Token","تعيين رمز"
"You must select one existing Token to assign as the new prototype configuration.","يجب أن تختار رمزاً موجود مسبقاً لتعيينه كضبط النموذج الجديد."
"Updated prototype Token configuration for {name}","تحديث ضبط رمز النموذج لـ {name}"
"Attribute Bars","شرائط السمات"
"Single Values","قيم أحادية"
"Represented Actor","الممثل المُمَثّل"
"Token Disposition","سلوك الرمز"
"Configure which Actor this Token is associated with.","Configure which Actor this Token is associated with."
"Link Actor Data","ربط بيانات الممثل"
"Token Name","اسم الرمز"
"Display Name","الاسم الظاهر"
"Alternate Actor Tokens","رموز ممثل بديلة"
"Configure the Token image and its displayed size and scale.","ضبط صورة الرمز وحجم إظهاره والقياس."
"Token Image Path","مسار صورة الرمز"
"Mirror Image Horizontally","عكس الصورة أفقياً"
"Mirror Image Vertically","عكس الصورة عمودياً"
"Configure the Token's position, orientation, and elevation.","ضبط موقع الرمز، والإتجاه، والإرتفاع."
"Lock Rotation","إغلاق الدوران"
"Randomize Wildcard Images","صور بديلة عشوائية"
"Configure the resource bars which are tracked for the Token.","ضبط أشرطة الموارد التي تتابعها للرمز."
"Bar 1 Attribute","شريط السمة 1"
"Bar 1 Data","بيانات السمة 1"
"Bar 2 Attribute","شريط السمة 2"
"Bar 2 Data","بيانات السمة 2"
"Display Bars","إظهار الأشرطة"
"Token Configuration","ضبط الرمز"
"Prototype Token","نموذج الرمز"
"Tint Color","لون التظليل"
"Update Token","تحديث الرمز"
"Configure the vision capability and light emission of this Token.","ضبط قدرات الرؤية وإنبعاث الضوء لهذا الرمز."
"Has Vision","لديه رؤية"
"Bright Vision","رؤية ساطعة"
"Dim Vision","رؤية خافتة"
"Sight Angle","زاوية الرؤية"
"Hostile","معادي"
"Neutral","محايد"
"Friendly","صديق"
"Never Displayed","عدم الإظهار أبداً"
"When Controlled","عند التحكم به"
"Hovered by Owner","عند المرور من قبل المالك"
"Hovered by Anyone","عند المرور من قبل أي شخص"
"Always for Owner","دائماً للمالك"
"Always for Everyone","دائماً للجميع"
"None","لا يوجد"
"Player","لاعب"
"Trusted Player","لاعب موثوق به"
"Assistant GM","مساعد منظم اللعبة"
"Game Master","منظم اللعبة"
"Password","مفتاح الوصول"
"User Role","وظيفة المستخدم"
"User Name","اسم المستخدم"
"Show Password","إظهار مفتاح الوصول"
"Create Additional User","صنع مستخدم إضافي"
"Delete User","حذف مستخدم"
"Save and Return","حفظ والعودة"
"User Management","إدارة المستخدمين"
"Game users updated successfully, returning to the game World.","تم تحديث مستخدمي اللعبة بنجاح، جاري العودة إلى عالم اللعبة."
"You must have at least one Game Master user within your World.","يجب أن يكون لديك مستخدم منظم لعبة واحد على الأقل في عالمك."
"Wall Configuration","ضبط الجدار"
"Wall Configuration [Multiple]","ضبط الجدار [متعدد]"
"Customize how this wall segment restricts movement or senses.","تخصيص كيف تقوم تقسيمات الجدار هذه بمنع الحركة أو الحواس."
"Wall Coordinates","إحداثيات الجدار"
"Movement Restrictions","موانع الحركة"
"Wall Direction","إتجاه الجدار"
"Is Door?","هل هذا باب؟"
"Door State","حالة الباب"
"Update Wall","تحديث الجدار"
"World Details","تفاصيل العالم"
"World Description","وصف العالم"
"Audio/Video Configuration","ضوابط الصوت والفيديو"
"Configure Audio/Video","ضبط الصوت والفيديو"
"Configure settings specific to the integrated Audio/Video WebRTC component","ضبط الإعدادات الخاصة بإدماج مكونات WebRTC الخاصة بالصوت والفيديو"
"<Unknown Device>","<جهاز غير معروف>"
"Video Capture Device","جهاز التقاط الفيديو"
"Select which video capture device you wish to use, if any.","إختر أي جهاز التقاط فيديو تريد إستخدامه، إن وجد."
"Audio Capture Device","جهاز التقاط الصوت"
"Select which audio capture device you wish to use, if any.","إختر أي جهاز التقاط صوت تريد إستخدامه، إن وجد."
"Audio Output Device","جهاز مخرجات الصوت"
"Select which audio output device you wish to use.","اختر أي جهاز مخرجات الصوت تريد إستخدامه."
"Audio/Video communication was unable to start because one of the configured input devices was unavailable.","التواصل عبر الصوت/الفيديو لم يكن قادراً على البدء لأن إحدى أجهزة الإدخال المعدّة ليس متوفراً."
"Disable Sending Camera","إلغاء إرسال الكاميرا"
"Disable Sending Audio","إلغاء إرسال الصوت"
"Disable Audio Output","إلغاء مخرجات الصوت"
"Default Device","الجهاز الإعتيادي"
"Unavailable Device (will use Default)","جهاز غير متوفر (سوف يتم استخدام الاعتيادي)"
"Choose Signalling Server","إختر خادم البث"
"Signalling Server URL","رابط URL الخاص بخادم الث"
"Foundry VTT","Foundry VTT"
"Custom Server","خادم مخصص"
"Signalling Server Username","اسم مستخدم خادم البث"
"Signalling Server Password","كلمة مرور خادم البث"
"Relay Server Configuration","ضبط خادم الترحيل"
"Provided by Signalling Server","تم توفيره من قبل خادم البث"
"Custom Relay Server","خادم ترحيل مخصص"
"Relay Server URL","رابط URL خادم الترحيل"
"Relay Server Username","اسم مستخدم خادم الترحيل"
"Relay Server Password","كلمة مرور خادم الترحيل"
"General","عام"
"Devices","الأجهزة"
"Server","خادم"
"General Audio/Video Conferencing Settings can only be modified by the GM","إعدادات إجتماع الصوت/الصورة العامة يمكن تعديلها فقط من قبل منظم اللعبة"
"Audio/Video Conferencing Mode","وضع إجتماع الصوت/الصورة"
"Only a Game Master user may change this setting, which will require Foundry VTT to reload.","فقط منظم اللعبة يستطيع أن يغير هذا الإعداد، والذي يتطلب إعادة تحميل FoundryVTT."
"Disabled","إلغاء التشغيل"
"Audio Only","الصوت فقط"
"Video Only","الفيديو فقط"
"Audio/Video Enabled","تفعيل الصوت/الفيديو"
"Toggle video","تبديل ظهور الفيديو"
"Configure Settings","ضبط الإعدادات"
"Send to Dock","إرسال إلى المنصة"
"Pop out","الخروج إلى نافذة"
"Push-to-Talk/Mute Key","إضغط-لتتكلم/زر الصمت"
"Assign a keyboard key which, in PTT mode, enables voice while held. If not in PTT mode, the same key mutes while pressed.","قم بتعيين مفتاح في لوحة المفاتيح، الذي سوف يقوم بتفعيل الصوت أثناء ضغطه في وضع إضغط-لتتكلم. إذا لم تكن في وضع إضغط-لتتكلم، المفتاح ذاته سوف يصمت أثناء الضغط عليه."
"Voice Broadcasting Mode","وضع بث الصوت"
"Choose how your voice is broadcast in AV calls.","إختر كيف يتم بث صوتك في إتصالات الصوت/الفيديو."
"Always Enabled","دائماً مفعل"
"Voice Activation","تفعيل صوتي"
"Push-to-Talk","إضغط-لتتكلم"
"Allow User Video","سماح فيديو المستخدم"
"Block User Video","حجب فيديو المستخدم"
"Allow User Audio","سماح صوت المستخدم"
"Block User Audio","حجب صوت المستخدم"
"Enable Your Video","تفعيل الفيديو خاصتك"
"Disable Your Video","إلغاء الفيديو خاصتك"
"Enable Your Audio","تفعيل الصوت خاصتك"
"Mute Your Audio","تصميت الصوت خاصتك"
"Mute Others' Audio","تصميت الآخرين"
"Unmute Others' Audio","إلغاء تصميت الأخرين"
"Show Players List","إظهار قائمة اللاعبين"
"Hide Players List","إخفاء قائمة اللاعبين"
"Cycle Video Size","الدوران خلال حجم الفيديو"
"Unable to capture from your Audio devices; Sharing Video only","لا تستطيع الإلتقاط عبر أجهزة الصوت خاصتك، مشاركة الفيديو فقط."
"Unable to capture from your Video devices; Sharing Audio only","لا تستطيع الإلتقاط عبر أجهزة الفيديو خاصتك، مشاركة الصوت فقط."
"Unable to capture from your Audio & Video devices","لا تستطيع الإلتقاط عبر أجهزة الصوت والفيديو خاصتك."
"Unable to capture from your Video devices","لا تستطيع الإلتقاط عبر أجهزة الفيديو خاصتك."
"Unable to capture from your Audio devices","لا تستطيع الإلتقاط عبر أجهزة الصوت والفيديو خاصتك"
"Error connection to Audio/Video Signalling Server","خطأ في الإتصال بخادم بث الصوت/الصورة"
"Lost connection to the Audio/Video Signalling server. Trying to re-establish connection.","تم فقدان الإتصال بخادم بث الصوت/الصورة. جاري محاولة إعادة الإتصال."
"WebRTC Error : ","خطأ WebRTC : "
"You cannot use Audio/Video calls unless your Foundry VTT server is using SSL certificates. See the online documentation for instructions.","لا تستطيع إستخدام إتصالات الصوت/الصورة إلا إذا خادم FoundryVTT يستخدم شهادات SSL. إنظر التوثيق عبر الشبكة للتعليمات."
"You cannot enable your camera because you do not have permission to broadcast your video feed.","لا تستطيع تشغيل كاميراتك لأنه ليس لديك الصلاحية لبث الفيديو خاصتك."
"You cannot enable your microphone because you do not have permission to broadcast your audio feed.","لا تستطيع تشغيل لاقط الصوت لأنه ليس لديك الصلاحية لبث الصوت خاصتك."