"en","ca"
"Activate","Activar"
"Angle","Angle"
"Author","Autor"
"Are You Sure?","Està segur?"
"and","i"
"Between","Entre"
"Cancel","Anul·lar"
"Character","Personatge"
"Configure","Configurar"
"Command","Ordre"
"Close","Tancar"
"Degrees","Graus"
"Default","Per defecte"
"Delete","Esborrar"
"Description","Descripció"
"Distance","Distància"
"Direction","Direcció"
"Documentation","Documentació"
"Duplicate","Duplicar"
"Error","Error"
"Grid Units","Unitats de la graella"
"Install","Instalació"
"Elevation","Elevació"
"Foundry Virtual Tabletop","Foundry Virtual Tabletop"
"File Path","Ruta d'arxiu"
"Height","Alçada"
"Hidden","Ocult"
"Hold","Espera"
" Name"," Nom"
"No","No"
"Notes","Notes"
"Preload","Precarregar"
"Token","Token"
"Minimum","Mínim"
"Maximum","Màxim"
"Image","Imatge"
"None","Cap"
"Path","Ruta"
"Packs","Paquets"
"Permissions","Permisos"
"Position","Posició"
"Pixels","Píxels"
"Ratio","Proporció"
"Resources","Recursos"
"Result","Resultat"
"Rotation","Rotació"
"Roll Formula","Fórmula dels daus"
"Commit Changes","Acceptar els canvis"
"Reset Changes","Anul·lar els canvis"
"Save Changes","Guardar els canvis"
"Scale","Escala"
"Scope","Àmbit"
"Seconds","Segons"
"Sheet","Fitxa"
"System","Sistema"
"Software","Programari"
"Template","Plantilla"
"Type","Tipus"
"Uninstall","Desinstal·lar"
"Update","Actualitzar"
"URL","URL"
"Vision","Visió"
"Warning","Advertència"
"Width","Amplada"
"X-Coordinate","Coordenada X"
"Y-Coordinate","Coordenada Y"
"Yes","Si"
"Actors Directory","Personatges"
"Create Actor","Crear un PJ"
"Search Actors","Cercar personatge"
"Are you sure you want to exit the Foundry Virtual Tabletop game?","Està segur que vol sortir de FoundryVTT?"
"Clear Chat Log","Esborrar el xat"
"Export Chat Log","Exportar el xat"
"Flush Chat Log","Enviar el xat"
"All messages within the chat log will be permanently deleted.","<h3>Està Segur?</h3><p>Tots els missatges del xat seran esborrats.</p>"
"{command} is not a valid chat message command.","{command} no és una ordre vàlida."
"Chat Log","Registre del xat"
"To","Parar"
"Pop Out Message","Obrir el missatge en una finestra emergent"
"Reveal To Everyone","Mostrar a tothom"
"Make Private","Fer el missatge privat"
"Blind GM Roll","Tirada oculta (DJ)"
"Default Roll Mode","Tirada per defecte"
"Public Roll","Tirada pública"
"Private GM Roll","Tirada privada (DJ)"
"Self Roll","Tirada personal"
"Rollable Tables","Taules dinàmiques"
"{user} privately rolled some dice","{user} ha fet una tirada en privat"
"Begin Combat","Començar el combat"
"Create Encounter","Crear un enfrontament"
"Delete Encounter","Esborrar l'enfrontament"
"Encounter","Enfrontament"
"Activate Previous Encounter","Enfrontament previ"
"Activate Next Encounter","Enfrontament següent"
"End Combat","Fi del combat"
"Roll Initiative","tirada d'iniciativa"
"Reset Initiative","Reiniciar la iniciativa"
"End Combat Encounter?","Ha acabat l'enfrontament?"
"End this combat encounter and empty the turn tracker?","Vol finalitzar l'enfrontament i abandonar el seguiment dels torns de combat?"
"No Active Encounter","Sense enfrontament actiu"
"There is no active Combat Encounter in your currently viewed Scene.","No hi ha cap enfrontament de combat actiu en l'escena actual."
"There are no Combatants remaining in this Encounter which are not defeated.","No queden combatents no derrotats en aquest enfrontament."
"Not Started","El combat no ha començat"
"Tracked Resource","Atribut a mostrar:"
"Choose an attribute to track for each combatant.","Tria un atribut per seguir de combatent."
"Round","Torn de combat"
"Rounds","Torns"
"Previous Round","Torn anterior"
"Next Round","Torn següent"
"Roll NPCs","Tirada iniciativa pels PNJ"
"Roll All","Tirada iniciativa per tothom"
"{name} rolls for Initiative!","{name} ha fet la tirada d'iniciativa!"
"Combat Tracker Settings","Opcions de l'assistent de combat"
"Save Tracker Settings","Guardar configuració de l'assistent de combat"
"Skip Defeated?","Ignorar els actors vençuts"
"Automatically bypass combatants marked as defeated?","Ignorar automàticament el torn dels vençuts"
"Toggle Visibility","Alternar visibilitat"
"Mark Defeated","Marcar com a vençut"
"Turn","Torn"
"Turns","Torns"
"End Turn","Finalitzar torn"
"Next Turn","Torn següent"
"Previous Turn","Torn anterior"
"Unknown Combatant","Combatent desconegut"
"Represented Actor","Personatge representat"
"Create Combatant","Crear un combatent"
"Defeated","Vençut"
"Hidden","Ocult"
"Thumbnail Image","Imatge en miniatura"
"Initiative Value","Valor d'iniciativa"
"Combatant Status","Estat del combatent"
"Update Combatant","Actualitzar el combatent"
"Displayed Name","Nom mostrat"
"Remove Combatant","Eliminar el combatent"
"Clear Initiative","Reiniciar la iniciativa"
"Re-roll Initiative","Tornar a tirar la iniciativa"
"Represented Token","Token vinculat"
"The Combatant {name} is not present in your currently viewed Scene","El combatent {name} no és present en l'escena mostrada"
"Compendium Name","Nom del compendi"
"Create Compendium","Crear un compendi"
"Create a new Compendium pack in your current World.","Crea un nou compendi en el món de joc actiu."
"Delete Compendium","Esborrar el compendi"
"This Compendium Pack will be permanently deleted and cannot be recovered.","Aquest compendi s'esborrarà permanentment i no es podrà recuperar."
"Delete Entry","Esborrar l'entrada"
"This Compendium entry and its data will be permanently deleted.","Aquesta entrada de compendi i totes les seves dades s'esborraran permanentment."
"Duplicate Compendium","Duplicar compendi"
"New Compendium Title","Nou títol del compendi"
"You may duplicate this compendium into your World to have a local copy of its content which is safe to edit.","Pots duplicar aquest compendi en el seu món de joc per editar de manera segura una còpia local."
"You must provide a title to create a World Compendium pack.","Has de proporcionar un títol per crear un paquet de compendi en el món."
"Import All Content","Importar tot"
"All of the content from this Compendium pack will be imported into your World to a Folder which you may name.","S'importarà tot el contingut d'aquest paquet de compendi a una carpeta (has d'especificar un nom) del món actual."
"Importing {number} {type} entries into the {folder} folder. Please be patient.","Important {number} entrades de {type} a la carpeta {folder}. Si us plau, esperi."
"Successfully imported {number} {type} entries into the {folder} folder.","S'han importat amb èxit {number} entrades de {type} a la carpeta {folder}."
"Import Entry","Importar una entrada"
"Document Type","Tipus de document"
"Each Compendium pack contains a specific type of Document.","Cada compendi conté documents d'un tipus específic."
"Toggle Visibility","Alternar visibilitat"
"Toggle Edit Lock","Alternar bloqueig d'edició"
"You are attempting to unlock for editing a compendium that does not belong to this World. Any changes you make in this compendium pack may be lost if the system or module which owns it is updated. You may wish to duplicate the compendium to your world instead. Do you wish to proceed?","Està intentant desbloquejar l'edició d'un compendi que no pertany a aquest món de joc. Qualsevol canvi que faci en aquest compendi podria perdre's si s'actualitza el sistema o el mòdul on sigui. Potser prefereix duplicar el compendi en el seu món de joc en el seu lloc. Vol continuar?"
"Game Controls Reference","Controls del joc"
"This form describes common keyboard and mouse commands used to control various aspects of the Foundry Virtual Tabletop environment. Some controls are only available to a Game Master user, those are highlighted in light purple.","Aquest formulari descriu els comandaments principals del teclat i el ratolí utilitzats per controlar diversos aspectes de Foundry Virtual Tabletop."
"Token Controls","Controls dels tokens"
"Select Tokens","Seleccionar tokens"
"Select Targets","Seleccionar objetius"
"Measure Distance","Mesurar distància"
"Measurement Controls","Controls de mesura"
"Template Type","Tipus de mesura"
"Border Color","Color de la vora"
"Configure the placement and display of the measurement template.","Configura la mesura."
"Circle Template","Plantilla cercle"
"Cone Template","Plantilla con"
"Rectangle Template","Plantilla rectangle"
"Ray Template","Plantilla línia"
"Clear Templates","Esborrar els mesuraments"
"Template Texture","Textura de la plantilla"
"Tile Controls","Controls de rajoles"
"Select Tiles","Seleccionar rajoles"
"Place Tile","Col·locar rajoles"
"Foreground Layer","Capa de primer pla"
"Tile Browser","Biblioteca de rajoles"
"Drawing Tools","Eines de dibuix"
"Select Drawings","Seleccionar dibuixos"
"Draw Rectangle","Rectangle"
"Draw Ellipse","El·lipse"
"Draw Polygon","Polígon"
"Draw Freehand","Ma alçada"
"Draw Text","text"
"Clear Drawings","Esborrar dibuixos"
"Configure Drawing","Opcions de dibuix"
"Wall Controls","Controls de mur"
"Draw Walls","Mur normal"
"Invisible Walls","Mur invisible"
"Terrain Walls","Mur de terreny"
"Ethereal Walls","Mur eteri"
"Draw Doors","Porta normal"
"Secret Doors","Porta secreta"
"Rectangular Select Walls","Seleccionar mur"
"Force Snap to Grid","Forçar Ajust a graella"
"Clone Walls","Clonar porta"
"Clear Walls","Esborrar el mur"
"Lighting Controls","Controls d'il·luminació"
"Draw Light Source","Dibuixar font de llum"
"Clear Lights","Esborrar els llums"
"Reset Fog of War","Reiniciar boira de guerra"
"Transition to Daylight","Canviar a llum diürna"
"Transition to Darkness","Canviar a foscor"
"Reset Fog of War Exploration?","Restablir la boira de guerra?"
"This will reset fog of war for this Scene for all players.","La boira de guerra d'aquesta escena es restablirà per tots els jugadors."
"Ambient Sound Controls","Controls de so ambiental"
"Draw Ambient Sound","Crea una font de so ambiental"
"Preview Ambient Sounds","Previsualitza el so ambiental"
"Clear Sounds","Esborrar el so"
"Journal Notes","Notes del diari"
"Select Notes","Seleccionar nota"
"Toggle Notes Display","Alternar visibilitat de notes"
"Clear Notes","Esborrar notes"
"Clear All Objects","Esborrar tots els objectes"
"Permanently delete all {type} objects from this Scene?","Esborrar de forma permanent tots els objectes {type} d'aquesta escena?"
"General Game Controls","Controls de joc"
"These controls generally apply across all aspects of Foundry functionality.","Aquests controls s'apliquen generalment a tots els aspectes de la funcionalitat de Foundry."
"Canvas Layer Controls","Controls de llenç de joc"
"These controls apply when interacting with a specific Canvas layer.","Aquests controls s'apliquen quan s'interactua amb una capa específica del llenç de joc."
"Placeable Object Controls","Controls dels objectes posicionables"
"These controls apply when interacting with an Object placed on the Canvas.","Aquests controls s'apliquen quan s'interactua amb un objcete del llenç de joc."
"Specialized Controls","Controls especials"
"These controls apply only during specific interactions.","Aquests controls s'apliquen només durant interaccions específiques."
"Mouse Controls","Controls del ratolí"
"Keyboard Controls","Controls del teclat"
"Toggle Main Menu","Obrir/tancar el menú principal"
"Close Open Windows","Tancar finestres obertes"
"Toggle Game Pause","Alternar pausa (GM)"
"Cancel Pending Move","Anul·lar el moviment pendent"
"Move Object","Moure l'objecte"
"Pan Canvas","Moure el llenç de joc"
"Select Object","Seleccionar objecte"
"Add or Remove Selected Objects","Afegir o treure objectes seleccionats"
"Use Active Tool","Emprar eina activa"
"Cancel Left-Drag Operation","Anul·lar arrossegament amb clic esquerre."
"Zoom Canvas","Acostar/allunyar el llenç de joc"
"Left Click","Clic esquerre"
"Double Left Click","Doble-clic esquerre"
"Left-Click Drag","Clic esquerre i arrossegar"
"Double","Doble"
"Right-Click","Clic dret"
"Drag","Arrossegament"
"Drop","Deixar anar"
"during","Durant"
"Highlight Canvas Objects","Destacar objectes del llenç de joc"
"Pan Canvas","Moure el llenç de joc"
"Zoom In","Acostar la vista"
"Zoom Out","Allunyar la vista"
"Cycle Tokens or Reset View","Alternar tokens o reiniciar vista"
"Keyboard Movement (Tokens or Tiles)","Moviment del teclat (tokens o rajoles)"
"Diagonal Movement","Moviment diagonal"
"Face Direction","Direcció de visió"
"Delete Selected Objects","Esborrar els objectes seleccionats"
"Copy Canvas Elements","Copiar objectes del llenç de joc"
"Paste Canvas Elements","Enganxar objectes en el llenç de joc"
"Undo Canvas Operation","Desfer operació en el llenç de joc"
"Activate Hotbar Slot","Activar casella de la barra d'accés ràpid"
"Ruler Measurement","Mesurar amb regle"
"Measure Distance with Ruler","Mesurar distància amb regle"
"Place Measurement Waypoint","Col·locar punt de referència"
"Move Token on Measured Path","Moure token pel camí mesurat"
"while measuring from a Token","mentre es mesura des del token"
"Open Referenced Object Sheet","Obrir fitxa de l'objecte"
"Display Object HUD (If Applicable)","Mostrar HUD de l'objecte (si cal)"
"Open Object Configuration Sheet","Obrir full de configuració de l'objecte"
"Move Controlled Objects","Moure els objectes seleccionats"
"Cancel Drag Workflow","Anul·lar arrossegament"
"Rotate Object (Slow)","Girar l'objecte (lent)"
"Rotate Object (Fast)","Girar l'objecte (ràpid)"
"Bypass Snap-to-Grid","Ignorar ajustos a graella"
"Mouse-Wheel","Roda del ratolí"
"Drag and Drop","Arrossegar i deixar anar"
"Token Controls","Controls dels tokens"
"Place Hidden Token","Col·locar token ocult"
"Set (non-Owned) Token as Target","Establir el token (no propi) com a objectiu"
"when creating a Token.","en crear un token."
"Walls Layer Controls","Controls de la capa de mur"
"Chain Wall Creation","Enllaçar cadena de mur"
"Select Chained Segments","Seleccionar cadena de mur"
"Drawing Tool Controls","Controls de l'eina de dibuix"
"Confirm Drawing Text","Confirmar text dibuixat"
"Cancel Drawing Text","Anul·lar text dibuixat"
"The dice roll formula {formula} did not produce a numeric outcome.","L'expressió de construcció de la tirada de daus {fórmula} no ha produït cap resultat numèric."
"The attribute {match} was not present in the provided roll data.","No s'ha trobat l'atribut {match} en les dades de la tirada proporcionada."
"Create New {type}","Crear un/a {type}"
"Delete {type}","Esborra {type}"
"New {type}","{type} nou"
"Update {type}","Actualitza {type}"
"Import Data","Importa les dades"
"You did not upload a data file!","No s'ha pogut carregar el fitxer de dades!"
"You may import data for this {document} from an exported JSON file.","Pots importar les dades de {document} des d'un fitxer d'exportació JSON."
"This operation will update the data for {name} and cannot be un-done.","Aquesta operació actualitza les dades de {name} i no es pot desfer."
"Source Data","Fonts de dades"
"You do not have permission to view this {document} sheet.","no teniu permís per veure aquest full {document}."
"You do not have permission to use this {document}.","No teniu permís per utilitzar aquest {document}."
"Active Effect","Efecte actiu"
"Actor","personatge"
"Ambient Light","llum ambiental"
"Ambient Sound","so ambiental"
"Chat Message","missatge de xat"
"Combat Encounter","enfrontament de combat"
"Combatant","combatent"
"Drawing","dibuix"
"Folder","carpeta"
"Item","objecte"
"Journal Entry","entrada del diari"
"Macro","macro"
"Measured Template","eina de mesura"
"Note","nota"
"Playlist","llista de reproducció"
"Playlist Sound","so"
"Scene","escena"
"Setting","paràmetres"
"Rollable Table","taules aleatòries"
"Table Result","resultat de la taula"
"Tile","rajola"
"Token","token"
"User","jugador"
"Wall","paret"
"Drawing Configuration","Configuració de dibuix"
"Default Drawing Configuration","Configuració de dibuix per defecte"
"Configure Default","Configurar valor per defecte"
"Create Drawing","Crear un dibuix"
"Update Drawing","Actualitzar un dibuix"
"Reset Defaults","Restablir valors per defecte"
"Position","Posició"
"Lines","Línies"
"Fill","Omplir"
"Text","Text"
"Adjust the position and visibility of the Drawing.","Ajustar la posició i visibilitat del dibuix."
"Adjust the outer line work for the Drawing.","Ajustar la línia exterior pel dibuix."
"Adjust the interior fill preferences for this Drawing.","Ajustar les preferències d'ompliment per aquest dibuix."
"Adjust the text label applied to this Drawing (if any).","Ajustar l'etiqueta de text aplicada a aquest dibuix (si hi ha)."
"Author","Autor"
"X-Position","Posició X"
"Y-Position","Posició Y"
"Width","Ample"
"Height","Alçada"
"Rotation","Rotació"
"Z-Index","Índex Z"
"Line Width","Ample de la línia"
"Stroke Color","Color del traç"
"Line Opacity","Opacitat de la línia"
"Smoothing Factor","Factor de suavització"
"For freehand drawing, the smoothing factor controls the amount of spline smoothing.","Quan es dibuixa a mà alçada, el factor de suavització controla el nivell de suavització de la interpolació spline."
"Fill Types","Tipus d'ompliment"
"None","Cap"
"Solid","Sòlid"
"Pattern","Patró"
"Fill Color","Color de l'ompliment"
"Fill Opacity","Opacitat de l'ompliment"
"Fill Texture","Textura de l'ompliment"
"Text Label","Etiqueta de text"
"Font Family","Família de la font"
"Font Size","Mida de la font"
"Text Color","Color del text"
"Text Opacity","Opacitat del text"
"Custom","Personalitzat"
"Multiply","Multiplicar"
"Add","Afegir"
"Downgrade","Rebaixar"
"Upgrade","Actualitzar"
"Override","Anul·lar"
"Configure Active Effect","Configurar efecte actiu"
"Details","Detalls"
"Duration","Duració"
"Effects","Efectes"
"Effect Label","Etiqueta de l'efecte"
"Effect Icon","Icona de l'efecte"
"Icon Tint Color","Matís de la icona"
"Effect Suspended","Efecte desactivat"
"Effect Origin","Origen de l'efecte"
"Transfer Effect to Actor","Transferir efecte al personatge"
"Effect Duration (Seconds)","Duració de l'efecte (segons)"
"Effect Start Time","Temps d'inici de l'efecte"
"Effect Duration (Turns)","Duració de l'efecte (torns)"
"Combat Encounter","Enfrontament de combat"
"Effect Start Turn","Torn d'inici de l'efecte"
"Attribute Key","Clau d'atribut"
"Change Mode","Canviar mode"
"Effect Value","Valor de l'efecte"
"Submit Changes","Enviar canvis"
"Asleep","Adormit"
"Dead","Mort"
"Unconscious","Inconscient"
"Stunned","Atordit"
"Prone","Prostrat"
"Restrained","Aferrat"
"Paralyzed","Paralitzat"
"Flying","Volant"
"Blind","Cegat"
"Deaf","Eixordat"
"Silenced","Silenciat"
"Afraid","Espantat"
"Burning","Roent"
"Frozen","Congelat"
"Shocked","En xoc"
"Corroding","Corrosió"
"Bleeding","Sagnant"
"Diseased","Malalt"
"Poisoned","Enverinat"
"Radioactive","Radioactiu"
"Regeneration","Regeneració"
"Degeneration","Degeneració"
"Empowered","Potenciat"
"Weakened","Afeblit"
"Targeted","Objectiu"
"Marked","Marcat"
"Cursed","Maleït"
"Blessed","Beneït"
"Fire Shield","Escut de foc"
"Ice Shield","Escut de gel"
"Magic Shield","Escut màgic"
"Holy Shield","Escut sagrat"
"Actor","personatge"
"Chat Message","missatge de xat"
"Combat Encounter","combat"
"Item","objecte"
"Folder","carpeta"
"Journal Entry","entrada del diari"
"Macro Command","macro"
"Audio Playlist","llista de reproducció d'àudio"
"Scene","escena"
"Rollable Table","taula dinàmica"
"User","usuari"
"Create New {entity}","Crear un/a {entity}"
"New {entity}","{entity}"
"Create New","nou"
"Foundry Virtual Tabletop uses modern JavaScript features which are unsupported on {browser} version less than {minimum}. You are using {browser} version {version}. Please update or use a different browser.","Foundry Virtual Tabletop utilitza característiques modernes de JavaScript que no són compatibles amb versions de Chromium inferior a {minimum}. Està fent servir la versió {version} de Chromium i podries tenir problemes."
"Foundry Virtual Tabletop requires a minimum screen resolution of {reqWidth}px by {reqHeight}px or greater. Your display currently has an effective resolution of {width}px by {height}px, as a result many features of the software may not work properly.","Foundry Virtual Tabletop necessita una resolució de pantalla mínima de 1366x768px. La seva pantalla és {width}x{height}px. Amb la seva configuració de pantalla actual, moltes funcions del programari podrien no funcionar correctamente"
"Your browser does not currently support WebGL rendering which is required by Foundry Virtual Tabletop. Ensure that you have hardware rendering and WebGL enabled in your browser.","El seu navegador actualment no permet la renderització per WebGL requerida per Foundry Virtual Tabletop. Comprovi que té activat el renderitzat per hardware i WebGL al seu navegador."
"You are using a Scene background texture with dimensions {width}px by {height}px. One or both of these dimensions exceeds the maximum texture size of {max}px supported by your device.","Està utilizant una textura de fons o escena amb dimensions de {width}x{height}px. Una o qualsevol d'aquaquests dimensions excedeixen la mida màxima per textures de {max}px admeses pel seu dispositiu."
"The provided server administrator password is invalid. If you have forgotten your configured password you will need to manually delete the <strong>Config/admin.txt</strong> file from your user data location.","La contrasenya d'accés de l'administrador proporcionada no és vàlida. Si ha oblidat la seva contrasenya, haurà d'esborrar manualment l'arxiu <strong>Config/admin.txt</strong> del directori de dades d'usuari.</p>"
"The attempted Token movement collides with at least one Wall.","El moviment fet amb el token xoca amb un mur com a mínim."
"The request to browse existing packages failed to connect with the Foundry server. Make sure your application allows outbound connections.","La sol·licitud per explorar els paquets existents no pot connectar amb el servidor de Foundry. Comprovi que l'aplicació tengui permís per fer connexions sortints."
"No target users exist for this whisper. Check your spelling or try ""/w [User Name]"" instead.","El destinatari no és reconegut per aquest xiuxiueig. Comproveu l'ortografia o proveu ""/w [Nom d'usuari] ""."
"You do not have permission to send whispered chat messages to other players.","No es pot enviar missatges xiuxiuejats a altres jugadors."
"You are using the grid configuration tool for a scene with no background image. This is not currently recommended and may produce unpredictable results.","Està fent servir l'eina de configuració de graella per una escena sense imatge de fons. Això no és recomenable i pot produir resultats impredictibles."
"The dimensions of your configured Foreground Layer image do not match the dimensions of the Background Layer image for this scene. The foreground has been resized which may have undesired results.","Les mides de la imatge de la capa de primer pla no coincideixen amb les mides de l'imatge de fons per aquesta escena. S'ha canviat la mida del primer pla i pot tenir resultats indesitjats."
"Acknowledge Agreement","Agraïments"
"Agree","D'acord"
"I agree to these terms","Estic d'acord amb les condicions"
"Decline","Rebutjar"
"Create Directory","Crear una carpeta"
"Toggle Privacy Mode","Alternar mode privat"
"Display Mode","Forma de Visualització"
"List View","Vista de llista"
"Tiles View","Vista de rajoles"
"Thumbnail View","Vista de miniatura"
"Images View","Vista d'imatge"
"Filter Results","Filtrar resultats"
"S3 Bucket","Cub S3"
"Selected","Seleccionat"
"Select File","Selecciona el fitxer"
"Select Directory","Selecciona la carpeta"
"Asset Grid Size","Mida de la rajola"
"Specify the pixel grid size of source tile artwork so it will be automatically resized when placed onto your active Scene.","Especifiqui la mida de la graella en píxels de la il·lustració de les rajoles per redimensionar automàticament quan es col·loqui en l'escena activa."
"No matching results found in this location.","No s'han trobat resultats en aquesta ubicació."
"Upload","Pujar"
"Search","Cercar fitxer"
"The file you have attempted to upload is too large for your proxy server to handle.","L'arxiu que intenta pujar és massa gran pel que pot suportar el seu servidor proxy."
"Something went wrong with your file upload request.","Error en la sol·licitud de pujada de l'arxiu."
"You have uploaded files into a module or system directory. This is generally <strong>unsafe</strong> because updates to the system or module will delete your files.","Ha pujat arxius al directori d'un mòdul o sistema. Això normalment és <strong>poc segur</strong> perquè les actualitzacions del sistema o del mòdul esborraran aquests arxius."
"Directory Browser","Llista de carpetes"
"Image or Video Browser","Explorador d'imatges o vídeos"
"Image Browser","Explorador d'imatges"
"Video Browser","Explorador de vídeos"
"Audio Browser","Explorador d'àudio"
"User Data","Dades de l'usuari"
"Core Data","Dades bàsiques"
"Amazon S3","Amazon S3"
"Browse Files","Examinar arxius"
"Game Paused","Joc en pausa"
"You cannot take this action while the game is currently paused.","No es pot realitzar aquesta acció mentre el joc estigui pausat"
"Game invitation link copied to clipboard","Enllaç d'invitació copiat al porta-retalls"
"Share the below invitation links with users who you wish to have join your game. The local invitation link is for users on your local network while the internet link connects via internet on the configured port.","Comparteixi els enllaços d'invitació amb els usuaris que desitgi que participin en el joc. Utilitzi l'enllaç marcat com a 'Xarxa local' pels usuaris dins de la seva xarxa, i en cas contrari faci servir l'enllaç 'Internet' pels usuaris que accedeixin per internet al port configurat."
"Internet","Internet"
"Local Network","Xarxa local"
"Game Invitation Links","Enllaços d'invitació al joc"
"Create Item","Crear un objecte"
"Delete Item","Esborrar l'objecte"
"Search Items","Cercar objecte"
"View Item Artwork","Veure Imatge de l'objecte"
"Toggle Visibility State","Alternar visibilitat"
"Toggle Locked State","Alternar bloqueig"
"Bring to Front","Porta al primer pla"
"Send to Back","Envia a sota"
"Overhead Tile","Rajola superposada"
"Underfoot Tile","Rajola al fons"
"Play Tile Video","Reproduir el vídeo"
"Pause Tile Video","Pausar el vídeo"
"Journal","Diari"
"Search Journal Entries","Cercar en el diari"
"Create Entry","Crear entrada"
"Text","text"
"Image","Imatge"
"Show Players","Presentar als jugadors"
"Showed the {mode} content of {title} to {which} players.","S'ha presentat el contingut {mode} de {title} als jugadors {which}."
"Save Entry","Guardar entrada"
"Center","Centre"
"Bottom","A sota"
"Top","A dalt"
"Left","Esquerra"
"Right","Dreta"
"Light Animation Type","Tipus d'animació de llum"
"Animation Speed","Velocitat d'animació"
"Animation Intensity","Intensitat d'animació"
"Torch","Torxa"
"Pulse","Impulsos"
"Chroma","Croma"
"Pulsing Wave","Ona d'impulsos"
"Swirling Fog","Remolí de boira"
"Sunburst","Esclat de sol"
"Light Dome","Cúpula de llum"
"Mysterious Emanation","Emanació misteriosa"
"Energy Field","Camp d'energia"
"Hexa Dome","Cúpula hexagonal"
"Ghostly Light","Llum fantasmagòrica"
"Roiling Mass (Darkness)","Massa enfurismada (foscor)"
"Black Hole (Darkness)","Forat Negre (foscor)"
"Light Source Configuration","Configuració de fonts de llum"
"Configure the position, radius, angle, color, and animation of this ambient light source.","Configuri la posició, radi, angle, color i animació d'aquesta font de llum ambiental."
"Create Light Source","Crear una font de llum"
"Dim Light Radius","Radi de llum tènue"
"Bright Light Radius","Radi de llum lluent"
"Emission Angle","Angle d'emissió"
"Light Color","Color de la Llum"
"Color Intensity","Intensitat del color"
"Light Rotation Angle","Angle de rotació de llum"
"Light Type","Tipus de llum"
"Local Light","Llum local"
"Global Light","Llum global"
"Universal Light","Llum universal"
"Update Light Source","Actualitzar font de llum"
"Create Macro","Crear una macro"
"Delete Macro","Esborrar la macro"
"Edit Macro","Editar la macro"
"Execute Macro","Executar la macro"
"Remove Macro","Eliminar la macro"
"Save Macro","Guardar la macro"
"Search Macros","Cercar macro"
"Reload Application","Recarregar l'aplicació"
"Log Out","Tancar la sessió"
"User Management","Gestionar els jugadors"
"Return to Setup","Tornar a la configuració"
"Bug or Issue Reports","Informe de les errades o els problemes"
"Deactivate All Modules","Desactivar tots els mòduls"
"Module Documentation","Documentació del mòdul"
"Module Management","Gestió dels mòduls"
"Use this form to configure which Modules are active within your current World. Submitting changes to active modules will cause the current session to reload.","Fes servir aquest formulari per configurar quins mòduls són actius en el món de joc actual. Realitzar canvis en els mòduls actius tornarà a carregar la sessió actual."
"The Modules listed below are currently active within this World.","Els mòduls de la llista es troben actius en aquest món."
"No Modules are available within this World. You can view, but do not have permission to modify this list.","No hi ha mòduls disponibles en aquest món. Pot veure la llista, però no té permisos de modificació."
"Filter Modules","Cercar mòdul"
"Save Module Settings","Guardar la configuració de mòduls"
"Dependencies","Dependències"
"This module has {number} inactive dependencies which are required for it to function properly:","Aquest mòdul té {number} dependències que són necessàries per funcionar correctament. Voldries activar-les també?"
"Enable module and its dependencies?","Activar el mòdul i les seves dependències?"
"This module had {number} dependencies which may no longer be required:","Aquest mòdul té {number} dependències que potser ja no són necessàries. Voldries desactivar-les també?"
"Would you like to disable them also?","Vol desactivar-les també?"
"The dependency {missing} is not installed!","La dependència {missing} no està instal·lada!"
"You have enabled the module {module}, but it's dependencies {missing} are not enabled!","S'ha activat el mòdul {module}, però les seves {missing} dependències no estan activades!"
"All Modules"," Tots els mòduls"
"Active Modules","Mòduls actius"
"Inactive Modules","Mòduls inactius"
"Text Anchor Point","Punt d'ancoratge del text"
"Map Note Configuration","Configuració de les notes de mapa"
"Create Map Note","Crear una nota al mapa"
"Entry Icon","Icona de l'entrada"
"Font Size","Mida de la font"
"Font Family","Família de la font"
"Icon Size","Mida de la icona"
"Icon Tint","Matís de la icona"
"Text Label","Etiqueta de text"
"Text Color","Color del text"
"Update Map Note","Actualitzar notes del mapa"
"You do not have sufficient permission to create a Note for {name}.","No tens prou permisos per crear una nota per {name}."
"Players","Jugadors"
"Select Character","Seleccionar personatge"
"Selected Character","Personatge seleccionat"
"Release Character","Alliberar personatge"
"User Configuration","Configuració del jugador"
"Player Color","Color del jugador"
"Player Avatar","Avatar del jugador"
"Pull To Scene","Portar a l'escena actual"
"Save Configuration","Guardar Configuració"
"View Player Avatar","Veure avatar del jugador"
"Kick Player","Expulsar jugador"
"Ban Player","Bloquejar jugador"
"Un-Ban Player","Desbloquejar jugador"
"Create Playlist","Crear una llista de reproducció"
"Delete Playlist","Esborrar la llista de reproducció"
"Edit Playlist","Modificar la llista de reproducció"
"Search Playlists","Cercar llista de reproducció"
"Global Volume Controls","Control del volum general"
"Currently Playing","En reproducció"
"Soundboard Only","Només consola de so"
"Sequential Playback","Reproducció seqüencial"
"Shuffle Tracks","Reproducció aleatòria"
"Simultaneous Playback","Reproducció simultània"
"Play Playlist","Reproduir la llista de reproducció"
"Stop Playlist","Aturar la llista de reproducció"
"Next Sound","Endavant"
"Previous Sound","Enrere"
"Playlists","Llistes"
"Ambient","So ambiental"
"Interface","Interfície"
"Playlist Name","Nom de la llista"
"Playback Mode","Mode de reproducció"
"Fade Duration (ms)","Temps d'atenuació(ms)"
"Playlist Description","Descripció de la llista de reproducció"
"Update Playlist","Actualitzar llista de reproducció"
"Create Sound","Crear un so"
"Edit Sound","Modificar el so"
"Delete Sound","Esborrar el so"
"Loop Sound","En bucle"
"Track Name","Nom del so"
"Audio Source","Origen del so"
"Sound Description","Descripció del so"
"Repeat","Repetir"
"Large File Streaming","Transmissió d'arxius pesats"
"Update Track","Actualitzar so"
"Play Sound","Reproduir el so"
"Pause Sound","Posar en pausa el so"
"Preload Sound","Precarregar el so"
"Resume Sound","Continua el so"
"Sound Volume","Volum del so"
"Sound Stop","Aturar el so"
"Bulk Import","Importació en massa"
"No valid Playlist Sounds were imported from the requested ""{path}"" directory","No s'ha importat cap so de la llista de reproducció de la carpeta ""{path}"""
"Accessibility","Accessibilitat"
"GM Only","Només el director de joc"
"All Players","Tots els jugadors"
"Activate","Activar"
"Audio Playlist","Llista de reproducció d'àudio"
"A Playlist which should automatically begin playing when this Scene is activated.","Una llista de reproducció que es reproduirà automàticament quan s'activi aquesta escena"
"Background Color","Color de fons"
"Background Image","Imatge de Fons"
"Configure the background image and dimensions of the scene's primary map.","Configurar la imatge de fons i les dimensions del mapa principal de l'escena."
"Foreground Image","Imatge de primer pla"
"An optional foreground image which is drawn above other objects in the Scene.","Una imatge de primer pla opcional que es dibuixa a sobre d'altres objectes de l'escena."
"Background Image Scale","Escala de la imatge de fons"
"Use SHIFT+Mousewheel or SHIFT+Up Arrow and SHIFT+Down Arrow to adjust the background image size.","Utilitza Maj+roda del ratolí o Maj+fletxa amunt i Maj+fletxa avall per ajustar la mida de la imatge de fons."
"Configure","Configurar"
"Configure Scene","Configurar l'escena"
"Darkness Level","Nivell de foscor"
"Apply an overlay which darkens the Scene and diminishes light sources to simulate nighttime or dim conditions.","Estableixi la superposició de Foscor que superposi l'escena per simular la nit o llocs amb poca llum."
"Scene Dimensions","Dimensions de l'escena"
"Change Scene Dimensions?","Canviar dimensions de l'escena?"
"You are changing the underlying dimensions of this Scene, if you have already placed objects in this Scene this operation may cause those objects to shift position relative to the background image.","Està canviant les dimensions d'aquesta escena, si ja ha col·locat objectes en aquesta escena aquesta operació pot fer que els objectes canviïn de posició respecte a la imatge de fons."
"Fog Exploration","Exploració de boira de guerra"
"Track the exploration progress of Tokens in this Scene, revealing fog of war for areas which have been explored.","Recordar les zones ja descobertes pels PJ, esvaint la boira de guerra."
"Regenerate Thumbnail Image","Regenerar imatge de miniatura"
"Unrestricted Vision Range","Il·luminació global"
"Reveal all areas that controlled Tokens have direct line of sight to observe. If disabled, vision is restricted to illuminated areas.","Il·luminar totes les àrees d'una escena on el token té una línia de visió."
"Vision Limitation Threshold","Llindar d'il·luminació global"
"Automatically disable the Unrestricted Vision Range setting when the Darkness Level of the Scene exceeds a threshold value.","Desactiva automàticament la il·luminació global quan el nivell de Foscor supera un cert valor."
"Grid Color","Color de la graella"
"Grid Configuration Tool","Eina de Configuració de graella"
"Configure the grid and background image position using the mousewheel and arrow keys, or by manually setting the following fields.","Configura la posició de la graella i de la imatge de fons amb la roda del ratolí i les tecles de fletxa o configurant manualment els camps següents. "
"Grid Opacity","Opacitat de la graella"
"Grid Type","Tipus de graella"
"Gridless","Sense graella"
"Square","Quadrat"
"Hexagonal Rows - Odd","Files Hexagonals - senar"
"Hexagonal Rows - Even","Files Hexagonals - parell"
"Hexagonal Columns - Odd","Columnes Hexagonals - senar"
"Hexagonal Columns - Even","Columnes Hexagonals - parel"
"Grid Size","Mida d'una casella de la graella"
"Use ALT+Mousewheel or ALT+Up Arrow and ALT+Down Arrow to adjust the grid size.","Utilitza ALT+roda del ratolí o ALT+fletxa amunt i ALT+fletxa avall per ajustar la mida de la graella."
"Grid Offset Position","Posició de compensació"
"Use the Arrow Keys to shift the grid offset.","Utilitza les fletxes per moure la graella"
"Grid Scale","Escala de la graella"
"Distance","Distància"
"Units","Unitats de la graella"
"Ambience and Atmosphere","Ambient i atmosfera"
"Configure additional integrations between this scene and Journal Entries, Audio Playlists, or Weather Effects.","Configura integracions addicionals entre aquesta escena i les entrades del diari, les llistes de reproducció d'àudio o els efectes climàtics."
"Details and Dimensions","Detalls i dimensions"
"Configure the basic details for this scene and permissions which control its visibility.","Configura els detalls bàsics d'aquesta escena i els permisos que controlen la seva visibilitat."
"Grid Configuration","Configuració de la graella"
"Configure the grid dimensions which are used to measure token movement in this scene.","Configura les dimensions de la graella que es fa servir per mesurar el moviment dels tokens en aquesta escena."
"Vision and Lighting","Visió i il·luminació"
"Configure the vision, lighting, and fog of war settings which apply to this Scene.","Configura la visió, la il·luminació i la boira de la guerra que s'aplica a aquesta escena."
"Initial View Position","Posició de la vista inicial"
"Capture Current View","Capturar vista actual"
"Set a default camera position that is displayed the first time this Scene is viewed.","Estableixi la posició de la càmera per defecte en presentar l'escena per primer cop."
"Loading {name}","Carregant {name}"
"Navigation Name","Nom a la barra de navegació"
"An alternative name for the Scene that is displayed in the Navigation Bar instead of the actual Scene name.","Nom que veuran els jugadors a la barra de navegació."
"Scene Notes","Notes de l'escena"
"Padding Percentage","Percentatge de farciment"
"pixels","Píxels"
"Preload Scene","Precarregar escena"
"Scene Name","Nom de l'escena"
"View Scene","Veure escena"
"Journal Notes","Notes en el diari"
"A linked Journal Entry which provides notes for the Game Master about this Scene.","Una entrada en el diari vinculada a l'escena que proporciona informació adicional al director de joc."
"Playlist Sound","So de la llista de reproducció"
"You may choose a specific Playlist Sound which should play when this Scene is active, otherwise the entire Playlist will play.","Es pot escollir un so de la llista de reproducció que es reproduirà quan aquesta escena estigui activa, sinò es reproduirà la llista sencera."
"Navigation","Mostrar en la barra de navegació"
"Offset Background","Compensació del fons"
"Horizontal","Horitzontal"
"Vertical","Vertical"
"Token Vision","Visió del token"
"Restrict visibility within this Scene to the shared vision of all controlled Tokens. If disabled, the entire Scene is visible.","Restringeix la visibilitat de l'escena a la visió compartida de tots el tokens controlats. Es mostra l'escena sencera quan es desactiva."
"Toggle Navigation","Alternar navegació"
"units","Unitats"
"Weather Effect","Efecte del clima"
"Configure an active Weather Effect which is present within this Scene.","Seleccioni un efecte atmosfèric per aplicar-ho a l'escena."
"Configure Settings","Configurar paràmetres"
"Controls Reference","Controls del joc"
"Demo Mode","Mode de demostració"
"View Documentation","Veure documentació"
"Invitation Links","Enllaços d'invitació"
"Manage Modules","Administrar mòduls"
"View Active Modules","Veure mòduls actius"
"Configure Game Settings","Opcions del joc"
"Update Software","Actualització del programa"
"Log Out","Desconnectar"
"User Management","Gestionar jugadors"
"Reset Defaults","Reiniciar configuració per defecte"
"Save Changes","Guardar canvis"
"Return to Setup","Tornar a la configuració"
"General Information","Informació general"
"Game Settings","Opcions del joc"
"Help and Documentation","Documentació d'ajuda"
"Game Access","Accés al joc"
"Community Wiki Pages","Pàgina wiki de la comunitat"
"Token Vision Animation","Animació de la visió del token"
"Animate Token vision and light changes during Token movement animations. Disabling this will improve performance for lower-end machines.","Animar la visió i els canvis de llum durant l'animació del moviment del tokens. Desactivar-ho millora el rendiment en ordinadors amb especificacions baixes."
"Light Source Animation","Animació de la font de llum"
"Allow light source animations. Disabling this will improve performance for lower-end machines.","Permetre animacions de fonts de llum. Al desactivar-ho es millora el rendiment en ordinadors amb especificacions baixes."
"Disable Pixel Resolution Scaling","Desactiva l'escalat de la resolució"
"Disable automatic scaling of the canvas resolution to the pixel density of the display device. This will result in a reduction in visual quality but an improvement in application performance for high-density displays.","Desactiva l'escalat automàtic del llenç de joc a la densitat de píxels de la pantalla. Això produeix una reducció de la qualitat visual, però millora el rendiment de l'aplicació en pantalles d'alta densitat."
"Language Preference","Preferència d'idioma"
"Change the displayed language for Foundry Virtual Tabletop.","Canvia l'idioma en el qual es mostra Foundry Virtual Tabletop."
"Left-Click to Release Objects","Clic esquerre per alliberar objectes"
"When enabled, a left click on empty canvas space will release any currently controlled objects. If disabled, objects are released by selecting an empty space, shift-clicking the object, or pressing the escape key.","Activat: fes clic esquerre en un espai buit del llenç de joc per alliberar qualsevol objecte controlat actualment. Desactivat: Els objectes s'alliberen seleccionant un espai buit, fent Maj+clic esquerre en l'objecte o prement la tecla d’escapada."
"Disable Game Canvas","Escena del joc desactivada"
"The game canvas which provides a visual representation of the virtual tabletop can be disabled. This allows for low-end machines to use a subset of software features.","L'escena del joc que simula una representació visual de la taula virtual es pot desactivar. Això permet que els ordinadors de gamma baixa puguin utilitzar algunes de les funcionalitats del programari."
"Enable Chat Bubbles","Activar bombolles de xat"
"Configure whether or not chat bubbles will be displayed above Tokens for in-character and emote type chat messages.","Estableix si es mostren bombolles de xat sobre el token pels missatges del personatge i les seves reaccions."
"Pan to Token Speaker","Centrar la vista en el token"
"Configure whether to automatically pan the camera to a speaking token when it displays a chat bubble.","Estableix si s'ha de centrar la càmera automàticament en el token que parla quan se li mostra una bombolla de xat."
"Maximum Framerate","FPS màxims"
"Limit the maximum framerate at which Foundry Virtual Tabletop will render canvas updates. Lowering this value may improve application performance for less powerful hardware.","Limita la velocitat de fotogrames per segons que Foundry Virtual Tabletop processarà les actualitzacions del llenç de joc. Reduir aquest valor pot millorar el rendiment de l'aplicació en hardware menys potent."
"Zoomed Texture Antialiasing","Suavitza la textura ampliada"
"Compute mipmaps to antialias sprite textures at lower levels of zoom. This is a client setting as different users may prefer different visual styles.","Calcular ""mipmaps"" per suavitzar les textures de personatge en els nivells més baixos de zoom. Es tracta d'un ajustament a nivell client, ja que els usuaris poden tenir diferents estils visuals."
"Enable Soft Shadows","Activar ombres suaus"
"Enable soft shadows for more beautiful dynamic lighting, or disable it for improved performance on machines with lower-end hardware.","Activa ombres suaus per una il·luminació dinàmica més maca, desactivar aquesta opció millorarà el rendiment en ordinadors amb hardware menys potent."
"Core Settings","Paràmetres bàsics"
"Module Settings","Paràmetres de mòduls"
"System Settings","Paràmetres del sistema"
"Token Drag Vision","Visió en arrossegar el token"
"When enabled, vision and lighting for a Token is previewed in real time during a left-click drag workflow. This is disabled by default because it may promote undesirable meta-gaming behaviors.","Quan s'activa, la visió i la il·luminació per un token es previsualitza en temps real quan s'arrossega amb el botó esquerre. Desactivat per defecte perquè pot promoure comportaments de metajoc no desitjats."
"Default Token Configuration","Configuració dels tokens"
"Configure Default Token Settings","Configuri els paràmetres predeterminats dels tokens"
"Configure default Token values for newly created Actors.","Configuri els valors predeterminats pels tokens dels personatges creats recentment."
"Reset User role permission configuration to default values.","Reinicia la configuració de permisos d'usuari als valors per defecte."
"Updated User role permission configuration.","Actualitza la configuració de permisos d'usuari."
"Core Software Version","Versió del programa principal"
"If an update to the core Foundry Virtual Tabletop software is available, you may apply it here. You are currently using version {coreVersion}.","Si hi ha disponible una actualització del programa principal de Foundry Virtual Tabletop, pots actualitzar aquí. Actualment està emprant la versió {coreVersion}."
"Default Language","Idioma per defecte"
"You may choose a default language for the application by choosing a module which provides the core translation files for that language.","Pots triar un idioma predeterminat per l'aplicació triant un mòdul que proporcioni els arxius de traducció bàsics per aquell idioma."
"Software Configuration","Configuració del programa"
"You must install a game System before you can create a new World","Cal instal·lar un sistema de joc per poder crear un món nou."
"Software Update","Actualització del programa"
"A {type} update to {channel} version {version} is now available!","Tens disponible una actualització de programari per {channel} versió {version}!"
"Configuration","Configuració"
"These fields customize the behavior of the Foundry Virtual Tabletop application. Changes will require the server to restart.","Aquí es personalitza el servidor de Foundry VTT. Vagi amb compte al fer canvis, haurà de reiniciar el programa perquè els canvis tinguin efecte."
"Optimize Static Files","Optimitzar arxius estàtics"
"Reduce network traffic by serving minified static JavaScript and CSS files. Enabling this setting is recommended for most users, but module developers may wish to disable it.","Redueix l'ús de xarxa amb arxius JavaScript i CSS estàtics. Es recomana activar aquesta opció per la majoria dels usuaris, però potser alguns desenvolupadors la vulguin desactivar."
"Add-on Modules","Mòduls"
"Game Systems","Sistemes de joc"
"Configuration and Setup","Configuració general"
"Update Software","Actualitzar"
"Update System","Actualització del sistema"
"An update to the Core Software is available, Return to Setup in order to apply it!","Hi ha disponible una actualització del programari base (core); torna al menú principal, ves a la pestanya actualització per aplicar-la."
"An update to the System is available, Return to Setup in order to apply it!","Hi ha disponible una actualització del sistema; torna al menú principal, ves a la pestanya sistema per aplicar-la."
"Update All","Actualitzar-ho tot"
"Software Update Channel","Canal d'actualització de programari"
"You may choose an update channel to control the types of updates you wish to receive for the core Foundry Virtual Tabletop software. If you do not have a specific reason to change this, it is recommended to consume the Release channel.","Pot triar un canal d'actualització per controlar el tipus d'actualitzacions que desitja rebre pel programa principal de Foundry Virtual Tabletop. Si no té una raó específica per canviar-ho, es recomana mantenir-se en el canal públic."
"Update","Actualitzar"
"Check For Update","Buscar actualitzacions"
"Alpha (Unstable)","Alfa (inestable)"
"Beta (Release Candidate)","Beta (candidata a llançament)"
"Release (Stable)","Pública (estable)"
"Checking the Force Update box will force your version to the requested channel. Do not use this option unless you know exactly what you are doing.","Marcar la casella forçar actualització per forçar l'actualització a la versió del canal sol·licitat. No faci servir aquesta opció a no ser que sàpiga exactament que està fent."
"Uninstall","Desinstal·lar"
"Create World","Crear un món"
"Delete World","Esborrar món"
"Edit World","Editar món"
"Launch World","Executar món"
"Game Worlds","Mons"
"Requires Update","Necessita actualització"
"Requires System Update","Necessita actualització del sistema"
"Requires Dependency","Necessita dependència"
"Requires Core Update","Necessita actualització principal"
"Locking a Package prevents it from being uninstalled or updated","El bloqueig d’un paquet impedeix la seva desinstal·lació o actualització"
"Updated version available at new installation URL","Actualitza l'URL d'instal·lació"
"A newer version of ""{package}"" is available at a different installation URL. This happens when the package hosting location or the author has changed.","S'ha actualitzat l'URL d'instal·lació de ""{package}"". Això passa quan l’allotjament de la font empaquetada o de l’autor ha canviat."
"Prior Manifest URL (Version {version})","URL del manifest anterior"
"Updated Manifest URL (Version {version})","URL del manifest actualitzat"
"Would you like to switch to the new manifest URL? (this is recommended)","Vol canviar a la nova URL del manifest? (molt recomanable)"
"Save Application Configuration","Desar la configuració"
"Modifying these configuration options will cause the server to be shut down and require that you restart the server manually. Do you wish to continue?","Quan es canvien aquestes opcions de configuració, el servidor s'apagarà i caldrà reiniciar-lo. Vol continuar?"
"The Foundry Virtual Tabletop server has been terminated to apply changes. You must restart manually.","El servidor de FoundryVTT s'ha aturat per aplicar els canvis. Cal reiniciar-lo."
"Current Version","Versió actual"
"Force Update?","Forçar"
"Compatibility Unknown","Compatibilitat desconeguda"
"Compatibility Risk","Risc d'incompatibilitat"
"Compatibility Risk ({version})","Risc de compatibilitat ({versió})"
"Manifest URL"," URL el manifest"
"You can install any package by providing a direct link to its JSON manifest URL.","Permet instal·lar un paquet proporcionant un enllaç al seu 'manifest.json'."
"Install Module","Instal·lar un mòdul"
"Install System","Instal·lar un sistema"
"{type} {name} was installed successfully","instal·lació amb èxit"
"Installation failed: {message}","La instal·lació ha fallat. Per més informació, revisi els missatges d'error a la consola."
"Install World","Instal·lar un món"
"uninstalled successfully","desinstal·lació amb èxit"
"Uninstallation failed","La desinstal·lació ha fallat. Per més informació, revisi els missatges d'error a la consola."
"updated successfully","actualitzat amb èxit"
"Update failed","L'actualització ha fallat. Per més informació, revisi els missatges d'error a la consola."
"Loading Available Packages","Carregant mòduls disponibles"
"Filter Packages","Filtrar els paquets"
"You can filter available packages by name.","Pot filtrar els paquets disponibles cercant pel seu o títol."
"Package Categories","Categories de mòduls"
"Installed","Instal·lat"
"Not Owned","Sense propietari"
"Package Name","Nom del paquet"
"All Packages","Tots els mòduls"
"Installed Only","Només instal·lats"
"Uninstalled Only","Només no instal·lats"
"{title} has {number} dependencies which are not yet installed.","El mòdul que ha instal·lat té {number} dependències que encara no estan instal·lades."
"Install Package Dependencies","Instal·lar dependències dels mòduls"
"You may not be able to use this package if these dependencies are not present. Do you wish to install them automatically?","Es possible que no pugui utilitzar aquest mòdul si les dependències no estan instal·lades. Vol instal·lar-les automàticament?"
"You have chosen not to install the required dependency packages for {title}. You will need to install them manually.","Ha triat no instal·lar les dependències necessàries per {title}. Haurà d'instal·lar-les manualment."
"Successfully installed {title} and {number} dependencies.","Les dependències de {title} i {number} s'han instal·lat amb èxit."
"An update is available for {name} but cannot be installed because it requires core software version {vreq} and you are currently using version {vcur}.","Existeix una actualització disponible per {name} però no pot ser instal·lada perquè cal una versió del programa principal {vreq} i vostè actualment està fent servir la versió {vcur}."
"Delete {type}: {title}","Esborra {type}: {title}"
"Are you sure you want to delete the {type} <strong>{title}</strong>?","Està segur que vol esborrar el {type} <strong>{title}</strong>?"
"<strong>Warning:</strong> This will permanently delete your world content and <strong>can not</strong> be un-done. Are you sure you wish to do this?</strong>.","<strong>Atenció: </strong> s'esborrarà permanentment el contingut del vostre món i <strong>no es podrà</strong> recuperar. Està segur que vol continuar?"
"Type the exact title of your world <strong>{title}</strong> in the box below to proceed.","Escriu al quadre següent el títol del món <strong> {title} </strong> per continuar."
"<strong>Warning:</strong> This operation cannot be un-done.","<strong>Atenció:</strong> aquesta operació no es pot cancel·lar."
"You must enter the exact World name to confirm the deletion request.","Cal introduir el nom exacte del món per confirmar la sol·licitud de supressió."
"Update","Buscar actualitzacions"
"Blocked","Bloquejat"
"Update","Actualització"
"Current","Actual"
"Updating","Actualitzant"
"Updated","Actualitzat"
"Downloading Update","Descarregar l'actualització"
"Download Complete","Descarrega completada"
"Extracting Update","S'està comprovant l'actualització"
"Extraction Complete","Comprovació completada"
"Cleaning Directory","Neteja d’arxius"
"Cleaning Complete","Neteja completada"
"Installing Update","Instal·lació l'actualització"
"Installation Complete","Instal·lació completada"
"In order to update Foundry Virtual Tabletop you will need to be connected to the internet and have a valid software license.","Per actualitzar FoundryVTT, cal estar connectat a Internet i tenir una llicència vàlida"
"This update is a new major version of the Foundry Virtual Tabletop software. Installing this update will require some installed modules which may not yet be compatible to be disabled.","Aquesta actualització suposa la instal·lació d'una nova versió de Foundry Virtual Tabletop. Per instal·lar aquesta actualització es necessari desactivar alguns mòduls que encara no són compatibles."
"Download Update {version}","Descarregar actualització {version}"
"An update to Foundry Virtual Tabletop version {version} is available!","Està disponible una actualització de Foundry Virtual Tabletop, versió {version}!"
"You are not allowed to update this instance of Foundry Virtual Tabletop because it was launched in --noupdate mode.","No tens autorització per actualitzar aquesta instància de FoundryVTT perquè es va llançar en mode --noupdate."
"No software update is currently available on the requested update channel.","Actualment no hi ha cap actualització de programari disponible al canal d’actualització sol·licitat."
"Package Update Log","Registre d’actualitzacions de paquets"
"Package","Paquets"
"Version Change","Canvi de versió"
"World Data Migration Required","Es requereix la migració de les dades del món"
"<p>Launching the world <strong>{world}</strong> will migrate its data model from an older core software version {oldVersion} to the currently installed version {newVersion}.</p><p>As part of this process, <strong>{nIncompatible} out of {nModules} installed modules</strong> which may not yet be compatible with the new version will be automatically disabled. You may re-enable them manually if you wish.</p><p>Please check for any available updates to your game systems and modules, and please be sure to periodically back up your critical world data. Would you like to proceed?</p>","<p>Executar el món <strong>{world}</strong> migrarà el seu model de dades d'una versió de FoundryVTT antiga {oldVersion} a la versió instal·lada {newVersion}.</p><p>Com a part d'aquest procés, <strong>{nIncompatible} de {nModules} mòduls instal·lats</strong> podrien no ser compatibles amb la nova versió i es desactivaran automàticament. Pot tornar a activar-los manualment si així ho desitja.</p><p>Si us plau, comprovi si hi ha actualitzacions disponibles pels seus sistemes de joc i els seus mòduls. Asseguris de fer còpies de seguretat periòdiques de les dades sensibles del seu món. Vol continuar?</p>"
"Foundry Virtual Tabletop &bull; Administrator Access","Foundry Virtual Tabletop &bull; Accés d'administrador"
"Administrator Password","Contrasenya d'accés d'administrador"
"You must provide the administrator password in order to access application setup.","Cal una contrasenya d'accés especial per accedir a aquesta pantalla de configuració."
"You may assign a special administrator password which is required in order to access this setup screen.","Una contrasenya restringeix l'accés a aquesta pantalla de configuració."
"Admin Log Out","Tancar la sessió d'administrador"
"AWS Configuration Path","Ruta de Configuració d'AWS"
"You may provide an AWS configuration file for S3 integration. The path is absolute or relative to the Config subdirectory of user data.","Permet proporcionar un arxiu de configuració d'AWS per la integració de S3. La ruta és absoluta o relativa al subdirectori 'Config' de dades d'usuari."
"Port","Port"
"You may choose which port Foundry Virtual Tabletop uses for TCP connection traffic and enable or disable Universal Plug and Play (UPnP).","Permet triar quin port utilitzarà Foundry Virtual Tabletop pel trànsit de connexió TCP i activar o desactivar Universal Plug and Play (UPnP)."
"Enable UPnP?","Activar UPnP?"
"User Data Path","Ruta de dades d'usuari"
"Configure the location where your user data including worlds, systems and modules are stored.","Establir la ubicació on s'emmagatzemaran les seves dades d'usuari, inclosos mons, sistemes i mòduls."
"Default World","Món per defecte"
"You may choose one of your available worlds to automatically launch when the software is started.","Permet triar un dels seus mons per executar-lo automàticament quan s'iniciï el programa."
"SSL Certificate","Certificat SSL"
"SSL Private Key","Clau privada SSL"
"You may run the server using secure socket layer (SSL) encryption by providing paths to certificate and key files. Paths are absolute or relative to the Config subdirectory in user data.","Permet executar el servidor mitjançant SSL proporcionant les rutes a certificats i contrasenyes. Aquests són absolutes o relatives al subdirectori 'Config' de dades d'usuari."
"JavaScript","JavaScript"
"CSS","CSS"
"Compendium","Compendi"
"Localization","Localització"
"Version","Versió"
"Core Version","Versió del core"
"Timed Out","S’ha esgotat el temps"
"Current Players","Jugadors actuals"
"Join Game Session","Unir-se a la partida"
"Game Details","Detalls de la sessió"
"Return to Setup","Torna al menú inicial"
"World Description","Descripció del món"
"Next Session","Propera sessió"
"Select User","Escull el jugador"
"User Password","Contrasenya"
"You are authenticated as a server administrator user.","Està autenticat com a administrador del servidor."
"The requested User, ""{user}"", does not exist!","L'usuari ""{user}"" no existeix!"
"Invalid password provided for {user}!","La clau per {user} no és valida!"
"{user} does not have permission to access this World!","{user} no té permisos per accedir a aquest món!"
"Login as {user} successful, joining game!","Sessió iniciada com {user}, afegit al joc!"
"This Sheet","Aquesta fitxa"
"Default Sheet","Fitxa per defecte"
"Override which sheet type you would like to use for this specific entity.","Canvia la fitxa que es vol fer servir per a aquest personatge en concret."
"Set the default sheet type used for this entity type (GM Only).","Determina la fitxa per defecte que es farà servir per a aquesta mena de personatge (només DJ)."
"You do not have sufficient permissions to view this entity sheet.","No té permisos suficients per veure aquesta fitxa de personatge."
"Save Sheet Configuration","Guardar la configuració de la fitxa"
"View Character Artwork","Veure la imatge del personatge"
"Collapse or Expand","Contraure o desplegar"
"Delete","Esborrar"
"This {type} will be permanently deleted and cannot be recovered.","Aquesta {type} serà esborrat permanentement."
"Duplicate","Duplicar"
"Export Data","Exportar dades"
"Ambient Sound Configuration","Configuració de so ambiental"
"Configure the ambient sound to play an audio file when tokens move within it's radius.","Configuri el so ambiental, especificant quin arxiu d'àudio ha de reproduir-se quan els tokens entrin dins del seu radi d'abast."
"Create Ambient Sound","Crear un so ambiental"
"Update Ambient Sound","Actualitzar so ambiental"
"Source File Path","Ruta de l'arxiu"
"path/to/audio.mp3","arborescence/vers/audio.mp3"
"Effect Radius","Radi d'efecte"
"Sound Type","Tipus de so"
"Local Sound","So ambiental local"
"Global Sound","So ambiental global"
"Volume Easing","Atenuació de volum"
"Adjust the volume level of the sound as Tokens move closer to the origin.","Ajustar el nivell de volum del so ambiental en funció de la distància amb el seu origen."
"Maximum Volume","Volum màxim"
"Define the maximum volume of the sound at it's origin point (if easing) or everywhere in the area.","Defineix el volum màxim del so en el seu punt d'origen (si es fa servir l'opció d'atenuació) o en qualsevol lloc de l'àrea."
"New Sound","Nou so"
"Darkness Activation Range","Interval d'activació de la foscor"
"You may specify a range of darkness levels during which this ambient sound will be audible.","Es pot especificar un interval d’activació a causa de la foscor per a la qual se sentirà aquest so ambiental."
"Clear Folder","Esborrar la carpeta"
"Folder Color","Color de la carpeta"
"Create Folder","Crear una carpeta"
"Collapse All Folders","Reduir totes les carpetes"
"Delete All","Esborrar-ho tot"
"This folder and its contents will be permanently deleted and cannot be recovered.","Aquesta carpeta i el seu contingut serà <strong>esborrada permanentment</strong> i no es podrà recuperar."
"Edit Folder","Editar carpeta"
"Export to Compendium","Exportar al Compendi"
"Folder Name","Nom de la carpeta"
"Remove Folder","Eliminar la carpeta"
"This folder will be permanently deleted and its contents will be moved to its parent folder.","Aquesta carpeta serà esborrada i el seu contingut es mourà a la carpeta mare."
"Alphabetical","Alfabètic"
"Manual","Manual"
"Sorting Mode","Mode d'ordenació"
"Update Folder","Actualitzar la carpeta"
"Export Content","Exportar el contingut"
"You may export contained entities from this folder into an unlocked Compendium pack of the appropriate type.","Pot exportar les entitats contingudes en aquesta carpeta a un paquet de compendi no bloquejat del tipus adequat."
"Destination Pack","Paquet de destí"
"Merge By Name?","Fusionar per nom?"
"There are no unlocked compendium packs available for {type} entities which you can export to.","No hi ha cap paquet de compendi no bloquejats disponible on exportar les entitats {type}."
"Create Rollable Table","Crear una taula dinàmica"
"Create a new Rollable Table entity using the contents of this Folder as table results?","Crear una nova taula dinàmica utilitzant el contingut d'aquesta carpeta com a resultats de la mateixa?"
"None","Cap"
"Limited","Limitada"
"Observer","Espectador"
"Owner","Propietari"
"Default","Per defecte"
"No Change","Sense Canvis"
"All Players","Tots els jugadors"
"Configure Permissions","Configurar permisos"
"Open Permission Configuration","Obrir configuració de permisos"
"Fine tune the permitted actions which are allowed to Users for each role.","Determini les accions permeses als usuaris en base a cada rol."
"Permission Configuration","Configuració de permisos"
"Configure which User role has permission to perform which action. Note that some actions cannot be disabled for Game Master users. Some changes may not take effect until the game is reloaded.","Configuri quin rol d'usuari té permís per fer cada acció. Tingui en compte que algunes accions no es poden desactivar pels usuaris ""Game Master"". Alguns canvis poden no tenir efecte fins que el programa es torni a carregar."
"Configure access for all Entities within this Folder. Changes will be applied to all contained Entities, excluding the contents of sub-folders.","Configurar l'accés per totes les entitats dins d'aquesta Carpeta. Els canvis s'aplicaran a totes les entitats contingudes, excloent el contingut de les subcarpetes."
"Configure access to this specific Entity, allowing each User to be assigned a different level of visibility.","Configurar l'accés a aquesta entitat específica, permetent que a cada usuari se li assigni un nivell d'accés diferent."
"Permission","Permís"
"User Role Permissions","Permisos de rol d'usuari"
"Reset Defaults","Restablir configuració per defecte"
"Save Configuration","Guardar configuració"
"Allow Broadcasting Audio","Permetre transmissió d'àudio"
"Allow players with this role to broadcast audio when using A/V chat integration.","Permetre als jugadors amb aquest rol transmetre àudio en l'emprar la integració de xat A/V."
"Allow Broadcasting Video","Permetre transmissió de vídeo"
"Allow players with this role to broadcast video when using A/V chat integration.","Permetre als jugadors amb aquest rol transmetre vídeo en l'emprar la integració de xat A/V."
"Create New Actors","Crear personatges"
"Allow players with this role to create new Actors in the World.","Permetre als jugadors amb aquest rol crear nous personatges en el món."
"Use Drawing Tools","Emprar eines de dibuix"
"Allow players with this role to create Drawings using the drawing tools.","Permetre als jugadors amb aquest rol crear dibuixos emprant les eines de dibuix."
"Create New Items","Crear objectes"
"Allow players with this role to create new Items in the World.","Permetre als jugadors amb aquest rol crear nous objectes en el món."
"Use File Browser","Navegar per l'explorador d'arxius"
"Allow players with this role to browse through available files in the File Browser.","Permetre als jugadors amb aquest rol navegar pels arxius disponibles en el Selector d'arxius."
"Upload New Files","Pujar nous arxius"
"Allow players with this role to upload content to the server using the File Browser.","Permetre als jugadors amb aquest rol carregar contingut al servidor utilitzant el Selector d'arxius."
"Create Journal Entries","Crear entrades en el diari"
"Allow players with this role to create new Journal Entries in the Journal sidebar.","Permetre que els jugadors amb aquest rol puguin crear noves entrades en la barra lateral del diari."
"Use Script Macros","Fer servir macros"
"Allow players with this role to use JavaScript macros which access the API.","Permetre als jugadors amb aquest rol fer servir macros de JavaScript que accedeixin a l'API."
"Whisper Private Messages","Xiuxiuejar missatges privats"
"Allow players with this role whisper private messages that the Game Master cannot see.","Permetre als jugadors amb aquest rol xiuxiuejar Missatges privats que el director de joc no pot veure."
"Create Map Notes","Crea notes sobre les escenes"
"Allow users with this role to create Note objects from Journal Entries which they own.","Permet als jugadors amb aquest rol crear notes a partir dels objectes que posseeixen."
"Modify Configuration Settings","Modificar paràmetres de configuració"
"Allow players with this role to modify game settings and enable or disable modules.","Permetre als jugadors amb aquest rol modificar la configuració del joc i activar o desactivar mòduls."
"Display Mouse Cursor","Mostrar cursor del ratolí"
"Display the position of the player's mouse cursor which illustrates where the user is looking on the canvas.","Mostrar la posició del cursor del ratolí del jugador, el que mostra en quina part del llenç està el ratolí de l'usuari."
"Display Ruler Measurement","Mostrar el regle per mesurar distàncies"
"Display measurement using the ruler tool to other connected players.","Mostri les mesures fent anar l'eina de regle per altres jugadors connectats."
"Create Measured Template","Crear plantilles de mesura"
"Allow players with this role to create templates for area-of-effect measurement.","Permetre als jugadors amb aquest rol crear plantilles per la mesura d'àrees d'efecte."
"Create New Tokens","Crear tokens"
"Allow players with this role to place Tokens for Actors they own on the game canvas.","Permetre als jugadors amb aquest rol col·locar els tokens dels personatges que posseeixen en el llenç de joc."
"Configure Token Settings","Configurar paràmetres dels tokens"
"Allow players with this role to configure the settings for Tokens that they own.","Permetre als jugadors amb aquest rol configurar els paràmetres del tokens que posseeixen."
"Open and Close Doors","Obrir i tancar portes"
"Allow players with this role interact with doors defined on the Walls Layer.","Permetre que els jugadors amb aquest rol interactuïn amb les portes definides en la capa de parets."
"Import Data","Importar dades"
"Create Scene","Crear una escena"
"Search Scenes","Cercar escena"
"Chat Log","Xat"
"Combat Tracker","Combat"
"Scenes Directory","Escenes"
"Actors Directory","Personatges"
"Items Directory","Objectes"
"Journal Entries","Diari"
"Audio Playlists","Reproducció"
"Compendium Packs","Compendis"
"Game Settings","Opcions"
"Rollable Tables","Taules"
"View Token Artwork","Veure imatge dl token"
"Jump To Pin","Anar a la xinxeta"
"Animate Roll Tables?","Animar taules Dinàmiques?"
"Configure whether to display a roulette-style animation when drawing from a Roll Table.","Estableixi si vol mostrar una animació a l'estil ruleta en les taules dinàmiques."
"Create Table","Crear una taula"
"Table Description","Descripció de la taula"
"Display Roll to Chat?","Mostrar tirada en el xat?"
"Roll Table Formula","Fórmula de la tirada de la taula"
"Search Tables","Cercar taula"
"Table Configuration","Configuració de la taula"
"Normalize Result Weights","Normalitzar ponderació de resultats"
"Draw with Replacement?","Mantenir resultats anteriors de la taula"
"Reset","Restablir"
"Add New Result","Afegir un nou resultat"
"Result Type","Tipus de resultat"
"Result Details","Detalls del resultat"
"Result Description","Descripció del resultat"
"Delete Result","Esborrar el resultat"
"Weight","Pes"
"Range","Interval"
"Roll","Tirar"
"Toggle Drawn Status","Activar/Desactivar resultat"
"Update","Actualitzar"
"Cone Template Type","Forma de la vora de la plantilla con"
"Choose how the area of effect for cone templates should be defined.","Defineix la forma en què acaba la plantilla de con."
"Flat","Plana"
"Round","Rodona"
"Tile Configuration","Configuració de la rajola"
"Basic","General"
"Configure this tile sprite which is displayed above the Scene background.","Configuració de la rajola que es mostra a sobre del fons de l'escenari."
"Overhead","Superposa"
"Additional attributes which apply if the Tile is overhead in the Foreground.","Configuració addicional si la rajola se superposa al primer pla."
"Animation","Animació"
"Additional attributes which apply if the Tile uses an animated video texture.","Configuració addicional si la rajola és un vídeo."
"Tile Image or Video","Imatge o vídeo"
"Tile Opacity","Opacitat de la rajola"
"Tint Color","Matís de color"
"Is Overhead?","Superposa"
"Occlusion Mode","Mode d'eliminació de parts ocultes"
"None (Always Visible)","Cap (sempre visible)"
"Fade (Entire Tile)","Fosa (mosaic complet)"
"Roof (Blocks Vision and Lighting)","Sostre (afecta la visió i la vista)"
"Radial (Surrounding Token)","Radial (envoltant el token)"
"Occlusion Alpha","Alfa (ocultació)"
"Loop Video","Vídeo en bucle"
"Autoplay Video","Reproducció automàtica del vídeo"
"Video Volume","Volum del vídeo"
"Assign Token","Assignar el token"
"You must select one existing Token to assign as the new prototype configuration.","Cal seleccionar un token existent per assignar-lo com la nova configuració de prototip."
"Updated prototype Token configuration for {name}","S'ha actualitzat el token a la configuració de prototip {name}"
"Attribute Bars","Barres d'atributs"
"Single Values","Valors individuals"
"Represented Actor","Personatge representat"
"Token Disposition","Disposició del token"
"Configure which Actor this Token is associated with.","Determina amb quin actor està associat aquest token."
"Link Actor Data","Vincular dades del personatge"
"Token Name","Nom del token"
"Display Name","Mostrar nom"
"Alternate Actor Tokens","Tokens d'actor alternatius"
"Configure the Token image and its displayed size and scale.","Configura la imatge del token i la mida i l'escala en què es mostra."
"Token Image Path","Ruta de la imatge del token"
"Mirror Image Horizontally","Reflectir horitzontalment"
"Mirror Image Vertically","Reflectir verticalment"
"Token Opacity","Opacitat del token"
"Configure the Token's position, orientation, and elevation.","Defineix la ubicació, orientació i elevació del token."
"Lock Rotation","Bloquejar rotació"
"Randomize Wildcard Images","Imatge aleatòria (utilitzar * en la ruta)"
"Configure the resource bars which are tracked for the Token.","Determini les barres de recursos a mostrar del token."
"Bar 1 Attribute","Barra 1, atribut"
"Bar 1 Data","Barra 1, dades"
"Bar 2 Attribute","Barra 2, atribut"
"Bar 2 Data","Barra 2, dades"
"Display Bars","Mostrar barres"
"Token Configuration","Configuració del token"
"Prototype Token","Token del prototip"
"Tint Color","Matís de color"
"Update Token","Actualitzar el token"
"Configure the vision capability and light emission of this Token.","Determina la capacitat de visió i l'emissió de llum del token."
"Has Vision","Activar visió"
"Bright Vision","Llum brillant"
"Dim Vision","Llum tènue"
"Sight Angle","Angle de visió"
"This Token references an Actor which no longer exists within the World.","Aquest token fa referència a un personatge que ja no existeix en aquest món."
"You do not own any Token with vision in this Scene","No hi ha cap token amb ""visió"" en aquesta escena"
"Hostile","Hostil"
"Neutral","Neutral"
"Friendly","Amistós"
"Never Displayed","No mostrar mai"
"When Controlled","Quan es controla"
"Hovered by Owner","En passar el ratolí (propietari)"
"Hovered by Anyone","En passar el ratolí (qualsevol)"
"Always for Owner","Sempre (propietari)"
"Always for Everyone","Sempre (tots)"
"None","Cap"
"Player","jugador"
"Trusted Player","Confiança"
"Assistant GM","Assistent"
"Game Master","Director de joc"
"Password","Contrasenya d'accés"
"User Role","Rol de l'usuari"
"User Name","Nom de l'usuari"
"Show Password","Mostrar contrasenya d'accés"
"Create Additional User","Crear un usuari"
"Delete User","Esborrar l'usuari"
"Save and Return","Llançar sessió de joc"
"User Management","Gestió d'usuaris"
"Game users updated successfully, returning to the game World.","S'han actualitzat amb èxit els usuaris del joc. Tornant al món de joc."
"You must have at least one Game Master user within your World.","Ha de tenir almenys un usuari director de joc al seu món."
"This user will be permanently deleted from the game world.","Aquest jugador serà eliminat definitivament del món de joc."
"You are about to delete a Game Master user!","Està a punt d’eliminar un director de joc."
"Wall Configuration","Configuració de mur"
"Wall Configuration [Multiple]","Configuració de mur [múltiples]"
"Customize how this wall segment restricts movement or senses.","Personalitzi la forma en què aquest segment de mur limita el moviment o la visibilitat."
"Wall Coordinates","Coordenades del mur"
"Movement Restrictions","Límit de moviment"
"Sight Restriction","Restricció del camp de visió"
"Sound Restriction","Restricció del camp sonor"
"Wall Direction","Direcció del mur"
"Is Door?","És una porta?"
"Door State","Estat de la porta"
"Update Wall","Actualitzar la porta"
"World Details","Detalls del món"
"World Description","Descripció del món"
"Audio/Video Configuration","Configuració d'àudio/vídeo"
"Configure Audio/Video","Configuri àudio/vídeo"
"Configure settings specific to the integrated Audio/Video WebRTC component","Configuri ajustos específics del WebRTC integrat d'àudio/vídeo."
"<Unknown Device>","<Dispositiu desconegut>"
"Video Capture Device","Dispositiu de captura de vídeo"
"Select which video capture device you wish to use, if any.","Seleccioni el dispositiu de captura de vídeo que desitgi utilitzar, si existeix algun."
"Audio Capture Device","Dispositiu de captura d'àudio"
"Select which audio capture device you wish to use, if any.","Seleccioni el dispositiu de captura d'àudio que desitgi utilitzar, si existeix algun."
"Audio Output Device","Dispositiu de Reproducció d'àudio"
"Select which audio output device you wish to use.","Seleccioni el dispositiu de reproducció d'àudio que desitgi utilitzar."
"Audio/Video communication was unable to start because one of the configured input devices was unavailable.","La comunicació d'àudio i vídeo no va poder iniciar-se perquè un dels dispositius d'entrada que ha configurat no estava disponible."
"Disable Sending Camera","Desactivar transmissió de vídeo"
"Disable Sending Audio","Desactivar transmissió d'àudio"
"Disable Audio Output","Desactivar la sortida d'àudio"
"Default Device","Dispositiu per defecte"
"Unavailable Device (will use Default)","Dispositiu no disponible (s'utilitzarà la configuració per defecte)"
"Choose Signalling Server","Seleccionar el servidor de senyalització"
"Signalling Server URL","URL del servidor de senyalització"
"Foundry VTT","Foundry VTT"
"Custom Server","Servidor personalitzat"
"Signalling Server Username","Usuari del servidor de senyalització"
"Signalling Server Password","Contrasenya del servidor de senyalització"
"Relay Server Configuration","Configuració del servidor de reenviament (TURN)"
"Provided by Signalling Server","Proporcionat pel servidor de senyalització"
"Custom Relay Server","Servidor de reenviament personalitzat"
"Relay Server URL","URL del servidor de reenviament"
"Relay Server Username","Usuari del servidor de reenviament"
"Relay Server Password","Contrasenya del servidor de reenviament"
"General","General"
"Devices","Dispositius"
"Server","Servidor"
"General Audio/Video Conferencing Settings can only be modified by the GM","La configuració general d'àudio/vídeo només pot ser modificada per un DJ"
"Audio/Video Conferencing Mode","Mode Conferència d'àudio/vídeo"
"Only a Game Master user may change this setting, which will require Foundry VTT to reload.","Només un usuari director de joc pot canviar aquesta configuració, en canviar-la es requerirà un reinici de Foundry VTT."
"Disabled","Desactivat"
"Audio Only","Sols àudio"
"Video Only","Sols vídeo"
"Audio/Video Enabled","Àudio i vídeo activats"
"Toggle video","Alternar vídeo"
"Configure Settings","Configurar ajustos"
"Send to Dock","Enviar a la barra"
"Pop out","Nova pestanya"
"Push-to-Talk/Mute Key","Tecla de premer-per-parlar/silenciar"
"Assign a keyboard key which, in PTT mode, enables voice while held. If not in PTT mode, the same key mutes while pressed.","Assigna una tecla que, en mode PPH, activa la captura de veu quan es manté pressionada. Si no s'està en mode PPH, la mateixa tecla silenciarà a l'usuari en ser pressionada."
"Voice Broadcasting Mode","Mode de transmissió de Veu"
"Choose how your voice is broadcast in AV calls.","Triï com es transmetrà la seva veu en les trucades de A/V."
"Always Enabled","Sempre actiu"
"Voice Activation","Activitat de veu"
"Push-to-Talk","Prémer per a parlar"
"Allow User Video","Permetre vídeo d'usuari"
"Block User Video","Bloquejar vídeo d'usuari"
"Allow User Audio","Permetre àudio d'usuari"
"Block User Audio","Bloquejar àudio d'usuari"
"Enable Your Video","Activa el vídeo"
"Disable Your Video","Desactiva el vídeo"
"Enable Your Audio","Activa l'àudio"
"Mute Your Audio","Desactiva l'àudio"
"Mute Others' Audio","Silenciar als altres"
"Unmute Others' Audio","Deixar de silenciar als altres"
"Show Players List","Mostrar Llista de Jugadors"
"Hide Players List","Ocultar Llista de Jugadors"
"Cycle Video Size","Canviar grandària de Vídeo"
"Unable to capture from your Audio devices; Sharing Video only","No es pot accedir als seus dispositius d'Àudio; Compartint sol Vídeo"
"Unable to capture from your Video devices; Sharing Audio only","No es pot accedir als seus dispositius de Vídeo; Compartint sol Àudio"
"Unable to capture from your Audio & Video devices","No es pot accedir als seus dispositius d'Àudio i Vídeo"
"Unable to capture from your Video devices","No es pot accedir als seus dispositius de Vídeo"
"Unable to capture from your Audio devices","No es pot accedir als seus dispositius d'Àudio"
"Error connection to Audio/Video Signalling Server","Error de connexió d'Àudio/Vídeo des del servidor de senyalització"
"Lost connection to the Audio/Video Signalling server. Trying to re-establish connection.","S'ha perdut la connexió d'Àudio/Vídeo amb el servidor de senyalització. Intenti restablir la connexió."
"WebRTC Error : ","Error WebRTC : "
"You cannot use Audio/Video calls unless your Foundry VTT server is using SSL certificates. See the online documentation for instructions.","Les trucades d'àudio/vídeo no es poden fer servir tret que el servidor VTT Foundry estigui utilitzant certificats SSL. Consulti la documentació en línia per a obtenir més informació."
"You cannot enable your camera because you do not have permission to broadcast your video feed.","No es pot activar la càmera perquè no té permisos per emetre vídeo."
"You cannot enable your microphone because you do not have permission to broadcast your audio feed.","No es pot activar el micròfon perquè no té permisos per emetre senyal d'àudio."
"World Title","Títol del món"
"Data Path","Ruta de les dades"
"Game System","Sistema de joc"
"Background Image","Imatge d'acollida"
"Next Session","Propera sessió"
"Reset Active Modules","Restabliment dels mòduls actius"
"Reset User Passwords","Restabliment de les contrasenyes dels usuaris"
"Launch in Safe Configuration","Executar en mode segur"
"Disables all modules and active scenes, and stops any playing audio","Desactiva tots els mòduls, les escenes actives i atura tota la reproducció d'àudio"
"World Description","Descripció del món"