"en","cs"
"Activate","Aktivovat"
"Author","Autor"
"Cancel","Zrušit"
"Character","Postava"
"Configure","Nastavení"
"Close","Zavřít"
"Degrees","Stupně"
"Default","Výchozí"
"Delete","Odstranit"
"Distance","Vzdálenost"
"Documentation","Dokumentace"
"Duplicate","Duplikovat"
"Error","Chyba"
"Grid Units","j. mřížky"
"Install","Nainstalovat"
"Elevation","Vyvýšení"
"Foundry Virtual Tabletop","Foundry Virtual Tabletop"
"File Path","Cesta k souboru"
"Height","Výška"
"Hidden","Skrytý,"
" Name"," Jméno"
"No","Ne"
"Notes","Poznámky"
"Preload","Předem načíst"
"Token","Token"
"Path","Cesta"
"Packs","Balíčky"
"Permissions","Pravomoc"
"Pixels","Pixely"
"Ratio","Poměr"
"Rotation","Otočení"
"Save Changes","Uložit změny"
"Scale","Měřítko"
"Sheet","Deník"
"System","Systém"
"Type","Typ"
"Uninstall","Odinstalovat"
"Update","Aktualizovat"
"URL","URL"
"Warning","Varování"
"Width","Šířka"
"X-Coordinate","Souřadnice X"
"Y-Coordinate","Souřadnice Y"
"Yes","Ano"
"Actors Directory","Seznam postav"
"Create Actor","Vytvořit postavu"
"Search Actors","Vyhledat postavu"
"Are you sure you want to exit the Foundry Virtual Tabletop game?","Jsi si jistý, že chceš vypnout Foundry Virtual Tabletop?"
"Clear Chat Log","Smazat chat"
"Export Chat Log","Exportovat chat"
"Flush Chat Log","Smazat historii chatu"
"All messages within the chat log will be permanently deleted.","<h3>Jsi si jistý?</h3><p>Všechny zprávy v chatu budou smazány.</p>"
"{command} is not a valid chat message command.","{command} není platný příkaz v chatu."
"Chat Log","Chat"
"To","Komu"
"Pop Out Message","Zobrazit v okně"
"Reveal To Everyone","Odhalit všem"
"Make Private","Skrýt ostatním"
"Blind GM Roll","Skrytý PJ hod"
"Default Roll Mode","Výchozí režim hodů"
"Public Roll","Veřejný hod"
"Private GM Roll","Soukromý PJ hod"
"Self Roll","Hod pro sebe"
"Rollable Tables","Náhodné tabulky"
"Begin Combat","Zahájit boj"
"Create Encounter","Vytvořit střetnutí"
"Delete Encounter","Odstranit střetnutí"
"Encounter","Střetnutí"
"Activate Previous Encounter","Aktivovat předchozí střetnutí"
"Activate Next Encounter","Aktivovat další střetnutí"
"End Combat","Konec boje"
"Roll Initiative","Hodit iniciativu"
"Reset Initiative","Smazat iniciativy"
"No Active Encounter","Žádné aktivní střetnutí"
"There is no active Combat Encounter in your currently viewed Scene.","V této scéně není žádné aktivní bojové střetnutí."
"There are no Combatants remaining in this Encounter which are not defeated.","V tomto střetnutí nezůstávají žádní soupeři, kteří nejsou poraženi."
"Not Started","Ještě nezačalo"
"Tracked Resource","Sledovaný zdroj"
"Choose an attribute to track for each combatant.","Vyberte atribut, který chcete sledovat u každé postavy zapojené v boji."
"Round","Kolo"
"Rounds","Kola"
"Previous Round","Předchozí kolo"
"Next Round","Další kolo"
"Roll NPCs","Hodit cizím postavám"
"Roll All","Hodit všem"
"Combat Tracker Settings","Nastavení sledování boje"
"Save Tracker Settings","Uložit nastavení"
"Skip Defeated?","Přeskočit poražené?"
"Automatically bypass combatants marked as defeated?","Automaticky přeskočit postavy označené jako poražené?"
"Toggle Visibility","Přepnout viditelnost"
"Mark Defeated","Označit poraženého"
"Turn","Tah"
"Turns","Tahy"
"End Turn","Konec tahu"
"Next Turn","Další tah"
"Previous Turn","Předchozí tah"
"Unknown Combatant","Neznámý účastník boje"
"Create Combatant","Vytvořit účastníka boje"
"Defeated","Poražený"
"Hidden","Skrytý"
"Thumbnail Image","Náhledový obrázek"
"Initiative Value","Hodnota iniciativy"
"Combatant Status","Stav"
"Update Combatant","Upravit účastníka boje"
"Displayed Name","Zobrazované jméno"
"Remove Combatant","Odebrat účastníka boje"
"Re-roll Initiative","Znovu hodit iniciativu"
"Represented Token","Odkazovaný token"
"Compendium Name","Název kompendia"
"Create Compendium","Vytvořit kompendium"
"Create a new Compendium pack in your current World.","Vytvořit nový balíček kompendia v tomhle aktuálním světě"
"Delete Compendium","Odstranit kompendium"
"Delete Entry","Odstranit položku"
"Duplicate Compendium","Duplikovat kompendium"
"New Compendium Title","Nový název kompendia"
"You may duplicate this compendium into your World to have a local copy of its content which is safe to edit.","Tohle kompendium můžete duplikovat do svého světa, aby bylo možné lokálně kopírovat jeho obsah, který lze bezpečně upravovat."
"You must provide a title to create a World Compendium pack.","Musíš zadat název pro vytvoření balíku knihovny."
"Import All Content","Importovat veškerý obsah"
"All of the content from this Compendium pack will be imported into your World to a Folder which you may name.","Veškerý obsah z tohoto kompendia bude importován do vašeho světa do složky, kterou můžete pojmenovat."
"Importing {number} {type} entries into the {folder} folder. Please be patient.","Importuji {number} {type} do složky {folder}. Prosím, buď trpělivý."
"Successfully imported {number} {type} entries into the {folder} folder.","Úspěšně naimportováno {number} {type} do složky {folder}."
"Import Entry","Použít položku"
"Document Type","Typ entity"
"Each Compendium pack contains a specific type of Document.","Každý balíček kompendia obsahuje specifický typ entity."
"Toggle Visibility","Přepnout viditelnost"
"Toggle Edit Lock","Přepnout uzamčení úprav"
"You are attempting to unlock for editing a compendium that does not belong to this World. Any changes you make in this compendium pack may be lost if the system or module which owns it is updated. You may wish to duplicate the compendium to your world instead. Do you wish to proceed?","Pokoušíš se odemknout kompendium pro úpravy, které nepatří tomuto světu. Jakékoliv změny které provedeš v tomto balíčku budou ztraceny, když svět nebo balíček kterému patří bude aktualizován. Bude lepší když místo toho kompendium duplikuješ do tohoto světa. Přeješ si pokračovat?"
"Game Controls Reference","Ovládání hry"
"This form describes common keyboard and mouse commands used to control various aspects of the Foundry Virtual Tabletop environment. Some controls are only available to a Game Master user, those are highlighted in light purple.","Tato tabulka popisuje základní ovládání pomocí klávesnice a myši. Některé ovládání je pouze pro pána jeskyně a to je znázorněno světle růžovým pozadím."
"Select Tokens","Vybrat tokeny"
"Select Targets","Vybrat cíle"
"Measure Distance","Změřit vzdálenost"
"Measurement Controls","Ovládaní měření"
"Circle Template","Šablona kruhu"
"Cone Template","Šablona kuželu"
"Rectangle Template","Šablona obdélníku"
"Ray Template","Šablona paprsku"
"Clear Templates","Smazat šablony"
"Tile Controls","Ovládaní dlaždic"
"Select Tiles","Vybrat dlaždice"
"Place Tile","Umístit dlaždici"
"Tile Browser","Prohlížeč dlaždic"
"Drawing Tools","Kreslící nástroje"
"Select Drawings","Vybrat kresby"
"Draw Rectangle","Nakreslit obdélník"
"Draw Ellipse","Nakreslit elipsu"
"Draw Polygon","Nakreslit polygon"
"Draw Freehand","Kreslit od ruky"
"Draw Text","Vložit text"
"Clear Drawings","Smazat kresby"
"Configure Drawing","Nastavení kreslení"
"Wall Controls","Ovládání zdí"
"Draw Walls","Nakreslit zdi"
"Invisible Walls","Neviditelné zdi"
"Terrain Walls","Terénní zdi"
"Ethereal Walls","Éterické zdi"
"Draw Doors","Vložit dveře"
"Secret Doors","Tajné dveře"
"Rectangular Select Walls","Obdélníkový výběr zdí"
"Force Snap to Grid","Vynutit přichycení k mřížce"
"Clone Walls","Kopírovat zdi"
"Clear Walls","Smazat zdi"
"Lighting Controls","Ovládaní světel"
"Draw Light Source","Vložit zdroj světla"
"Clear Lights","Smazat světla"
"Reset Fog of War","Obnovit mlhu"
"Transition to Daylight","Přejít na denní světlo"
"Transition to Darkness","Přejít na tmu"
"Reset Fog of War Exploration?","Obnovit průzkum mlhy?"
"This will reset fog of war for this Scene for all players.","Tohle obnoví průzkum mlhy všem hráčům v téhle scéně."
"Ambient Sound Controls","Ovládání zvuku prostředí"
"Draw Ambient Sound","Vložit zvuk prostředí"
"Clear Sounds","Smazat zvuky"
"Journal Notes","Poznámky"
"Select Notes","Vybrat poznámky"
"Toggle Notes Display","Přepnout zobrazení poznámek"
"Clear Notes","Smazat poznámky"
"Clear All Objects","Smazat všechny objekty"
"Permanently delete all {type} objects from this Scene?","Trvale odstranit všechny {type} objekty z této scény?"
"General Game Controls","Obecné ovládání hry"
"These controls generally apply across all aspects of Foundry functionality.","Tyto ovládací prvky se obecně vztahují na všechny aspekty funkčnosti Foundry."
"Canvas Layer Controls","Ovládaní vrstvy plátna"
"These controls apply when interacting with a specific Canvas layer.","Tyto ovládací prvky se používají při interakci s konkrétní vrstvou plátna."
"Placeable Object Controls","Ovládání umístěných objektů"
"These controls apply when interacting with an Object placed on the Canvas.","Tyto ovládací prvky se používají při interakci s objekty umístěných na plátně."
"Specialized Controls","Specifické ovládání"
"These controls apply only during specific interactions.","Tyto ovládací prvky platí pouze během specifických interakcí."
"Mouse Controls","Ovládání myší"
"Keyboard Controls","Ovládání klávesnici"
"Toggle Main Menu","Přepnout hlavní menu"
"Close Open Windows","Zavřít otevřená okna"
"Toggle Game Pause","Přepnout pauzu hry"
"Cancel Pending Move","Zrušit připravený pohyb"
"Move Object","Přesunout objekt"
"Pan Canvas","Posunout plátnem"
"Select Object","Vybrat objekt"
"Add or Remove Selected Objects","Přidat nebo odebrat vybrané objekty"
"Use Active Tool","Použít aktivní nástroj"
"Cancel Left-Drag Operation","Zrušit táhnutí levým tlačítkem myši"
"Zoom Canvas","Přiblížit nebo oddálit plátno"
"Left Click","Levé kliknutí"
"Double Left Click","Dvojité levé kliknutí"
"Left-Click Drag","Přetažení levým kliknutím"
"Double","Dvojité"
"Right-Click","Pravé kliknutí"
"Drag","Táhnout"
"Drop","Pustit"
"during","během"
"Highlight Canvas Objects","Zvýraznit objekty na plátně"
"Pan Canvas","Posunout plátnem"
"Zoom In","Přiblížit"
"Zoom Out","Oddálit"
"Cycle Tokens or Reset View","Přepínat mezi tokeny, obnovit pohled"
"Keyboard Movement (Tokens or Tiles)","Pohyb klávesnici (Tokeny / dlaždice)"
"Diagonal Movement","Diagonální pohyb"
"Face Direction","Směr tváře"
"Delete Selected Objects","Odstranit vybrané objekty"
"Copy Canvas Elements","Zkopírovat prvky na plátně"
"Paste Canvas Elements","Vložit prvky na plátno"
"Undo Canvas Operation","Vrátit zpět úkon na plátně"
"Activate Hotbar Slot","Aktivovat slot v hotbaru"
"Ruler Measurement","Měření pravítkem"
"Measure Distance with Ruler","Změřit vzdálenost pravítkem"
"Place Measurement Waypoint","Vložit bod na trase"
"Move Token on Measured Path","Přesunout token po změřené cestě"
"while measuring from a Token","během měření od tokenu"
"Open Referenced Object Sheet","Otevřít daný objekt"
"Display Object HUD (If Applicable)","Zobrazit HUD objektu (je-li to možné)"
"Open Object Configuration Sheet","Otevřít nastavení daného objektu"
"Move Controlled Objects","Přesunout označené objekty"
"Cancel Drag Workflow","Zrušit během přetahování"
"Rotate Object (Slow)","Otočit objektem (pomalu)"
"Rotate Object (Fast)","Otočit objektem (rychle)"
"Bypass Snap-to-Grid","Obejít přichycení k mřížce"
"Mouse-Wheel","Kolečko myši"
"Drag and Drop","Drag and Drop"
"Token Controls","Ovládání tokenu"
"Place Hidden Token","Umístit skrytý token"
"Set (non-Owned) Token as Target","Nastav (nevlastní) token jako cíl"
"Walls Layer Controls","Ovládání vrstev zdí"
"Chain Wall Creation","Vytvoření propojené zdi"
"Select Chained Segments","Vybrat propojené úseky"
"Drawing Tool Controls","Ovládání kreslících nástrojů"
"Confirm Drawing Text","Potvrdit psaný text"
"Cancel Drawing Text","Zrušit psaný text"
"The dice roll formula {formula} did not produce a numeric outcome.","Vzorec hodu {formula} nevrátil číselný výsledek."
"The attribute {match} was not present in the provided roll data.","Atribut s názvem '{match}' není nastaven v datech pro hod."
"Drawing Configuration","Upravit štětec kresby"
"Default Drawing Configuration","Nastavení štětce"
"Configure Default","Použít"
"Create Drawing","Vytvořit kresbu"
"Update Drawing","Potvrdit úpravy kresby"
"Reset Defaults","Obnovit výchozí"
"Position","Umístění"
"Lines","Čára"
"Fill","Výplň"
"Text","Text"
"Adjust the position and visibility of the Drawing.","Umístění a viditelnost kresby"
"Adjust the outer line work for the Drawing.","Vlastnosti čáry, vnější hranice objektů kresby"
"Adjust the interior fill preferences for this Drawing.","Vlastnosti výplně kresby"
"Adjust the text label applied to this Drawing (if any).","Vlastnosti textu kresby (pokud jej obsahuje)"
"Author","Autor"
"X-Position","Vodorovná-pozice"
"Y-Position","Svislá-pozice"
"Width","Šířka"
"Height","Výška"
"Rotation","Natočení"
"Z-Index","Hloubkový index"
"Line Width","Tloušťka"
"Stroke Color","Barva"
"Line Opacity","Průsvitnost"
"Smoothing Factor","Vyhlazení"
"For freehand drawing, the smoothing factor controls the amount of spline smoothing.","U kreslení rukou vyhlazení určuje počet bodů, kterými čára prochází."
"Fill Types","Výplně"
"None","Žádná"
"Solid","Plná"
"Pattern","Vzorek"
"Fill Color","Barva"
"Fill Opacity","Průhlednost"
"Fill Texture","Textura"
"Text Label","Text"
"Font Family","Písmo"
"Font Size","Velikost"
"Text Color","Barva"
"Text Opacity","Průhlednost"
"Custom","Vlastní"
"Multiply","Znásobit"
"Add","Přidat"
"Downgrade","Snížit"
"Upgrade","Vylepšit"
"Override","Přepsat"
"Configure Active Effect","Upravit aktivní efekt"
"Details","Podrobnosti"
"Duration","Trvání"
"Effects","Efekty"
"Effect Label","Text efektu"
"Effect Icon","Ikona efektu"
"Icon Tint Color","Obarvení ikony"
"Effect Suspended","Efekt potlačen"
"Effect Origin","Zdroj efektu"
"Transfer Effect to Actor","Přenos efektu na postavu"
"Effect Duration (Seconds)","Trvání efektu (sekundy)"
"Effect Start Time","Zahájení efektu"
"Effect Duration (Turns)","Trvání efektu (kola)"
"Combat Encounter","Bojové střetnutí"
"Effect Start Turn","Kolo zahájení efektu"
"Attribute Key","Klíč atributu"
"Change Mode","Mód změny"
"Effect Value","Hodnota efektu"
"Submit Changes","Odeslat změny"
"Asleep","Spící"
"Dead","Mrtvý"
"Unconscious","V bezvědomí"
"Stunned","Omráčený"
"Prone","Malátný"
"Restrained","Zdrženlivý"
"Paralyzed","Ochrnutý"
"Flying","Letící"
"Blind","Slepý"
"Deaf","Hluchý"
"Silenced","Umlčený"
"Afraid","Zastrašený"
"Burning","Hořící"
"Frozen","Zmražený"
"Shocked","Otřesen"
"Corroding","Rezavějící"
"Bleeding","Krvácející"
"Diseased","Nemocný"
"Poisoned","Otrávený"
"Radioactive","Radioaktivní"
"Regeneration","Regenerace"
"Degeneration","Degenerace"
"Empowered","Posílený"
"Weakened","Oslabený"
"Targeted","Zacílený"
"Marked","Označený"
"Cursed","Prokletý"
"Blessed","Požehnaný"
"Fire Shield","Ohnivý štít"
"Ice Shield","Ledový štít"
"Magic Shield","Magický štít"
"Holy Shield","Svatý štít"
"Actor","Postava"
"Chat Message","Zpráva"
"Combat Encounter","Bojové střetnutí"
"Item","Předmět"
"Folder","Složka"
"Journal Entry","Zápis poznámek"
"Macro Command","Příkaz makra"
"Audio Playlist","Seznam skladeb"
"Scene","Scéna"
"Rollable Table","Náhodná tabulka"
"User","Uživatel"
"Create New {entity}","Vytvořit novou {entity}"
"New {entity}","Nová {entity}"
"Create New","Vytvořit novou"
"Foundry Virtual Tabletop requires a minimum screen resolution of {reqWidth}px by {reqHeight}px or greater. Your display currently has an effective resolution of {width}px by {height}px, as a result many features of the software may not work properly.","Foundry Virtual Tabletop vyžaduje minimálně rozlišení monitoru {reqWidth}px na {reqHeight}px nebo větší. Tvůj displej má aktuálně {width}px na {height}px a spousta funkcí programu nemusí fungovat v pořádku."
"Your browser does not currently support WebGL rendering which is required by Foundry Virtual Tabletop. Ensure that you have hardware rendering and WebGL enabled in your browser.","Tvůj prohlížeč nepodporuje WebGL vykreslování, které vyžaduje Foundry Virtual Tabletop. Ujisti se, že máš povolený WebGL vykreslování v prohlížeči."
"You are using a Scene background texture with dimensions {width}px by {height}px. One or both of these dimensions exceeds the maximum texture size of {max}px supported by your device.","Používáš pozadí s rozměry {width}px na {height}px. Jeden nebo oba rozměry přesahují {max}px velikost, kterou podporuje toto zařízení."
"The provided server administrator password is invalid. If you have forgotten your configured password you will need to manually delete the <strong>Config/admin.txt</strong> file from your user data location.","Zadané administrátorské heslo je neplatné. Pokud jsi zapomněl své heslo, budeš muset ručně smazat soubor <strong>Config/admin.txt</strong>, uložený v uživatelských datech."
"The attempted Token movement collides with at least one Wall.","Pokus o pohyb tokenu se srazí s alespoň jednou zdí."
"The request to browse existing packages failed to connect with the Foundry server. Make sure your application allows outbound connections.","Žádost procházet existující balíčky selhala kvůli nedostupnému připojení k Foundry serverům. Ujistěte se, že aplikace má povolena odchozí připojení."
"You are using the grid configuration tool for a scene with no background image. This is not currently recommended and may produce unpredictable results.","Používáš Nástroj nastavení mřížky ve scéně, ve které není žádný obrázek na pozadí. V současné chvíli to není doporučené a může to způsobit nepředvídatelné následky."
"Acknowledge Agreement","Potvrdit dohodu"
"Agree","Souhlas"
"I agree to these terms","Souhlasím s těmito pravidly"
"Decline","Odmítnout"
"Create Directory","Vytvořit složku"
"Toggle Privacy Mode","Přepnout soukromý režim"
"Display Mode","Režim zobrazení"
"List View","Zobrazení seznamu"
"Tiles View","Zobrazení dlaždic"
"Thumbnail View","Zobrazení miniatur"
"Images View","Zobrazení obrázků"
"Filter Results","Filtrovat výsledky"
"S3 Bucket","S3 Bucket"
"Selected","Vybráno"
"Asset Grid Size","Nastavit velikost mřížky"
"Specify the pixel grid size of source tile artwork so it will be automatically resized when placed onto your active Scene.","Nastav velikost pixelu mřížky zdrojového obrázku dlaždice, díky čemuž se po vložení do aktivní Scény automaticky změní velikost."
"No matching results found in this location.","Nebyly nalezeny žádné odpovídající výsledky."
"Upload","Nahrát"
"Search","Vyhledat"
"The file you have attempted to upload is too large for your proxy server to handle.","Soubor, který se snažíš nahrát, je pro tvůj proxy server příliš veliký."
"Something went wrong with your file upload request.","S nahráním tvého souboru se něco pokazilo."
"You have uploaded files into a module or system directory. This is generally <strong>unsafe</strong> because updates to the system or module will delete your files.","Nahrál jsi soubory do adresáře modulu nebo systému. To je obecně <strong>nebezpečné</strong>, protože aktualizace systému nebo modulu odstraní vaše soubory."
"Image or Video Browser","Procházet obrázky a videa"
"Image Browser","Procházet obrázky"
"Video Browser","Procházet videa"
"Audio Browser","Procházek zvuky"
"User Data","Data uživatelů"
"Core Data","Data jádra"
"Amazon S3","Amazon S3"
"Browse Files","Procházet soubory"
"Game Paused","Pozastavení hry"
"You cannot take this action while the game is currently paused.","Tuto akci nemůžeš provést, dokud je hra pozastavena."
"Game invitation link copied to clipboard","Pozvánka do hry byla zkopírována do schránky"
"Share the below invitation links with users who you wish to have join your game. The local invitation link is for users on your local network while the internet link connects via internet on the configured port.","Sdílejte níže uvedené odkazy s uživateli, kteří se chtějí připojit k vaší hře. Odkaz místní síť je určen uživatelům ve vaší místní síti, zatímco internet se připojuje přes internet na nastaveném portu."
"Internet","Internet"
"Local Network","Místní síť"
"Game Invitation Links","Pozvánky do hry"
"Create Item","Vytvořit předmět"
"Delete Item","Odstranit předmět"
"Search Items","Vyhledat předmět"
"View Item Artwork","Zobrazit kresbu předmětu"
"Toggle Visibility State","Přepnout viditelnost"
"Toggle Locked State","Přepnout uzamčení"
"Bring to Front","Přesunout do popředí"
"Send to Back","Přesunout do pozadí"
"Journal","Poznámky"
"Search Journal Entries","Vyhledat poznámky"
"Create Entry","Vytvořit zápis"
"Text","Text"
"Image","Obrázek"
"Show Players","Ukázat hráčům"
"Showed the {mode} content of {title} to {which} players.","{mode} s názvem {title} zobrazen hráčům: {which}."
"Save Entry","Uložit zápis"
"Center","Na střed"
"Bottom","Spodní"
"Top","Vrchní"
"Left","Levé"
"Right","Pravé"
"Light Animation Type","Typ světelné animace"
"Animation Speed","Rychlost animace"
"Animation Intensity","Intenzita animace"
"Torch","Louče"
"Pulse","Blikání"
"Chroma","Sytost"
"Pulsing Wave","Vlnění"
"Swirling Fog","Vířící mlha"
"Sunburst","Sluneční paprsek"
"Light Dome","Světelná kopule"
"Mysterious Emanation","Tajemné vyzařování"
"Energy Field","Energické pole"
"Hexa Dome","6úhelníková kopule"
"Ghostly Light","Strašidelné světlo"
"Roiling Mass (Darkness)","Vířící hmota (tma)"
"Black Hole (Darkness)","Černá díra (tma)"
"Light Source Configuration","Nastavení zdroje světla"
"Configure the position, radius, angle, color, and animation of this ambient light source.","Nastavení pozice, poloměru, úhlu, barvy a animace zdroje prostorového světla."
"Create Light Source","Vytvořit zdroj světla"
"Dim Light Radius","Poloměr slabého světla"
"Bright Light Radius","Poloměr ostrého světla"
"Emission Angle","Úhel svitu"
"Light Color","Barva světla"
"Color Intensity","Intenzita barvy"
"Light Rotation Angle","Úhel natočení světla"
"Light Type","Typ světla"
"Local Light","Místní"
"Global Light","Globální"
"Universal Light","Univerzální"
"Update Light Source","Použít změny"
"Create Macro","Vytvořit makro"
"Delete Macro","Odstranit makro"
"Edit Macro","Upravit makro"
"Execute Macro","Vykonat makro"
"Remove Macro","Odstranit makro"
"Save Macro","Uložit makro"
"Search Macros","Vyhledat makro"
"Reload Application","Znovu načíst aplikaci"
"Log Out","Odhlásit se"
"User Management","Nastavení hráčů"
"Return to Setup","Návrat do nastavení"
"Bug or Issue Reports","Hlášení o chybách nebo problémech"
"Deactivate All Modules","Vypnout všechny moduly"
"Module Documentation","Dokumentace modulu"
"Module Management","Správa modulu"
"Use this form to configure which Modules are active within your current World. Submitting changes to active modules will cause the current session to reload.","Použij tento seznam k nastavení modulů, které jsou ve tvém Světě aktivní. Vložení změn do aktivních modulů způsobí znovu načtení současného sezení."
"The Modules listed below are currently active within this World.","Níže vypsané Moduly jsou v tomto Světě aktivní."
"No Modules are available within this World. You can view, but do not have permission to modify this list.","V tomto světě nejsou dostupné žádné moduly. Můžeš prohlížet, ale nemáš pravomoci tento seznam upravovat."
"Filter Modules","Filtrovat moduly"
"Save Module Settings","Uložit nastavení modulu"
"Dependencies","Závislosti"
"This module has {number} inactive dependencies which are required for it to function properly:","Tento modul má {number} závislostí, které jsou vyžadovány. Chceš je také aktivovat?"
"This module had {number} dependencies which may no longer be required:","Tento modul má {number} dalších závislostí. Chceš je také vypnout?"
"You have enabled the module {module}, but it's dependencies {missing} are not enabled!","Aktivoval jsi modul {module}, ale jeho závislosti stále nejsou aktivní: {}"
"All Modules","Všechny moduly"
"Active Modules","Aktivní moduly"
"Inactive Modules","Neaktivní moduly"
"Text Anchor Point","Bod ukotvení textu"
"Map Note Configuration","Nastavení poznámky mapy"
"Entry Icon","Vložit ikonu"
"Font Size","Velikost písma"
"Font Family","Písmo"
"Icon Size","Velikost ikony"
"Icon Tint","Obarvit ikonu"
"Text Label","Označení textu"
"Text Color","Barva"
"Update Map Note","Aktualizovat poznámku mapy"
"Players","Hráči"
"Select Character","Vybrat postavu"
"Release Character","Propustit postavu"
"User Configuration","Nastavení hráče"
"Player Color","Barva hráče"
"Player Avatar","Avatar hráče"
"Pull To Scene","Vtáhnout do scény"
"Save Configuration","Uložit nastavení"
"View Player Avatar","Ukázat avatar hráče"
"Kick Player","Vyhodit hráče"
"Ban Player","Zakázat hráče"
"Un-Ban Player","Povolit hráče"
"Create Playlist","Vytvořit seznam skladeb"
"Delete Playlist","Odstranit seznam skladeb"
"Edit Playlist","Upravit seznam skladeb"
"Global Volume Controls","Globální ovládání hlasitosti"
"Soundboard Only","Pouze zvukový panel"
"Sequential Playback","Sekvenční přehrávání"
"Shuffle Tracks","Náhodné přehrávání"
"Simultaneous Playback","Simultánní přehrávání"
"Play Playlist","Přehrát seznam skladeb"
"Stop Playlist","Zastavit seznam skladeb"
"Playlists","Seznam skladeb"
"Ambient","Prostředí"
"Interface","Rozhraní"
"Playlist Name","Název seznamu skladeb"
"Playback Mode","Mód přehrávání"
"Update Playlist","Aktualizovat seznam skladeb"
"Edit Sound","Upravit zvuk"
"Delete Sound","Odstranit zvuk"
"Loop Sound","Opakovat zvuk"
"Track Name","Délka stopy"
"Audio Source","Zdroj zvuku"
"Repeat","Opakovat"
"Large File Streaming","Sdílení velkého souboru"
"Update Track","Aktualizuj stopu"
"Play Sound","Přehrát zvuk"
"Preload Sound","Předem načíst zvuk"
"Sound Volume","Hlasitost zvuků"
"Sound Stop","Zastavit zvuk"
"Accessibility","Dostupnost"
"GM Only","Pouze PJ"
"All Players","Všichni hráči"
"Activate","Aktivovat"
"Audio Playlist","Seznam skladeb"
"A Playlist which should automatically begin playing when this Scene is activated.","Seznam skladeb, které se automaticky spustí, když se tato scéna stane aktivní."
"Background Color","Barva pozadí"
"Background Image","Obrázek na pozadí"
"Configure the background image and dimensions of the scene's primary map.","Nastavení obrázku na pozadí a rozměry scény."
"Background Image Scale","Měřítko obrázku na pozadí"
"Configure","Nastavení"
"Configure Scene","Upravit scénu"
"Darkness Level","Úroveň tmy"
"Apply an overlay which darkens the Scene and diminishes light sources to simulate nighttime or dim conditions.","Nastavení překrytí tmy, která zakrývá scénu pro simulaci noci nebo šera."
"Scene Dimensions","Rozměry scény"
"Change Scene Dimensions?","Změnit rozměry scény?"
"You are changing the underlying dimensions of this Scene, if you have already placed objects in this Scene this operation may cause those objects to shift position relative to the background image.","Měníš základní rozměry této scény. Pokud jsi již do této scény umístil objekty, může tato operace způsobit, že tyto objekty se posunou vzhledem k poloze obrázku na pozadí."
"Fog Exploration","Průzkum mlhy"
"Track the exploration progress of Tokens in this Scene, revealing fog of war for areas which have been explored.","Ukládá prozkoumané území ve scéně, rozptyluje mlhu."
"Regenerate Thumbnail Image","Vygeneruj náhledový obrázek"
"Unrestricted Vision Range","Globální osvětlení"
"Reveal all areas that controlled Tokens have direct line of sight to observe. If disabled, vision is restricted to illuminated areas.","Osvětli všechny oblasti ve scéně, kde má hráčův token přímou viditelnost."
"Vision Limitation Threshold","Hranice globálního osvětlení"
"Automatically disable the Unrestricted Vision Range setting when the Darkness Level of the Scene exceeds a threshold value.","Automaticky vypnout globální osvětlení ve chvíli, kdy úroveň temnoty dosáhne patřičné hranice."
"Grid Color","Barva mřížky"
"Grid Configuration Tool","Nástroj pro nastavení mřížky"
"Grid Opacity","Průhlednost mřížky"
"Grid Type","Typ mřížky"
"Gridless","Bez mřížky"
"Square","Čtverec"
"Hexagonal Rows - Odd","Šestihranné řádky - liché"
"Hexagonal Rows - Even","Šestihranné řádky - sudé"
"Hexagonal Columns - Odd","Šestihranné sloupce - liché"
"Hexagonal Columns - Even","Šestihranné sloupce - sudé"
"Grid Size","Velikost mřížky"
"Grid Offset Position","Posunutí mřížky"
"Grid Scale","Velikost mřížky"
"Distance","Vzdálenost"
"Units","j. mřížky"
"Ambience and Atmosphere","Prostředí a atmosféra"
"Configure additional integrations between this scene and Journal Entries, Audio Playlists, or Weather Effects.","Nastavit pokročilé spojení mezi scénou a poznámkami, zvukem, nebo počasím. "
"Details and Dimensions","Detaily a rozměry"
"Configure the basic details for this scene and permissions which control its visibility.","Nastavit základní detaily scény a práva k ovládání viditelnosti."
"Grid Configuration","Nastavení mřížky"
"Configure the grid dimensions which are used to measure token movement in this scene.","Nastavte rozměry mřížky, která se používá k měření pohybu tokenu v této scéně."
"Vision and Lighting","Dohlednost a osvětlení"
"Configure the vision, lighting, and fog of war settings which apply to this Scene.","Nastavení dohlednosti, vyzařování světla a mlhy války této scény."
"Initial View Position","Počáteční pozice pohledu"
"Capture Current View","Zachyť aktuální pohled"
"Set a default camera position that is displayed the first time this Scene is viewed.","Nastaví výchozí polohu kamery, která se zobrazí při prvním zobrazení této scény."
"Loading {name}","Nahrávání {name}"
"Navigation Name","Název v navigační liště"
"An alternative name for the Scene that is displayed in the Navigation Bar instead of the actual Scene name.","Alternativní název scény, který se zobrazí hráčům v navigační liště"
"Scene Notes","Poznámky scény"
"Padding Percentage","Odsazení v procentech"
"pixels","pixely"
"Preload Scene","Předem načíst scénu"
"Scene Name","Název scény"
"View Scene","Zobrazit scénu"
"Journal Notes","Poznámky"
"A linked Journal Entry which provides notes for the Game Master about this Scene.","Propojená poznámka, která popisuje tuto scénu pro Pána jeskyně."
"Navigation","Navigace"
"Offset Background","Odsazení pozadí"
"Horizontal","Vodorovné"
"Vertical","Svislé"
"Token Vision","Vidění tokenu"
"Restrict visibility within this Scene to the shared vision of all controlled Tokens. If disabled, the entire Scene is visible.","Omezí viditelnost v této scéně na základě tokenů a jejich dohledu."
"Toggle Navigation","Přepnout v navigaci"
"units","jednotka"
"Weather Effect","Efekt počasí"
"Configure an active Weather Effect which is present within this Scene.","Nastav aktivovaný efekt počasí, který je v této Scéně aktivovaný."
"Configure Settings","Upravit nastavení"
"Controls Reference","Ovládání hry"
"View Documentation","Zobrazit dokumentaci"
"Invitation Links","Pozvánky do hry"
"Manage Modules","Správa modulů"
"View Active Modules","Zobraz aktivní moduly"
"Configure Game Settings","Upravit nastavení hry"
"Update Software","Aktualizuj program"
"Log Out","Odhlásit"
"User Management","Nastavení hráčů"
"Reset Defaults","Obnovit výchozí"
"Save Changes","Uložit změny"
"Return to Setup","Návrat do nastavení"
"General Information","Obecné informace"
"Game Settings","Nastavení hry"
"Help and Documentation","Nápověda a dokumentace"
"Game Access","Přístup ke hře"
"Community Wiki Pages","Komunitní wiki stránky"
"Token Vision Animation","Animace viditelnosti tokenu"
"Animate Token vision and light changes during Token movement animations. Disabling this will improve performance for lower-end machines.","Animovat viditelnosti a změny osvětlení během pohybu tokenu. Vypnutí může na slabších strojích zlepšit výkon."
"Light Source Animation","Animace zdroje světla"
"Allow light source animations. Disabling this will improve performance for lower-end machines.","Povolit animaci světla. Vypnutí může na slabších strojích zlepšit výkon."
"Language Preference","Nastavení jazyka"
"Change the displayed language for Foundry Virtual Tabletop.","Změň zobrazovaný jazyk pro Foundry Virtual Tabletop."
"Left-Click to Release Objects","Klikni levým tlačítkem myši k uvolnění objektů."
"When enabled, a left click on empty canvas space will release any currently controlled objects. If disabled, objects are released by selecting an empty space, shift-clicking the object, or pressing the escape key.","Pokud je povoleno, levým kliknutím do prázdného prostoru na plátně uvolníš všechny aktuálně ovládané objekty. Pokud je zakázáno, objekty se uvolní výběrem prázdného místa, klepnutím se stisknutou klávesou SHIFT nebo stisknutím klávesy ESC."
"Enable Chat Bubbles","Povolit chatovací bubliny"
"Configure whether or not chat bubbles will be displayed above Tokens for in-character and emote type chat messages.","Nastav, zda se nad tokeny budou zobrazovat chatovací bubliny a emoty."
"Pan to Token Speaker","Posunout na mluvící token"
"Configure whether to automatically pan the camera to a speaking token when it displays a chat bubble.","Nastav, zda se má kamera automaticky posunout na mluvící token, když se zobrazí bublina chatu."
"Maximum Framerate","Maximální snímková frekvence"
"Limit the maximum framerate at which Foundry Virtual Tabletop will render canvas updates. Lowering this value may improve application performance for less powerful hardware.","Maximální počet snímků - FPS, při kterém Foundry Virtual Tabletop vykresluje plátno. Snížením této hodnoty se může zlepšit výkon aplikace pro méně výkonný hardware."
"Zoomed Texture Antialiasing","Vyhlazení textur při přiblížení"
"Compute mipmaps to antialias sprite textures at lower levels of zoom. This is a client setting as different users may prefer different visual styles.","Spočítat mipmapy pro rychlejší výpočet vyhlazení textur při oddálení. Toto je nastavení lokálního uživatele."
"Enable Soft Shadows","Povolit měkké stíny"
"Enable soft shadows for more beautiful dynamic lighting, or disable it for improved performance on machines with lower-end hardware.","Povolit měkké stíny pro hezčí dynamické osvětlení, nebo je zakázat pro lepší výkon na slabších zařízeních."
"Core Settings","Základní nastavení"
"Module Settings","Nastavení modulu"
"System Settings","Nastavení systému"
"Token Drag Vision","Viditelnost během přetahování tokenu"
"When enabled, vision and lighting for a Token is previewed in real time during a left-click drag workflow. This is disabled by default because it may promote undesirable meta-gaming behaviors.","Pokud je aktivováno, pak vidění a osvětlení pro token může být nahlíženo v reálném čase během tažení myši. V základu je vypnuté, protože by mohl způsobovat nesportovní chování hráčů, protože tento pohyb není nijak zaznamenán jinde než lokálně."
"Core Software Version","Verze jádra programu"
"If an update to the core Foundry Virtual Tabletop software is available, you may apply it here. You are currently using version {coreVersion}.","Pokud je dostupná aktualizace jádra programu Foundry Virtual Tabletop, zde ji můžeš aplikovat. V současné chvíli používáš verzi {coreVersion}."
"Default Language","Výchozí jazyk"
"You may choose a default language for the application by choosing a module which provides the core translation files for that language.","Můžete vybrat výchozí jazyk pro aplikaci vybráním modulu s překladovými soubory."
"Software Configuration","Nastavení softwaru"
"Software Update","Aktualizace programu"
"A {type} update to {channel} version {version} is now available!","Aktualizace programu v kanále {channel} na verzi {version} je nyní dostupná!"
"Configuration","Nastavení"
"These fields customize the behavior of the Foundry Virtual Tabletop application. Changes will require the server to restart.","Upravení těchto polí mění chování aplikace. Změny budou vyžadovat restart serverové aplikace."
"Optimize Static Files","Redukování statického obsahu"
"Reduce network traffic by serving minified static JavaScript and CSS files. Enabling this setting is recommended for most users, but module developers may wish to disable it.","Redukování přenosu JavaScript a CSS souborů. Toto nastavení je doporučeno pro běžného uživatele, vývojáři jej běžně vypínají."
"Add-on Modules","Doplňkové moduly"
"Game Systems","Herní systémy"
"Configuration and Setup","Konfigurace a nastavení"
"Update Software","Aktualizovat program"
"Update All","Aktualizovat vše"
"Software Update Channel","Kanál aktualizací programu"
"You may choose an update channel to control the types of updates you wish to receive for the core Foundry Virtual Tabletop software. If you do not have a specific reason to change this, it is recommended to consume the Release channel.","Můžeš si vybrat kanál aktualizací pro kontrolu nad tím, jaké aktualizace získá jádro programu Foundry Virtual Tabletop. Nemáš-li specifický důvod to měnit, je doporučeno použít kanál Vydaných."
"Update","Aktualizovat"
"Check For Update","Aktualizovat"
"Alpha (Unstable)","Alfa (nestabilní)"
"Beta (Release Candidate)","Beta (kandidát na vydání)"
"Release (Stable)","Vydaný (stabilní)"
"Checking the Force Update box will force your version to the requested channel. Do not use this option unless you know exactly what you are doing.","Zaškrtnutím políčka vynutit aktualizaci, donutíte vaši verzi na požadovaný kanál. Tuto možnost nepoužívejte, pokud přesně nevíte, co děláte."
"Uninstall","Odinstalovat"
"Create World","Vytvořit svět"
"Delete World","Odstranit svět"
"Edit World","Upravit svět"
"Launch World","Spustit svět"
"Game Worlds","Herní světy"
"Requires Update","Vyžaduje aktualizaci"
"Requires System Update","Vyžaduje aktualizaci systému"
"Requires Dependency","Vyžaduje provázání"
"Requires Core Update","Vyžaduje aktualizaci jádra"
"Compatibility Unknown","Kompatibilita neznámá"
"Compatibility Risk","Riziko kompatibility"
"Manifest URL","Manifest URL"
"You can install any package by providing a direct link to its JSON manifest URL.","Můžeš nainstalovat jakýkoliv balíček vložením přímé adresy k JSON manifest URL."
"Install Module","Nainstalovat modul"
"Install System","Nainstalovat systém"
"{type} {name} was installed successfully","{type} {name}: instalace úspěšná"
"Installation failed: {message}","Instalace neúspěšná: {message}"
"Install World","Nainstalovat svět"
"uninstalled successfully","úspěšně odinstalováno"
"Uninstallation failed","Odinstalace selhala"
"updated successfully","Úspěšně aktualizováno"
"Update failed","Aktualizace selhala"
"Loading Available Packages","Načítání dostupných balíčků"
"Filter Packages","Filtrovat balíčky"
"You can filter available packages by name.","Můžeš si filtrovat balíčky podle jména."
"Package Categories","Kategorie balíčku"
"Installed","Instalovaný"
"Not Owned","Nevlastněné"
"All Packages","Všechny balícky"
"Installed Only","Instalované"
"Uninstalled Only","Neinstalované"
"{title} has {number} dependencies which are not yet installed.","Tento modul má ještě {number} nenainstalovaných závislostí."
"Install Package Dependencies","Instalovat závislosti balíčku"
"You may not be able to use this package if these dependencies are not present. Do you wish to install them automatically?","Může se stát, že tento balíček nebude moci použít. Chcete doinstalovat všechny potřebné závislosti automaticky?"
"You have chosen not to install the required dependency packages for {title}. You will need to install them manually.","Vybral jste, že nechcete instalovat závislosti pro {title}. Bude třeba to udělat ručně."
"Successfully installed {title} and {number} dependencies.","Balíček {title} s {number} závislostmi byl nainstalován."
"An update is available for {name} but cannot be installed because it requires core software version {vreq} and you are currently using version {vcur}.","Aktualizace je k dispozici pro {name}, ale nelze ji provést, protože verze jádra '{vcur}' není shodná s potřebnou '{vreq}'."
"In order to update Foundry Virtual Tabletop you will need to be connected to the internet and have a valid software license.","Pro aktualizace Foundry Virtual Tabletop musíš být připojený k internetu a mít platnou licenci programu."
"This update is a new major version of the Foundry Virtual Tabletop software. Installing this update will require some installed modules which may not yet be compatible to be disabled.","Foundry Virtual Tabletop vydal hlavní aktualizaci. Instalace může způsobit, že ne všechny moduly mohou být připravené na přechod a mohou být vypnuty."
"Download Update {version}","Stahování aktualizace {version}"
"An update to Foundry Virtual Tabletop version {version} is available!","Nová verze {version} pro Foundry Virtual Tabletop je k dispozici!"
"World Data Migration Required","Nutná migrace dat světa"
"<p>Launching the world <strong>{world}</strong> will migrate its data model from an older core software version {oldVersion} to the currently installed version {newVersion}.</p><p>As part of this process, <strong>{nIncompatible} out of {nModules} installed modules</strong> which may not yet be compatible with the new version will be automatically disabled. You may re-enable them manually if you wish.</p><p>Please check for any available updates to your game systems and modules, and please be sure to periodically back up your critical world data. Would you like to proceed?</p>","<p>Spouštěním světa <strong>{world}</strong> dojde k přenosu mezi verzemi {oldVersion} a {newVersion}.</p><p>Některé moduly <strong>{nIncompatible} z instalovaných {nModules} budou deaktivovány</strong>, protože nemusejí být kompatibilní s aktuální verzí jádra. Budeš-li si to přát, můžeš je znovu aktivovat manuálně.</p><p>Zkontroluj prosím, jestli nejsou k dispozici aktualizace herního systému nebo modulů, a taky zkontroluj, jestli máš pro případ neúspěchu vytvořenou zálohu světa. Přejete si  pokračovat?"
"Foundry Virtual Tabletop &bull; Administrator Access","Foundry Virtual Tabletop &bull; administrátorský přístup "
"Administrator Password","Administrátorské heslo"
"You may assign a special administrator password which is required in order to access this setup screen.","Můžeš nastavit speciální administrátorské heslo, které bude vyžadováno k přístupu do nastavení."
"Admin Log Out","Odhlášení administrátora"
"AWS Configuration Path","Cesta k AWS konfiguraci"
"You may provide an AWS configuration file for S3 integration. The path is absolute or relative to the Config subdirectory of user data.","Můžeš vložit konfigurační soubor AWS pro S3 integraci. Cesta je absolutní nebo relativní do podadresáře Config v uživatelských datech."
"Port","Port"
"You may choose which port Foundry Virtual Tabletop uses for TCP connection traffic and enable or disable Universal Plug and Play (UPnP).","Můžeš si zvolit, který port bude Foundry Virtual Tabletop používat pro TCP připojení a také povolit nebo zakázat Universal Plug and Play (UPnP)."
"Enable UPnP?","Povolit UPnP?"
"User Data Path","Cesta k uživatelským datům"
"Configure the location where your user data including worlds, systems and modules are stored.","Nastav umístění, kde budou uložena uživatelská data včetně Světů, systému a Modulů."
"Default World","Výchozí svět"
"You may choose one of your available worlds to automatically launch when the software is started.","Můžeš si vybrat jeden z dostupných světů, který se automaticky spustí při spuštění programu."
"SSL Certificate","SSL certifikát"
"SSL Private Key","SSL privátní klíč"
"You may run the server using secure socket layer (SSL) encryption by providing paths to certificate and key files. Paths are absolute or relative to the Config subdirectory in user data.","Server můžeš spustit pomocí secure socket layer (SSL) poskytnutím cest k souborům certifikátů a klíčů. Cesty jsou absolutní nebo relativní k podadresáři config v user data."
"This Sheet","Tento deník"
"Default Sheet","Výchozí deník"
"Override which sheet type you would like to use for this specific entity.","Přepsat druh deníku, který bude používán pro tuto specifickou entitu."
"Set the default sheet type used for this entity type (GM Only).","Nastavit výchozí druh deníku používaný pro tento typ entity (pouze PJ)."
"You do not have sufficient permissions to view this entity sheet.","Nemáš právo k otevření deníku této entity."
"Save Sheet Configuration","Uložit nastavení deníku"
"View Character Artwork","Zobrazit kresbu postavy"
"Collapse or Expand","Sbalit nebo rozbalit"
"Delete","Odstranit"
"Duplicate","Duplikovat"
"Export Data","Exportoval data"
"Ambient Sound Configuration","Nastavení zvuků prostředí"
"Configure the ambient sound to play an audio file when tokens move within it's radius.","Nastavení zvuku prostředí, aby hrál, když jsou tokeny v blízkosti."
"Create Ambient Sound","Vytvořit zvuk prostředí"
"Update Ambient Sound","Upravit zvuk prostředí"
"Source File Path","Cesta k souboru zvuku"
"Effect Radius","Dosah efektu"
"Local Sound","Místní zvuk"
"Global Sound","Globální zvuk"
"Volume Easing","Vliv vzdálenosti"
"Adjust the volume level of the sound as Tokens move closer to the origin.","Zvyšuje hlasitost zvuku, pokud je token blíže zdroji."
"Maximum Volume","Maximální hlasitost"
"Define the maximum volume of the sound at it's origin point (if easing) or everywhere in the area.","Definuje maximální hlasitost u zdroje (token je blízko) nebo všude, pokud je globální."
"Clear Folder","Smazat složku"
"Folder Color","Barva složky"
"Create Folder","Vytvořit složku"
"Collapse All Folders","Sbalit všechny složky"
"Delete All","Odstranit vše"
"Edit Folder","Upravit složku"
"Export to Compendium","Exportovat do knihovny"
"Folder Name","Název složky"
"Remove Folder","Odstranit složku"
"Alphabetical","Abecedně"
"Manual","Ručně"
"Update Folder","Aktualizuj složku"
"Export Content","Exportovat"
"You may export contained entities from this folder into an unlocked Compendium pack of the appropriate type.","Z této složky můžeš exportovat obsažené entity do odemčené sady knihovny příslušného typu."
"Destination Pack","Cílový balíček"
"Merge By Name?","Sloučit dle názvu?"
"There are no unlocked compendium packs available for {type} entities which you can export to.","Zde jsou odemčené knihovní balíčky, do kterých lze {type} exportovat."
"Create Rollable Table","Vytvořit náhodnou tabulku"
"Create a new Rollable Table entity using the contents of this Folder as table results?","Vytvořit novou náhodnou tabulku, která použije obsah této složky jako možné výsledky?"
"None","Žádná"
"Limited","Omezená"
"Observer","Pozorovatel"
"Owner","Vlastník"
"Default","Výchozí"
"No Change","Beze změny"
"All Players","Všichni hráči"
"Configure Permissions","Nastavení pravomocí"
"Open Permission Configuration","Otevřít nastavení pravomocí"
"Fine tune the permitted actions which are allowed to Users for each role.","Dolaď dovolené akce, které jsou povoleny pro jednotlivé role uživatelů."
"Permission Configuration","Nastavení pravomocí"
"Configure which User role has permission to perform which action. Note that some actions cannot be disabled for Game Master users. Some changes may not take effect until the game is reloaded.","Nastav, který uživatel má svolení používat jakou akci. Pamatuj, že některé akce nelze vypnout pro uživatele Pána Jeskyně. Některé změny se neprojeví, dokud nebude hra znovu načtena"
"Configure access for all Entities within this Folder. Changes will be applied to all contained Entities, excluding the contents of sub-folders.","Nastavuje úroveň přístupu ke všem entitám. Nastavení je aplikováno na všechny entity ve složce, kromě entit v podsložkách."
"Configure access to this specific Entity, allowing each User to be assigned a different level of visibility.","Nastavuje úroveň přístupu k této entitě pro každého uživatele zvlášť."
"Permission","Pravomoc"
"User Role Permissions","Pravomoc uživatelských rolí"
"Reset Defaults","Obnovit výchozí"
"Save Configuration","Uložit nastavení"
"Allow Broadcasting Audio","Povolit vysílání audia"
"Allow players with this role to broadcast audio when using A/V chat integration.","Povolit hráčům s touto rolí vysílat audio, když používají A/V chat integraci."
"Allow Broadcasting Video","Povolit vysílání videa"
"Allow players with this role to broadcast video when using A/V chat integration.","Povolit hráčům s touto rolí vysílat video, když používají A/V chat integraci."
"Create New Actors","Vytvořit nové postavy"
"Allow players with this role to create new Actors in the World.","Povolit hráčům s touto rolí vytváření nových postav ve hře."
"Use Drawing Tools","Použít kreslicí nástroje"
"Allow players with this role to create Drawings using the drawing tools.","Povolit hráčům s touto rolí vytváření kreseb pomocí kreslicích nástrojů."
"Create New Items","Vytvořit nové předměty"
"Allow players with this role to create new Items in the World.","Povolit hráčům s touto rolí vytváření nových předmětů ve světě."
"Use File Browser","Prohlížeč souborů"
"Allow players with this role to browse through available files in the File Browser.","Povolit hráčům s touto rolí procházet dostupné soubory v průzkumníku souborů."
"Upload New Files","Nahrát nové soubory"
"Allow players with this role to upload content to the server using the File Browser.","Povolit hráčům s touto rolí nahrát obsah na server pomocí průzkumníku souborů."
"Create Journal Entries","Vytvořit poznámky"
"Allow players with this role to create new Journal Entries in the Journal sidebar.","Povolit hráčům s touto rolí vytvářet nové poznámky v postranním panelu Poznámky."
"Use Script Macros","Použít naskriptovaná makra"
"Allow players with this role to use JavaScript macros which access the API.","Povolit hráčům s touto rolí používat JavaScriptová makra, která používají API."
"Whisper Private Messages","Šeptat soukromou zprávu"
"Allow players with this role whisper private messages that the Game Master cannot see.","Povolit hráčům s touto rolí posílat šeptané soukromé zprávy, které Pán jeskyně neuvidí."
"Modify Configuration Settings","Upravit konfigurační nastavení"
"Allow players with this role to modify game settings and enable or disable modules.","Povolit hráčům s touto rolí upravovat herní nastavení a zapínat a vypínat moduly."
"Display Mouse Cursor","Zobrazit kurzor myši"
"Display the position of the player's mouse cursor which illustrates where the user is looking on the canvas.","Zobrazit pozici hráčova kurzoru, což reprezentuje, kam se uživatel dívá na plátno."
"Display Ruler Measurement","Zobrazit měření pravítkem"
"Display measurement using the ruler tool to other connected players.","Zobrazit měření pomocí nástroje pravítko ostatním připojeným hráčům."
"Create Measured Template","Vytvořit šablonu měření"
"Allow players with this role to create templates for area-of-effect measurement.","Povolit hráčům s touto rolí vytvořit šablonu pro měření oblasti efektu."
"Create New Tokens","Vytvořit nové tokeny"
"Allow players with this role to place Tokens for Actors they own on the game canvas.","Povolit hráčům s touto rolí vložit na herní plátno tokeny postav, jež vlastní."
"Configure Token Settings","Upravit nastavení tokenu"
"Allow players with this role to configure the settings for Tokens that they own.","Povolit hráčům s touto rolí upravit nastavení tokenů, jež vlastní."
"Open and Close Doors","Otevřít a zavřít dveře"
"Allow players with this role interact with doors defined on the Walls Layer.","Povolit hráčům s touto rolí otvírat dveře."
"Import Data","Importovat data"
"Create Scene","Vytvořit scénu"
"Search Scenes","Vyhledat scénu"
"Chat Log","Chat"
"Combat Tracker","Sledování boje"
"Scenes Directory","Seznam scén"
"Actors Directory","Seznam postav"
"Items Directory","Seznam předmětů"
"Journal Entries","Zápisky"
"Audio Playlists","Seznam skladeb"
"Compendium Packs","Sada knihoven"
"Game Settings","Nastavení hry"
"Rollable Tables","Náhodné tabulky"
"View Token Artwork","Zobrazit kresbu tokenu"
"Jump To Pin","Přeskočit ke špendlíku"
"Animate Roll Tables?","Animovat Tabulky náhodných hodů?"
"Configure whether to display a roulette-style animation when drawing from a Roll Table.","Nastav, zda zobrazovat ruletový styl animace během výběru s Tabulky náhodných hodů."
"Create Table","Vytvořit tabulku"
"Table Description","Popis tabulky"
"Display Roll to Chat?","Zobrazit hod v chatu?"
"Roll Table Formula","Vzorec Tabulky náhodných hodů"
"Search Tables","Vyhledat tabulku"
"Table Configuration","Nastavení tabulky"
"Normalize Result Weights","Normalizovat výslednou váhu"
"Draw with Replacement?","Házet s nahrazením?"
"Reset","Obnovit"
"Add New Result","Přidat nový výsledek"
"Result Type","Typ výsledku"
"Result Details","Detaily výsledku"
"Delete Result","Odstranit výsledek"
"Weight","Váha"
"Range","Dosah"
"Roll","Hodit"
"Toggle Drawn Status","Přepnout hozený stav"
"Update","Aktualizovat"
"Cone Template Type","Typ šablony kužele"
"Choose how the area of effect for cone templates should be defined.","Vyber, jak by měla být definována oblast účinku šablony kužele."
"Flat","Placatý"
"Round","Oválný"
"Assign Token","Přiřadit token"
"You must select one existing Token to assign as the new prototype configuration.","Musíš označit aspoň jeden existující token, aby bylo možné přiřadit novou konfiguraci prototypu."
"Updated prototype Token configuration for {name}","Aktualizované nastavení prototypu tokenu pro {name}"
"Attribute Bars","Ukazatele atributu"
"Single Values","Jednotlivé hodnoty"
"Represented Actor","Reprezentuje hráče"
"Token Disposition","Dispozice tokenu"
"Configure which Actor this Token is associated with.","Nastav, který hráč je přidružený k tomuto tokenu."
"Link Actor Data","Propojit data s hráčem"
"Token Name","Název tokenu"
"Display Name","Zobrazování názvu"
"Alternate Actor Tokens","Alternativní token postavy"
"Configure the Token image and its displayed size and scale.","Nastavení obrázku tokenu a jeho velikosti a měřítka."
"Token Image Path","Cesta k obrázku tokenu"
"Mirror Image Horizontally","Překlop obrázek vodorovně"
"Mirror Image Vertically","Překlop obrázek svisle"
"Configure the Token's position, orientation, and elevation.","Nastavení pozice, orientace a vyvýšení tokenu."
"Lock Rotation","Uzamknout otočení"
"Randomize Wildcard Images","Náhodný wildcard obrázek"
"Configure the resource bars which are tracked for the Token.","Nastavení zdrojů, které budou u tokenu sledovány."
"Bar 1 Attribute","Ukazatel 1 atribut"
"Bar 1 Data","Ukazatel 1 data"
"Bar 2 Attribute","Ukazatel 2 atribut"
"Bar 2 Data","Ukazatel 2 data"
"Display Bars","Zobrazit ukazatele"
"Token Configuration","Nastavení tokenu"
"Prototype Token","Prototyp tokenu"
"Tint Color","Odstín barvy"
"Update Token","Aktualizuj token"
"Configure the vision capability and light emission of this Token.","Nastavení dohlednosti a vyzařování světla tohoto tokenu."
"Has Vision","Má vidění"
"Bright Vision","Vidění za světla"
"Dim Vision","Vidění v šeru"
"Sight Angle","Úhel pohledu"
"Hostile","Nepřátelský"
"Neutral","Neutrální"
"Friendly","Přátelský"
"Never Displayed","Nikdy nezobrazen"
"When Controlled","Když je ovládán"
"Hovered by Owner","Zvýrazněn vlastníkem"
"Hovered by Anyone","Zvýrazněn kýmkoliv"
"Always for Owner","Vždy  vlastníkovi"
"Always for Everyone","Vždy všem"
"None","Žádný"
"Player","Hráč"
"Trusted Player","Důvěryhodný hráč"
"Assistant GM","Asistent PJ"
"Game Master","Pán jeskyně"
"Password","Heslo"
"User Role","Uživatelská role"
"User Name","Jméno hráče"
"Show Password","Ukázat přístupový klíč"
"Create Additional User","Vytvořit dalšího hráče"
"Delete User","Odstranit hráče"
"Save and Return","Uložení a návrat"
"User Management","Správa uživatelů"
"Game users updated successfully, returning to the game World.","Seznam uživatelů byl úspěšně upraven, návrat do herního světa."
"You must have at least one Game Master user within your World.","Svět musí obsahovat alespoň jednoho uživatele s právy Gamemastra."
"Wall Configuration","Nastavení zdí"
"Wall Configuration [Multiple]","Nastavení zdí [několik]"
"Customize how this wall segment restricts movement or senses.","Nastav, jak tento úsek zdi omezuje pohyb či smysly."
"Wall Coordinates","Souřadnice zdi"
"Movement Restrictions","Omezení pohybu"
"Wall Direction","Směr zdi"
"Is Door?","Jsou to dveře?"
"Door State","Stav dveří"
"Update Wall","Aktualizovat zdi"
"World Details","Detaily světa"
"World Description","Popis světa"
"Audio/Video Configuration","Nastavení audio/video"
"Configure Audio/Video","Nastavit audio/video"
"Configure settings specific to the integrated Audio/Video WebRTC component","Nastavení specifická pro integrovanou Audio/Video WebRTC komponentu"
"<Unknown Device>","<Unknown Device>"
"Video Capture Device","Zařízení videozáznamu"
"Select which video capture device you wish to use, if any.","Vyberte, které zařízení videozáznamu chcete použít, pokud nějaké."
"Audio Capture Device","Zařízení zvukového záznamu"
"Select which audio capture device you wish to use, if any.","Vyber, které zařízení zvukového záznamu chceš používat, pokud nějaké."
"Audio Output Device","Výstupní audio zařízení"
"Select which audio output device you wish to use.","Vyber, které výstupní audio zařízení chceš používat."
"Audio/Video communication was unable to start because one of the configured input devices was unavailable.","Zvukovou/Obrazovou komunikaci nebylo možné zahájit, protože jeden z nastavených vstupů nebyl dostupný."
"Disable Sending Camera","Vypnout odesílání kamery"
"Disable Sending Audio","Vypnout odesílání audia"
"Disable Audio Output","Vypnout výstup audia"
"Default Device","Výchozí zařízení"
"Unavailable Device (will use Default)","Nedostupné zařízení (použije se výchozí)"
"Choose Signalling Server","Vyber signalling server"
"Signalling Server URL","Signalling Server URL"
"Foundry VTT","Foundry VTT"
"Custom Server","Vlastní server"
"Signalling Server Username","Signalling Server Username"
"Signalling Server Password","Signalling Server Password"
"Relay Server Configuration","Konfigurace relay serveru"
"Provided by Signalling Server","Poskytnutý signalling serverem"
"Custom Relay Server","Vlastní relay server"
"Relay Server URL","Relay Server URL"
"Relay Server Username","Relay Server Username"
"Relay Server Password","Relay Server Password"
"General","Všeobecné"
"Devices","Zařízení"
"Server","Server"
"General Audio/Video Conferencing Settings can only be modified by the GM","Pouze GM může upravovat globální nastavení Zvukového/Obrazového setkání."
"Audio/Video Conferencing Mode","Audio/Video konferenční režim"
"Only a Game Master user may change this setting, which will require Foundry VTT to reload.","Pouze pán jeskyně, může změnit tohle nastavení, což bude potřeba restartovat Foundry VTT."
"Disabled","Vypnutý"
"Audio Only","Pouze zvuk"
"Video Only","Pouze video"
"Audio/Video Enabled","Vše povoleno"
"Toggle video","Přepnout video"
"Configure Settings","Upravit nastavení"
"Send to Dock","Zakotvit"
"Pop out","Vyskakovací okno"
"Push-to-Talk/Mute Key","Push-to-Talk/ztlumit klávesa"
"Assign a keyboard key which, in PTT mode, enables voice while held. If not in PTT mode, the same key mutes while pressed.","Přiřaď klávesu, která v režimu Push-to-Talk umožní mluvit, zatímco je držena. Pokud nejsi v režimu Push-to-Talk, stejné tlačítko při stisknutí hlas ztlumí."
"Voice Broadcasting Mode","Režim vysílání hlasu"
"Choose how your voice is broadcast in AV calls.","Vyber jak se tvůj hlas bude vysílat v audio/video hovorech."
"Always Enabled","Vždy povoleno"
"Voice Activation","Aktivování hlasem"
"Push-to-Talk","Push-to-Talk"
"Allow User Video","Povol uživatelovo video"
"Block User Video","Blokuj uživatelovo video"
"Allow User Audio","Povol uživatelovo audio"
"Block User Audio","Blokuj uživatelovo audio"
"Enable Your Video","Povolit video"
"Disable Your Video","Zakázat video"
"Enable Your Audio","Povolit audio"
"Mute Your Audio","Ztlumit audio"
"Mute Others' Audio","Ztlumit audio ostatních"
"Unmute Others' Audio","Zapnout audio ostatních"
"Show Players List","Zobrazit seznam hráčů"
"Hide Players List","Skrýt seznam hráčů"
"Cycle Video Size","Velikost video přenosu"
"Unable to capture from your Audio devices; Sharing Video only","Nelze zachytit z tvého audio zařízení; sdílení videa pouze"
"Unable to capture from your Video devices; Sharing Audio only","Nelze zachytit z tvého video zařízení; sdílení audia pouze"
"Unable to capture from your Audio & Video devices","Nelze zachytit z tvých audio a video zařízení"
"Unable to capture from your Video devices","Nelze zachytit z tvého video zařízení"
"Unable to capture from your Audio devices","Nelze zachytit z tvého audio zařízení"
"Error connection to Audio/Video Signalling Server","Chyba spojení k audio/video signalizačnímu serveru"
"Lost connection to the Audio/Video Signalling server. Trying to re-establish connection.","Spojení ztraceno k audio/video signalizačnímu serveru. Pokus o obnovení spojení."
"WebRTC Error : ","WebRTC Error :"
"You cannot use Audio/Video calls unless your Foundry VTT server is using SSL certificates. See the online documentation for instructions.","Nemůžeš používat Audio/Video hovory, dokud tvůj Foundry VTT server nepoužívá SSL certifikát. Pro další instrukce se podívej do online dokumentace. "
"You cannot enable your camera because you do not have permission to broadcast your video feed.","Nemůžeš zapnout kameru, protože nemáš oprávnění k vysílání obrazu."
"You cannot enable your microphone because you do not have permission to broadcast your audio feed.","Nemůžeš zapnout mikrofon, protože nemáš oprávnění k vysílání zvuku."