"en","de"
"Activate","Aktivieren"
"Author","Autor"
"Cancel","Abbrechen"
"Character","Charakter"
"Configure","Konfigurieren"
"Close","Schließen"
"Degrees","Grad"
"Default","Standard"
"Delete","Löschen"
"Distance","Entfernung"
"Documentation","Dokumentation"
"Duplicate","Duplizieren"
"Error","Fehler"
"Grid Units","Raster Einheit"
"Install","Installieren"
"Elevation","Höhe"
"Foundry Virtual Tabletop","Foundry Virtual Tabletop"
"File Path","Dateipfad"
"Height","Höhe"
"Hidden","Versteckt,"
" Name"," Name"
"No","Nein"
"Notes","Notizen"
"Preload","Vorladen"
"Token","Spielfigur"
"Path","Pfad"
"Packs","Pakete"
"Permissions","Rechte"
"Pixels","Pixel"
"Ratio","Verhältnis"
"Rotation","Drehung"
"Save Changes","Änderungen speichern"
"Scale","Maßstab"
"Sheet","Bogen"
"System","System"
"Type","Typ"
"Uninstall","Deinstallieren"
"Update","Aktualisieren"
"URL","URL"
"Warning","Warnung"
"Width","Breite"
"X-Coordinate","X-Koordinate"
"Y-Coordinate","Y-Koordinate"
"Yes","Ja"
"Actors Directory","Akteurverzeichnis"
"Create Actor","Akteur erstellen"
"Search Actors","Akteure durchsuchen"
"Are you sure you want to exit the Foundry Virtual Tabletop game?","Möchtest du wirklich Foundry Virtual Tabletop beenden?"
"Clear Chat Log","Nachrichten löschen"
"Export Chat Log","Nachrichten exportieren"
"Flush Chat Log","Nachrichten löschen"
"All messages within the chat log will be permanently deleted.","<h3>Bist du sicher?</h3><p>Alle Nachrichten werden gelöscht.</p>"
"{command} is not a valid chat message command.","{command} ist kein gültiges Chat-Kommando."
"Chat Log","Nachrichten"
"To","An"
"Pop Out Message","In eigenem Fenster öffnen"
"Reveal To Everyone","Allen zeigen"
"Make Private","Vor anderen verbergen"
"Blind GM Roll","Verdeckter SL-Wurf"
"Default Roll Mode","Standard-Würfel-Modus"
"Public Roll","Öffentlicher Wurf"
"Private GM Roll","Privater SL-Wurf"
"Self Roll","Privater Wurf"
"Rollable Tables","Würfeltabellen"
"Begin Combat","Starten"
"Create Encounter","Begegnung erstellen"
"Delete Encounter","Begegnung löschen"
"Encounter","Begegnung"
"Activate Previous Encounter","Vorherige Begegnung"
"Activate Next Encounter","Nächste Begegnung"
"End Combat","Beenden"
"Roll Initiative","Initiative würfeln"
"Reset Initiative","Initiative zurücksetzen"
"End Combat Encounter?","Begegnung beenden?"
"End this combat encounter and empty the turn tracker?","Soll diese Begegnung beendet und die Teilnehmerliste geleert werden?"
"No Active Encounter","Keine Teilnehmer"
"There is no active Combat Encounter in your currently viewed Scene.","Es gibt keine aktive Begegnung in der aktuell gezeigten Szene."
"There are no Combatants remaining in this Encounter which are not defeated.","Es sind keine unbesiegten Teilnehmer mehr übrig."
"Not Started","Nicht gestartet"
"Tracked Resource","Verfolgte Ressource"
"Choose an attribute to track for each combatant.","Wähle ein Attribut, das für jeden Teilnehmer verfolgt werden soll."
"Round","Runde"
"Rounds","Runden"
"Previous Round","Vorherige Runde"
"Next Round","Nächste Runde"
"Roll NPCs","Würfle Initiative für NSCs"
"Roll All","Würfle Initiative für alle"
"{name} rolls for Initiative!","{name} würfelt auf Initiative!"
"Combat Tracker Settings","Begegnungs-Einstellungen"
"Save Tracker Settings","Speichere Begegnungs-Einstellungen"
"Skip Defeated?","Besiegte überspringen?"
"Automatically bypass combatants marked as defeated?","Automatisch besiegte Akteure überspringen?"
"Toggle Visibility","Sichtbarkeit umschalten"
"Mark Defeated","Besiegte markieren"
"Turn","Zug"
"Turns","Züge"
"End Turn","Zug beenden"
"Next Turn","Nächster Zug"
"Previous Turn","Vorheriger Zug"
"Unknown Combatant","Unbekannter Teilnehmer"
"Represented Actor","Repräsentierter Akteur"
"Create Combatant","Teilnehmer erstellen"
"Defeated","Besiegt"
"Hidden","Versteckt"
"Thumbnail Image","Bild"
"Initiative Value","Initiative-Wert"
"Combatant Status","Zustand"
"Update Combatant","Teilnehmer bearbeiten"
"Displayed Name","Angezeigter Name"
"Remove Combatant","Teilnehmer löschen"
"Re-roll Initiative","Initiative neu würfeln"
"Represented Token","Repräsentierte Figur"
"Compendium Name","Kompendium-Name"
"Create Compendium","Kompendium erstellen"
"Create a new Compendium pack in your current World.","Erstelle ein neues Kompendium-Paket in deiner aktuellen Welt."
"Delete Compendium","Kompendium löschen"
"Delete Entry","Eintrag löschen"
"Duplicate Compendium","Dupliziere Kompendium"
"New Compendium Title","Neuer Name"
"You may duplicate this compendium into your World to have a local copy of its content which is safe to edit.","Du kannst dieses Kompendium in deine Welt kopieren, um es problemlos ändern zu können."
"You must provide a title to create a World Compendium pack.","Du musst einen Titel eingeben um ein Welt-Kompendium zu erstellen."
"Import All Content","Alle Einträge importieren"
"All of the content from this Compendium pack will be imported into your World to a Folder which you may name.","Der komplette Inhalt dieses Kompendiums wird in einen neuen Ordner deiner Welt importiert."
"Importing {number} {type} entries into the {folder} folder. Please be patient.","Importiere {number} {type}-Einträge in den Ordner ""{folder}"". Bitte habe etwas Geduld."
"Successfully imported {number} {type} entries into the {folder} folder.","{number} {type}-Einträge erfolgreich in den Ordner ""{folder}"" importiert."
"Import Entry","Eintrag importieren"
"Document Type","Entitätstyp"
"Each Compendium pack contains a specific type of Document.","Jedes Kompendium-Paket enthält einen speziellen Entitätstyp."
"Toggle Visibility","Sichtbarkeit umschalten"
"Toggle Edit Lock","Schreibschutz umschalten"
"You are attempting to unlock for editing a compendium that does not belong to this World. Any changes you make in this compendium pack may be lost if the system or module which owns it is updated. You may wish to duplicate the compendium to your world instead. Do you wish to proceed?","Du versuchst den Schreibschutz eines Kompendiums zu lösen, welches nicht zu deiner Welt gehört. Alle deine Änderungen können verloren gehen sobald das entsprechende System oder Modul aktualisiert wird. Vielleicht solltest du das Kompendium stattdessen in deine Welt kopieren. Möchtest du fortfahren?"
"Game Controls Reference","Spielsteuerungsübersicht"
"This form describes common keyboard and mouse commands used to control various aspects of the Foundry Virtual Tabletop environment. Some controls are only available to a Game Master user, those are highlighted in light purple.","Typische Tastatur- und Mausbefehle, mit denen verschiedene Aspekte von Foundry Virtual Tabletop gesteuert werden."
"Token Controls","Figur-Steuerung"
"Select Tokens","Spielfiguren auswählen"
"Select Targets","Ziele auswählen"
"Measure Distance","Entfernung messen"
"Measurement Controls","Messwerkzeuge"
"Circle Template","Kreis-Schablone"
"Cone Template","Kegel-Schablone"
"Rectangle Template","Rechteck-Schablone"
"Ray Template","Strahl-Schablone"
"Clear Templates","Schablonen entfernen"
"Tile Controls","Kacheln"
"Select Tiles","Kacheln auswählen"
"Place Tile","Kachel platzieren"
"Tile Browser","Kachel-Browser"
"Drawing Tools","Zeichenwerkzeuge"
"Select Drawings","Zeichnungen auswählen"
"Draw Rectangle","Rechteck zeichnen"
"Draw Ellipse","Kreis zeichnen"
"Draw Polygon","Polygon zeichnen"
"Draw Freehand","Freihand zeichnen"
"Draw Text","Text zeichnen"
"Clear Drawings","Zeichnungen löschen"
"Configure Drawing","Zeichnung anpassen"
"Wall Controls","Wände"
"Draw Walls","Wände zeichnen"
"Invisible Walls","Unsichbare Wände"
"Terrain Walls","Terrain-Wände"
"Ethereal Walls","Ätherische Wände"
"Draw Doors","Türen zeichnen"
"Secret Doors","Geheimtüren"
"Rectangular Select Walls","Rechteckige Wandauswahl"
"Force Snap to Grid","An Gitter ausrichten"
"Clone Walls","Wände klonen"
"Clear Walls","Wände löschen"
"Lighting Controls","Beleuchtung"
"Draw Light Source","Lichtquelle platzieren"
"Clear Lights","Lichter löschen"
"Reset Fog of War","Kriegsnebel zurücksetzen"
"Transition to Daylight","Zum Tag überblenden"
"Transition to Darkness","Zur Nacht überblenden"
"Reset Fog of War Exploration?","Aufgedeckten Bereich wieder verstecken?"
"This will reset fog of war for this Scene for all players.","Diese Option setzt den Nebel des Krieges in dieser Szene für alle Spieler zurück."
"Ambient Sound Controls","Umgebungsgeräusche"
"Draw Ambient Sound","Umgebungsgeräusch platzieren"
"Clear Sounds","Geräusche löschen"
"Journal Notes","Notiz-Pins"
"Select Notes","Notizen auswählen"
"Toggle Notes Display","Notizen-Anzeige umschalten"
"Clear Notes","Notizen entfernen"
"Clear All Objects","Entferne alle Objekte"
"Permanently delete all {type} objects from this Scene?","Alle {type} Objekte aus dieser Szene entfernen?"
"General Game Controls","Spielsteuerung"
"These controls generally apply across all aspects of Foundry functionality.","Befehle die generell überall in Foundry verwendet werden können."
"Canvas Layer Controls","Spielflächen-Steuerung"
"These controls apply when interacting with a specific Canvas layer.","Befehle die beim interagieren mit der Spielfläche verwendet werden können."
"Placeable Object Controls","Platzierbare Objekte"
"These controls apply when interacting with an Object placed on the Canvas.","Befehle die beim interagieren mit platzierten Objekten verwendet werden können."
"Specialized Controls","Speziell"
"These controls apply only during specific interactions.","Befehle die bei speziellen Interaktionen verwendet werden können."
"Mouse Controls","Maus Steuerung"
"Keyboard Controls","Tastatur Steuerung"
"Toggle Main Menu","Hauptmenü umschalten"
"Close Open Windows","Offene Fenster schließen"
"Toggle Game Pause","Spiel pausieren/weiterlaufen lassen (SL)"
"Cancel Pending Move","Anstehende Bewegung abbrechen"
"Move Object","Objekt bewegen"
"Pan Canvas","Spielfläche verschieben"
"Select Object","Objekt auswählen"
"Add or Remove Selected Objects","Ausgewählte Objekte hinzufügen oder entfernen"
"Use Active Tool","Aktiviertes Werkzeug benutzen"
"Cancel Left-Drag Operation","Ziehen mit linker Maustaste abbrechen"
"Zoom Canvas","Spielfläche vergrößern/verkleinern"
"Left Click","Linksklick"
"Double Left Click","Doppelklick"
"Left-Click Drag","Ziehen mit linker Maustaste"
"Double","Doppelter"
"Right-Click","Rechtsklick"
"Drag","Drag"
"Drop","Drop"
"during","während"
"Highlight Canvas Objects","Objekte auf Spielfläche hervorheben"
"Pan Canvas","Spielfläche verschieben"
"Zoom In","Spielfläche vergrößern"
"Zoom Out","Spielfläche verkleinern"
"Cycle Tokens or Reset View","Steuerbare Figuren durchschalten oder Ansicht zurücksetzen"
"Keyboard Movement (Tokens or Tiles)","Tastatur Bewegung (Figur oder Kachel)"
"Diagonal Movement","Diagonale Bewegung"
"Face Direction","Blickrichtung"
"Delete Selected Objects","Ausgewählte Elemente löschen (SL)"
"Copy Canvas Elements","Objekte auf Spielfläche kopieren (SL)"
"Paste Canvas Elements","Objekte auf Spielfläche einfügen (SL)"
"Undo Canvas Operation","Aktion auf Spielfläche rückgängig machen"
"Activate Hotbar Slot","Eintrag in Schnellleiste aktivieren"
"Ruler Measurement","Entfernung messen"
"Measure Distance with Ruler","Entfernung mit Lineal messen"
"Place Measurement Waypoint","Messpunkt setzen"
"Move Token on Measured Path","Entlang des gemessenen Pfades bewegen"
"while measuring from a Token","während Entfernung gemessen wird"
"Open Referenced Object Sheet","Bogen für des gewählten Objekts öffnen"
"Display Object HUD (If Applicable)","HUD des Objekts anzeigen (wenn verfügbar)"
"Open Object Configuration Sheet","Objekt konfigurieren (SL)"
"Move Controlled Objects","Kontrollierte Objekte bewegen"
"Cancel Drag Workflow","Bewegung durch ziehen abbrechen"
"Rotate Object (Slow)","Objekt rotieren (schnell)"
"Rotate Object (Fast)","Objekt rotieren (langsam)"
"Bypass Snap-to-Grid","Magnetische Platzierung ausschalten"
"Mouse-Wheel","Mausrad"
"Drag and Drop","Drag and Drop"
"Token Controls","Figur-Steuerung"
"Place Hidden Token","Versteckte Figur platzieren (SL)"
"Set (non-Owned) Token as Target","Figur (nicht kontrolliert) als Ziel auswählen"
"Walls Layer Controls","Wand-Ebene (SL)"
"Chain Wall Creation","Ketten-Wandplatzierung"
"Select Chained Segments","Verkettete Segmente auswählen"
"Drawing Tool Controls","Zeichenwerkzeug-Steuerung"
"Confirm Drawing Text","Text einfügen"
"Cancel Drawing Text","Einfügen des Textes abbrechen"
"The dice roll formula {formula} did not produce a numeric outcome.","Die Wurf-Formel {formula} hat kein numerisches Ergebnis produzisert."
"The attribute {match} was not present in the provided roll data.","Das Attribut {match} existiert nicht in den Wurf-Daten."
"Create New {type}","{type} erstellen"
"New {type}","{type}"
"Update {type}","{type} aktualisieren"
"Tile","Kachel"
"Drawing Configuration","Zeichungskonfiguration"
"Default Drawing Configuration","Standard-Zeichungskonfiguration"
"Configure Default","Standard speichern"
"Create Drawing","Zeichnung erstellen"
"Update Drawing","Zeichnung aktualisieren"
"Reset Defaults","Auf Standardwerte zurücksetzen"
"Position","Position"
"Lines","Linien"
"Fill","Füllen"
"Text","Text"
"Adjust the position and visibility of the Drawing.","Passe die Position und Sichtbarkeit der Zeichnung an."
"Adjust the outer line work for the Drawing.","Passe die Kontourlinien der Zeichnung an."
"Adjust the interior fill preferences for this Drawing.","Passe die Füllung der Zeichung an."
"Adjust the text label applied to this Drawing (if any).","Passe die Beschriftung der Zeichnung an (wenn existent)."
"Author","Autor"
"X-Position","X-Position"
"Y-Position","Y-Position"
"Width","Breite"
"Height","Höhe"
"Rotation","Rotation"
"Z-Index","Z-Index"
"Line Width","Dicke"
"Stroke Color","Farbe"
"Line Opacity","Sichtbarkeit"
"Smoothing Factor","Glättungsfaktor"
"For freehand drawing, the smoothing factor controls the amount of spline smoothing.","Beim Freihandzeichnen steuert der Glättungsfaktor den Grad der Spline-Glättung."
"Fill Types","Füllart"
"None","Nichts"
"Solid","Farbe"
"Pattern","Muster"
"Fill Color","Farbe"
"Fill Opacity","Sichtbarkeit"
"Fill Texture","Textur"
"Text Label","Beschriftung"
"Font Family","Schriftart"
"Font Size","Schriftgröße"
"Text Color","Farbe"
"Text Opacity","Sichtbarkeit"
"Custom","Eigenes"
"Multiply","Multiplizieren"
"Add","Addieren"
"Downgrade","Kleinerer Wert"
"Upgrade","Höherer Wert"
"Override","Überschreiben"
"Configure Active Effect","Aktiven Effekt konfigurieren"
"Details","Details"
"Duration","Dauer"
"Effects","Effekte"
"Effect Label","Bezeichnung"
"Effect Icon","Icon"
"Icon Tint Color","Icon-Farbe"
"Effect Suspended","Effekt unterbrochen"
"Effect Origin","Ursprung"
"Transfer Effect to Actor","Übertrage Effekt auf Akteur"
"Effect Duration (Seconds)","Dauer (Sekunden)"
"Effect Start Time","Startzeit"
"Effect Duration (Turns)","Dauer (Züge)"
"Combat Encounter","Begegnung"
"Effect Start Turn","Startzug"
"Attribute Key","Attributschlüssel"
"Change Mode","Änderungsart"
"Effect Value","Wert"
"Submit Changes","Änderungen übernehmen"
"Asleep","Schlafend"
"Dead","Tot"
"Unconscious","Bewusstlos"
"Stunned","Betäubt"
"Prone","Liegend"
"Restrained","Gebunden"
"Paralyzed","Gelähmt"
"Flying","Fliegend"
"Blind","Blind"
"Deaf","Taub"
"Silenced","Verstummt"
"Afraid","Verängstigt"
"Burning","Brennend"
"Frozen","Vereist"
"Shocked","Elektrifiziert"
"Corroding","Zersetzend"
"Bleeding","Blutend"
"Diseased","Erkrankt"
"Poisoned","Vergiftet"
"Radioactive","Radioaktiv"
"Regeneration","Regenerierend"
"Degeneration","Degenerierend"
"Empowered","Gestärkt"
"Weakened","Geschwächt"
"Targeted","Anvisiert"
"Marked","Markiert"
"Cursed","Verflucht"
"Blessed","Gesegnet"
"Fire Shield","Feuerschild"
"Ice Shield","Eisschild"
"Magic Shield","Magisches Schild"
"Holy Shield","Heiliges Schild"
"Actor","Akteur"
"Chat Message","Chat-Nachricht"
"Combat Encounter","Begegnung"
"Item","Item"
"Folder","Verzeichnis"
"Journal Entry","Notizbucheintrag"
"Macro Command","Makro-Kommando"
"Audio Playlist","Audio-Wiedergabeliste"
"Scene","Szene"
"Rollable Table","Würfeltabelle"
"User","Nutzer"
"Create New {entity}","{entity} erstellen"
"New {entity}","{entity}"
"Create New","Neuen Eintrag erstellen"
"Foundry Virtual Tabletop requires a minimum screen resolution of {reqWidth}px by {reqHeight}px or greater. Your display currently has an effective resolution of {width}px by {height}px, as a result many features of the software may not work properly.","Foundry Virtual Tabletop benötigt mindestens eine Bildschirmauflösung von 1366x768 Pixeln. Dein Bildschirm hat aktuell {width}x{height} Pixel. Mit deinen aktuellen Anzeigeeinstellungen werden Teile der Software vielleicht nicht richtig funktionieren."
"Your browser does not currently support WebGL rendering which is required by Foundry Virtual Tabletop. Ensure that you have hardware rendering and WebGL enabled in your browser.","Dein Brower unterstützt aktuell kein WebGL, welches von Foundry Virtual Tabletop benötigt wird. Bitte stelle sicher, dass Hardware-Rendering und WebGL in deinem Browser aktiviert ist."
"You are using a Scene background texture with dimensions {width}px by {height}px. One or both of these dimensions exceeds the maximum texture size of {max}px supported by your device.","Du nutzt ein Szenenhintergrundbild mit {width}x{height} Pixeln. Die Höhe und/oder Breite überschreiten die maximale Texturgröße von {max} Pixeln deiner Grafikkarte."
"The provided server administrator password is invalid. If you have forgotten your configured password you will need to manually delete the <strong>Config/admin.txt</strong> file from your user data location.","Der eingegebene Administrator-Zugangsschlüssel ist nicht richtig. Falls du dein aktuelles Passwort vergessen hast, musst du die Datei <strong>Config/admin.txt</strong> aus dem Nutzerdatenverzeichnis löschen."
"The attempted Token movement collides with at least one Wall.","Bei der Bewegung kollidiert die Figur mit mindestens einer Wand."
"The request to browse existing packages failed to connect with the Foundry server. Make sure your application allows outbound connections.","Die Suchanfrage nach aktuellen Paketen konnte sich nicht mit dem Foundry-Server verbinden. Stelle sicher, dass die Anwendung Anfragen nach außen stellen darf."
"You are using the grid configuration tool for a scene with no background image. This is not currently recommended and may produce unpredictable results.","Du verwendest die Konfiguration für das Gitterwerkzeug in einer Szene ohne Hintergrundbild. Dies wird aktuell nicht empfohlen und kann zu unvorhersehbaren Verhalten führen."
"Acknowledge Agreement","Einverständniserklärung"
"Agree","Zustimmen"
"I agree to these terms","Ich stimme diesen Bedingungen zu"
"Decline","Ablehnen"
"Create Directory","Ordner erstellen"
"Toggle Privacy Mode","Privaten Modus umstellen"
"Display Mode","Anzeige"
"List View","Liste"
"Tiles View","Kacheln"
"Thumbnail View","Vorschau"
"Images View","Bilder"
"Filter Results","Filter-Ergebnisse"
"S3 Bucket","S3 Bucket"
"Selected","Ausgewählt"
"Asset Grid Size","Gittergröße"
"Specify the pixel grid size of source tile artwork so it will be automatically resized when placed onto your active Scene.","Lege die Pixel-Größe der Hintergrundkacheln fest, damit Grafiken automatisch auf diese Größe angepasst werden sobald du sie in die Szene einfügst."
"No matching results found in this location.","Keine Ergebnisse gefunden."
"Upload","Hochladen"
"Search","Suche"
"The file you have attempted to upload is too large for your proxy server to handle.","Die Datei ist für deinen Proxy-Server zu groß, um sie hochzuladen."
"Something went wrong with your file upload request.","Während des Hochladens ist etwas schief gelaufen."
"You have uploaded files into a module or system directory. This is generally <strong>unsafe</strong> because updates to the system or module will delete your files.","Du hast Dateien in ein Modul- oder Systemordner hoch geladen. Das ist prinzipiell eine <strong>unsichere</strong> Methode, da eine System- oder Modul-Aktualisierung diese Dateien löschen wird."
"Image or Video Browser","Bild- oder Video-Browser"
"Image Browser","Bild-Browser"
"Video Browser","Video-Browser"
"Audio Browser","Audio-Browser"
"User Data","Nutzerdaten"
"Core Data","Kerndaten"
"Amazon S3","Amazon S3"
"Browse Files","Durchsuche Dateien"
"Game Paused","Spiel pausiert"
"You cannot take this action while the game is currently paused.","Du kannst das nicht tun während das Spiel pausiert ist."
"Game invitation link copied to clipboard","Einladungslink in die Zwischenablage kopiert"
"Share the below invitation links with users who you wish to have join your game. The local invitation link is for users on your local network while the internet link connects via internet on the configured port.","Teile den untenstehenden Link mit Nutzern, die du zu deinem Spiel einladen möchtest. Der lokale Einladungslink ist für Nutzer gedacht, die sich in deinem Netzwerk befinden, während der Internetlink über das Internet auf den eingestellten Port verbindet."
"Internet","Internet"
"Local Network","Lokales Netzwerk"
"Game Invitation Links","Einladungslinks"
"Create Item","Item erstellen"
"Delete Item","Item löschen"
"Search Items","Items durchsuchen"
"View Item Artwork","Bild des Items ansehen"
"Toggle Visibility State","Sichtbarkeitszustand umschalten"
"Toggle Locked State","Sperrzustand umschalten"
"Bring to Front","In den Vordergrund bringen"
"Send to Back","In den Hintergrund stellen"
"Journal","Notizbuch"
"Search Journal Entries","Notizbucheinträge durchsuchen"
"Create Entry","Eintrag erstellen"
"Text","Text"
"Image","Bild"
"Show Players","Zeige Spielern"
"Showed the {mode} content of {title} to {which} players.","Der {mode}-Inhalt von {title} wurde {which} Spielern gezeigt."
"Save Entry","Eintrag speichern"
"Center","Mitte"
"Bottom","Unten"
"Top","Oben"
"Left","Links"
"Right","Rechts"
"Light Animation Type","Animationstyp"
"Animation Speed","Animationsgeschwindigkeit"
"Animation Intensity","Animationsintensität"
"Torch","Fackel"
"Pulse","Pulsierend"
"Chroma","Chroma"
"Pulsing Wave","Pulsierende Welle"
"Swirling Fog","Wirbelnder Nebel"
"Sunburst","Sonnenschein"
"Light Dome","Lichtkuppel"
"Mysterious Emanation","Mysteröse Emanation"
"Energy Field","Energiefeld"
"Hexa Dome","Hex-Kuppel"
"Ghostly Light","Gespenstisches Licht"
"Roiling Mass (Darkness)","Aufgewühlte Masse (Dunkelheit)"
"Black Hole (Darkness)","Schwarzes Loch (Dunkelheit)"
"Light Source Configuration","Lichtquellen-Konfiguration"
"Configure the position, radius, angle, color, and animation of this ambient light source.","Lege Position, Radius, Winkel, Farbe und Animation der Lichtquelle fest."
"Create Light Source","Lichtquelle erstellen"
"Dim Light Radius","Radius dämmriges Licht"
"Bright Light Radius","Radius helles Licht"
"Emission Angle","Abgabewinkel"
"Light Color","Lichtfarbe"
"Color Intensity","Farbintensität"
"Light Rotation Angle","Rotationswinkel"
"Light Type","Lichttyp"
"Local Light","Lokales Licht"
"Global Light","Globales Licht"
"Universal Light","Universales Licht"
"Update Light Source","Lichtquelle aktualisieren"
"Create Macro","Makro erstellen"
"Delete Macro","Makro löschen"
"Edit Macro","Marko editieren"
"Execute Macro","Ausführen"
"Remove Macro","Makro entfernen"
"Save Macro","Speichern"
"Search Macros","Makros durchsuchen"
"Reload Application","Anwendung neu laden"
"Log Out","Abmelden"
"User Management","Spieler konfigurieren"
"Return to Setup","Zum Setup"
"Bug or Issue Reports","Fehler oder Problemberichte"
"Deactivate All Modules","Alle Module deaktivieren"
"Module Documentation","Moduldokumentation"
"Module Management","Modul-Management"
"Use this form to configure which Modules are active within your current World. Submitting changes to active modules will cause the current session to reload.","Benutze diese Maske um zu konfigurieren, welche Module in deiner aktuellen Welt aktiv sind. Änderungen an aktiven Modulen führen dazu, dass die aktuelle Sitzung neu geladen wird."
"The Modules listed below are currently active within this World.","Die unten aufgelisteten Module sind aktuell in dieser Welt aktiv."
"No Modules are available within this World. You can view, but do not have permission to modify this list.","Keine Module in dieser Welt verfügbar. Du kannst diese Liste sehen, hast aber nicht die Berechtigung sie zu bearbeiten."
"Filter Modules","Module durchsuchen"
"Save Module Settings","Module aktualisieren"
"Dependencies","Abhängigkeiten"
"This module has {number} inactive dependencies which are required for it to function properly:","Dieses Modul hat {number} Abhängigkeiten, welche für dessen Funktion benötigt werden. Möchtest du sie ebenfalls aktivieren?"
"This module had {number} dependencies which may no longer be required:","Dieses Modul hat {number} Abhängigkeiten, welche vielleicht nicht weiter benötigt werden. Möchtest du sie ebenfalls deaktivieren?"
"You have enabled the module {module}, but it's dependencies {missing} are not enabled!","Du hast das Modul {module} aktiviert, aber dessen Abhängigkeiten sind nicht aktiv: {missing}"
"All Modules","Alle Module"
"Active Modules","Aktive Module"
"Inactive Modules","Inaktive Module"
"Text Anchor Point","Text-Referenzpunkt"
"Map Note Configuration","Einstellugnen Notiz-Pin"
"Entry Icon","Symbol"
"Font Size","Schriftgröße"
"Font Family","Schriftfamilie"
"Icon Size","Symbolgröße"
"Icon Tint","Symbolfarbe"
"Text Label","Beschriftung"
"Text Color","Textfarbe"
"Update Map Note","Notiz-Pin aktualisieren"
"Players","Spieler"
"Select Character","Charakter auswählen"
"Selected Character","Ausgewählter Charakter"
"Release Character","Charakter freigeben"
"User Configuration","Spieler-Konfiguration"
"Player Color","Spielerfarbe"
"Player Avatar","Spieler-Avatar"
"Pull To Scene","In Szene bewegen"
"Save Configuration","Konfiguration speichern"
"View Player Avatar","Spieler-Avatar ansehen"
"Kick Player","Spieler kicken"
"Ban Player","Spieler bannen"
"Un-Ban Player","Spieler entbannen"
"Create Playlist","Wiedergabeliste erstellen"
"Delete Playlist","Wiedergabeliste löschen"
"Edit Playlist","Wiedergabeliste bearbeiten"
"Global Volume Controls","Globale Lautstärkeeinstellungen"
"Soundboard Only","Manuelle Wiedergabe"
"Sequential Playback","Sequentielle Wiedergabe"
"Shuffle Tracks","Zufallswiedergabe"
"Simultaneous Playback","Gleichzeitige Wiedergabe"
"Play Playlist","Wiedergabeliste apspielen"
"Stop Playlist","Wiedergabeliste anhalten"
"Playlists","Wiedergabelisten"
"Ambient","Umgebungsgeräusche"
"Interface","Benutzeroberfläche"
"Playlist Name","Name"
"Playback Mode","Abspielmodus"
"Update Playlist","Wiedergabeliste aktualisieren"
"Create Sound","Geräusch erstellen"
"Edit Sound","Titel bearbeiten"
"Delete Sound","Titel löschen"
"Loop Sound","Titel wiederholen"
"Track Name","Name"
"Audio Source","Audioquelle"
"Repeat","Wiederholen"
"Large File Streaming","Streaming von großen Dateien"
"Update Track","Titel aktualisieren"
"Play Sound","Titel abspielen"
"Preload Sound","Titel vorladen"
"Sound Volume","Lautstärke"
"Sound Stop","Titel anhalten"
"Accessibility","Zugang"
"GM Only","Nur Spielleiter"
"All Players","Alle Spieler"
"Activate","Aktivieren"
"Audio Playlist","Audio-Wiedergabeliste"
"A Playlist which should automatically begin playing when this Scene is activated.","Eine Wiedergabeliste welche automatisch spielt, sobald die Szene betreten wird."
"Background Color","Hintergrundfarbe"
"Background Image","Hintergrundbild"
"Configure the background image and dimensions of the scene's primary map.","Lege das Hintergrundbild sowie die Maße der Karte fest."
"Background Image Scale","Hintergrundbild-Skalierung"
"Configure","Konfigurieren"
"Configure Scene","Szene konfigurieren"
"Darkness Level","Dunkelheit"
"Apply an overlay which darkens the Scene and diminishes light sources to simulate nighttime or dim conditions.","Stelle einen Dunkelheitseffekt ein, mit welchem Nacht oder Dämmerung simuliert werden."
"Scene Dimensions","Szenenmaße"
"Change Scene Dimensions?","Maße der Szene ändern?"
"You are changing the underlying dimensions of this Scene, if you have already placed objects in this Scene this operation may cause those objects to shift position relative to the background image.","Du änderst die Abmaßungen dieser Szene. Wenn du bereits Objekte platziert hast, könnten diese dadurch relativ zum Hintergrundbild verschoben werden."
"Fog Exploration","Nebel-Erkundung"
"Track the exploration progress of Tokens in this Scene, revealing fog of war for areas which have been explored.","Verfolge Entdeckungsfortschritt in dieser Szene, wodurch der Kriegsnebel entfernt wird."
"Regenerate Thumbnail Image","Vorschaubild aktualisieren"
"Unrestricted Vision Range","Globale Beleuchtung"
"Reveal all areas that controlled Tokens have direct line of sight to observe. If disabled, vision is restricted to illuminated areas.","Beleute alle Bereiche der Szene, welche von kontrollierten Figuren gesehen werden können."
"Vision Limitation Threshold","Schwellwert für globale Beleuchtung"
"Automatically disable the Unrestricted Vision Range setting when the Darkness Level of the Scene exceeds a threshold value.","Deaktiviert automatisch die globale Beleuchtung, wenn der Dunkelheitswert einen bestimmten Schwellwert überschreitet."
"Grid Color","Gitterfarbe"
"Grid Configuration Tool","Gitter-Konfigurations-Werkzeug"
"Grid Opacity","Gitter-Transparenz"
"Grid Type","Gitter-Typ"
"Gridless","Gitterlos"
"Square","Quadratisch"
"Hexagonal Rows - Odd","Hexagonal Reihen - Ungerade"
"Hexagonal Rows - Even","Hexagonal Reihen - Gerade"
"Hexagonal Columns - Odd","Hexagonal Spalten - Ungerade"
"Hexagonal Columns - Even","Hexagonal Spalten - Gerade"
"Grid Size","Gitter-Größe"
"Grid Offset Position","Gitter-Verschiebung"
"Grid Scale","Gitter-Skalierung"
"Distance","Gitter-Abstand"
"Units","Gitter-Einheiten"
"Ambience and Atmosphere","Ambiente und Atmosphäre"
"Configure additional integrations between this scene and Journal Entries, Audio Playlists, or Weather Effects.","Lege zusätzliche Verbindungen zwischen dieser Szene und Notizbucheinträgen, Audio-Wiedergabelisten oder Wettereffekten fest."
"Details and Dimensions","Details und Abmaßungen"
"Configure the basic details for this scene and permissions which control its visibility.","Lege grundsätzliche Details dieser Szene sowie Berechtigungen um sie zu sehen fest."
"Grid Configuration","Gitter-Konfiguration"
"Configure the grid dimensions which are used to measure token movement in this scene.","Lege die Maße des Gitters fest, welches genutzt wird um Figurenbewegungen zu messen."
"Vision and Lighting","Sicht und Beleuchtung"
"Configure the vision, lighting, and fog of war settings which apply to this Scene.","Lege die Sicht-, Beleuchtungs- und Nebeleinstellungen dieser Szene fest."
"Initial View Position","Initiale Ansicht"
"Capture Current View","Aktuelle Ansicht speichern"
"Set a default camera position that is displayed the first time this Scene is viewed.","Setze eine Standard-Kameraposition, welche beim erstmaligen Betreten der Szene benutzt wird."
"Loading {name}","Lade {name}"
"Navigation Name","Navigations-Name"
"An alternative name for the Scene that is displayed in the Navigation Bar instead of the actual Scene name.","Eine alternative Szenenbezeichnung, welche den Spielern in der Navigationsleiste angezeigt wird."
"Scene Notes","Szenen-Notizen"
"Padding Percentage","Prozentuale Größe des Randbereichs"
"pixels","Pixel"
"Preload Scene","Szene vorladen"
"Scene Name","Szenenname"
"View Scene","Szene anzeigen"
"Journal Notes","Notizbucheintrag"
"A linked Journal Entry which provides notes for the Game Master about this Scene.","Ein Notizbucheintrag für den Spielleiter, der Informationen zu dieser Szene beinhaltet."
"Navigation","Navigation"
"Offset Background","Abstand des Hintergrunds"
"Horizontal","Horizontal"
"Vertical","Vertikal"
"Token Vision","Figur-Sicht"
"Restrict visibility within this Scene to the shared vision of all controlled Tokens. If disabled, the entire Scene is visible.","Sichtbarkeit in dieser Szene basierend auf kontrollierten Figuren und deren Sicht einschränken."
"Toggle Navigation","Navigation aus"
"units","Einheiten"
"Weather Effect","Wettereffekt"
"Configure an active Weather Effect which is present within this Scene.","Stelle die Wettereffekte ein, die für die aktuelle Szene gelten."
"Configure Settings","Einstellungen anpassen"
"Controls Reference","Steuerungsübersicht"
"View Documentation","Dokumentation ansehen"
"Invitation Links","Einladungslinks"
"Manage Modules","Module verwalten"
"View Active Modules","Zeige aktive Module"
"Configure Game Settings","Spieleinstellungen anpassen"
"Update Software","Software"
"Log Out","Abmelden"
"User Management","Spieler anpassen"
"Reset Defaults","Auf Standardwerte zurücksetzen"
"Save Changes","Änderungen speichern"
"Return to Setup","Zum Setup"
"General Information","Allgemeine Informationen"
"Game Settings","Spieleinstellungen"
"Help and Documentation","Dokumentation"
"Game Access","Spielzugang"
"Community Wiki Pages","Community-Wiki"
"Token Vision Animation","Figurensicht animieren"
"Animate Token vision and light changes during Token movement animations. Disabling this will improve performance for lower-end machines.","Animiere den Sichtbereich von bewegten Figuren. Dies auszuschalten verbessert die Leistung von schwächeren Rechnern."
"Light Source Animation","Lichtquellen animieren"
"Allow light source animations. Disabling this will improve performance for lower-end machines.","Erlaube animierte Lichtquellen. Dies auszuschalten verbessert die Leistung von schwächeren Rechnern."
"Disable Pixel Resolution Scaling","Deaktiviere Skalierung der Pixelauflösung"
"Disable automatic scaling of the canvas resolution to the pixel density of the display device. This will result in a reduction in visual quality but an improvement in application performance for high-density displays.","Deaktiviere die automatische Skalierung der Spielflächen-Auflösung auf die Pixeldichte des Anzeigegeräts. Das führt zu einer Verringerung der visuellen Qualität, aber zu einer Verbesserung der Anwendungsleistung bei Bildschirmen mit hoher Pixeldichte."
"Language Preference","Sprache"
"Change the displayed language for Foundry Virtual Tabletop.","Ändere die Anzeigesprache für Foundry Virtual Tabletop."
"Left-Click to Release Objects","Linksklick um Objekte abzuwählen"
"When enabled, a left click on empty canvas space will release any currently controlled objects. If disabled, objects are released by selecting an empty space, shift-clicking the object, or pressing the escape key.","Wenn aktiviert wird ein Klick auf eine leere Fläche die aktuelle Auswahl aufheben. Andernfalls wird die Auswahl aufgehoben indem ein leerer Bereich ausgewählt, die Escape-Taste gedrückt oder via Shift-Klick alle ausgewählten Objekte abewählt werden."
"Disable Game Canvas","Spielfläche deaktivieren"
"The game canvas which provides a visual representation of the virtual tabletop can be disabled. This allows for low-end machines to use a subset of software features.","Die Spielfläche, die eine visuelle Darstellung der virtuellen Tischplatte bietet, kann deaktiviert werden. Dies ermöglicht es schwächeren Rechnern, den Rest der Softwarefunktionen zu verwenden."
"Enable Chat Bubbles","Sprechblasen aktivieren"
"Configure whether or not chat bubbles will be displayed above Tokens for in-character and emote type chat messages.","Stelle ein, ob Sprechblasen für In-Charakter- und Emote-Nachrichten oberhalb der Figuren angezeigt werden."
"Pan to Token Speaker","Schwenke zu Sprechblasen"
"Configure whether to automatically pan the camera to a speaking token when it displays a chat bubble.","Stelle ein, ob die Kamera automatisch zu einer Figur schwenkt, wenn bei dieser eine Sprechblase erscheint."
"Maximum Framerate","Maximale Bildrate"
"Limit the maximum framerate at which Foundry Virtual Tabletop will render canvas updates. Lowering this value may improve application performance for less powerful hardware.","Lege die maximale Bildrate fest, mit der Foundry Virtual Tabletop die Oberfläche neu zeichnet. Diesen Wert zu senken kann die Leistung von schwächeren Rechnern verbessern."
"Zoomed Texture Antialiasing","Kantenglättung von verkleinerten Texturen"
"Compute mipmaps to antialias sprite textures at lower levels of zoom. This is a client setting as different users may prefer different visual styles.","Die Kantenglättung von Mimaps wird erst bei niedrigeren Zoomstufen angewendet. Das ist eine Client-Einstellung da Leute unterschiedliche visuelle Stile bevorzugen."
"Enable Soft Shadows","Weiche Schatten aktivieren"
"Enable soft shadows for more beautiful dynamic lighting, or disable it for improved performance on machines with lower-end hardware.","Aktiviere weiche Schatten für eine schönere dynamische Beleuchtung oder deaktiviere sie für eine verbesserte Leistung auf Systemen mit älterer Hardware."
"Core Settings","Grundeinstellungen"
"Module Settings","Moduleinstellungen"
"System Settings","Systemeinstellungen"
"Token Drag Vision","Sicht beim Ziehen von Figuren"
"When enabled, vision and lighting for a Token is previewed in real time during a left-click drag workflow. This is disabled by default because it may promote undesirable meta-gaming behaviors.","Wenn aktiviert, wird die Sicht einer Figur beim Ziehen in Echtzeit aktualisiert. Das ist standardmäßig deaktiviert, da es unerwünschtes Metagaming begünstigen könnte."
"Core Software Version","Softwareversion"
"If an update to the core Foundry Virtual Tabletop software is available, you may apply it here. You are currently using version {coreVersion}.","Wenn eine Aktualisierung für Foundry Virtual Tabletop verfügbar ist, kannst du sie hier durchführen. Du verwendest aktuell Version {coreVersion}."
"Default Language","Standard-Sprache"
"You may choose a default language for the application by choosing a module which provides the core translation files for that language.","Du kannst eine Standardsprache für die Applikation wählen, indem du ein Modul auswählst welches eine Lokalisierung für die Kernsoftware bereitstellt."
"Software Configuration","Software-Konfiguration"
"Software Update","Software Aktualisierung"
"A {type} update to {channel} version {version} is now available!","Es ist eine Softwareaktualisierung auf {channel} Version {version} verfügbar!"
"Configuration","Konfiguration"
"These fields customize the behavior of the Foundry Virtual Tabletop application. Changes will require the server to restart.","Die folgenden Einstellungen verändern das Verhalten des Foundry Virtual Tabletop Servers. Sei vorsichtig, wenn du Änderungen vornimmst. Du musst die Software neu starten, damit diese Änderungen wirksam werden."
"Optimize Static Files","Statische Dateien optimieren"
"Reduce network traffic by serving minified static JavaScript and CSS files. Enabling this setting is recommended for most users, but module developers may wish to disable it.","Die zu übertragenden Daten werden reduziert indem komprimierte JavaScript- und CSS-Dateien ausgespielt werden. Den meisten Nutzern wird empohlen dies zu aktivieren, wenn du aber Module entwickelst solltest du diese Funktion aber vielleicht ausschalten."
"Add-on Modules","Add-on Module"
"Game Systems","Spielsysteme"
"Configuration and Setup","Einstellungen und Setup"
"Update Software","Software"
"Update All","Alle aktualisieren"
"Software Update Channel","Software-Aktualisierungskanal"
"You may choose an update channel to control the types of updates you wish to receive for the core Foundry Virtual Tabletop software. If you do not have a specific reason to change this, it is recommended to consume the Release channel.","Du kannst einen Aktualisierungskanal wählen, um die Art von Aktualisierungen zu steuern, welche du für die Software erhalten willst. Sofern es keinen besonderen Grund gibt dies zu ändern, wird der Release-Kanal empfohlen."
"Update","Neue Version?"
"Check For Update","Nach Aktualisierung suchen"
"Alpha (Unstable)","Alpha (Instabil)"
"Beta (Release Candidate)","Beta (Release-Kandidat)"
"Release (Stable)","Release (Stabil)"
"Checking the Force Update box will force your version to the requested channel. Do not use this option unless you know exactly what you are doing.","Mit ""Aktualisierung erzwingen"" wird eine Aktualisierung auf die letzte Version des gewählten Kanals erzwungen. Nutz diese Option nur, wenn du genau weisst was du tust."
"Uninstall","Deinstallieren"
"Create World","Welt erstellen"
"Delete World","Welt löschen"
"Edit World","Welt editieren"
"Launch World","Welt starten"
"Game Worlds","Spielwelten"
"Requires Update","Benötigt Aktualisierung"
"Requires System Update","Benötigt Systemaktualisierung"
"Requires Dependency","Benötigt Abhängigkeit"
"Requires Core Update","Benötigt Softwareaktualisierung"
"Save Application Configuration","Anwendungskonfiguration speichern"
"Modifying these configuration options will cause the server to be shut down and require that you restart the server manually. Do you wish to continue?","Das Ändern dieser Konfigurationsoptionen führt dazu, dass der Server heruntergefahren wird und du den Server manuell neu starten musst. Willst du fortfahren?"
"The Foundry Virtual Tabletop server has been terminated to apply changes. You must restart manually.","Der Foundry Virtual Tabletop Server wurde beendet um Änderungen zu übernehmen. Du musst ihn manuell neu starten."
"Current Version","Aktuelle Version"
"Force Update?","Aktualisierung erzwingen?"
"Compatibility Unknown","Kompatibilität unbekannt"
"Compatibility Risk","Kompatibilitätsrisiko"
"Manifest URL","Manifest-URL"
"You can install any package by providing a direct link to its JSON manifest URL.","Du kannst ein Paket installieren indem du den Link zu dessen JSON-Manifest eingibst."
"Install Module","Modul installieren"
"Install System","System installieren"
"{type} {name} was installed successfully","{type} {name} wurde erfolgreich installiert"
"Installation failed: {message}","Installation fehlgeschlagen: {message}"
"Install World","Welt installieren"
"uninstalled successfully","erfolgreich deinstalliert"
"Uninstallation failed","Deinstallation fehlgeschlagen"
"updated successfully","erfolgreich aktualisiert"
"Update failed","Aktualisierung fehlgeschlagen"
"Loading Available Packages","Lade verfügbare Pakete"
"Filter Packages","Pakete durchsuchen"
"You can filter available packages by name.","Du kannst die verfügbaren Pakete nach ihrem Namen filtern."
"Package Categories","Paket-Kategorien"
"Installed","Installiert"
"Not Owned","Keine Lizenz"
"All Packages","Alle Pakete"
"Installed Only","Nur Installierte"
"Uninstalled Only","Nur Deinstallierte"
"{title} has {number} dependencies which are not yet installed.","Das installierte Paket hat {number} Abhängigkeiten, welche noch nicht installiert wurden."
"Install Package Dependencies","Abhängigkeiten installieren"
"You may not be able to use this package if these dependencies are not present. Do you wish to install them automatically?","Du wirst dieses Paket vielleicht nicht nutzen können, solange diese Abhängigkeiten nicht verfügbar sind. Möchtest du sie automatisch installieren?"
"You have chosen not to install the required dependency packages for {title}. You will need to install them manually.","Du hast dich entschieden die von {title} benötigten Abhängigkeiten nicht zu installieren. Du wirst sie manuell installieren müssen."
"Successfully installed {title} and {number} dependencies.","{title} und {number} Abhängigkeiten erfolgreich installiert."
"An update is available for {name} but cannot be installed because it requires core software version {vreq} and you are currently using version {vcur}.","Für {name} ist eine Aktualisierung verfügbar. Diese benötigt allerdings Foundry VTT {vreq} und du nutzt derzeit {vcur}."
"Delete {type}: {title}","{type} löschen: {title}"
"Are you sure you want to delete the {type} <strong>{title}</strong>?","Bist du sicher, dass du das {type} <string>{title}</strong> löschen willst?"
"<strong>Warning:</strong> This will permanently delete your world content and <strong>can not</strong> be un-done. Are you sure you wish to do this?</strong>.","<strong>Achtung:</strong> Dies wird deine Welt dauerhaft löschen und <strong>kann nicht</strong> rückgängig gemacht werden. Bist du sicher, dass du das tun willst?"
"Type the exact title of your world <strong>{title}</strong> in the box below to proceed.","Gib den genauen Namen deiner Welt <strong>{title}</strong> in das Feld unten ein, um fortzufahren."
"<strong>Warning:</strong> This operation cannot be un-done.","<strong>Achtung:</strong> Diese Aktion kann nicht rückgängig gemacht werden."
"You must enter the exact World name to confirm the deletion request.","Du musst den genauen Weltnamen eingeben, um das Löschen zu bestätigen."
"Update","Neue Version?"
"Blocked","Blockiert"
"Update","Aktualisieren"
"Current","Aktuell"
"Downloading Update","Lade Aktualisierung"
"Download Complete","Download abgeschlossen"
"Extracting Update","Extrahiere Aktualisierung"
"Extraction Complete","Extraktion abgeschlossen"
"Cleaning Directory","Säubere Verzeichnis"
"Cleaning Complete","Säuberung abgeschlossen"
"Installing Update","Installiere Aktualisierung"
"Installation Complete","Installation abgeschlossen"
"In order to update Foundry Virtual Tabletop you will need to be connected to the internet and have a valid software license.","Um Foundry Virtual Tabletop zu aktualisieren brauchst du eine Internetverbindung, sowie eine gültige Softwarelizenz."
"This update is a new major version of the Foundry Virtual Tabletop software. Installing this update will require some installed modules which may not yet be compatible to be disabled.","Mit dieser Aktualisierung wird eine neue Hauptversion von Foundry VTT installiert. Module welche vielleicht nicht mehr kompatibel sind, werden dazu deaktiviert."
"Download Update {version}","Lade Version {version}"
"An update to Foundry Virtual Tabletop version {version} is available!","Eine Aktualisierung auf Foundry VTT Version {version} ist verfügbar!"
"You are not allowed to update this instance of Foundry Virtual Tabletop because it was launched in --noupdate mode.","Du kannst diese Instanz von Foundry Virtual Tabletop nicht aktualisieren, da sie im --noupdate-Modus gestartet wurde."
"No software update is currently available on the requested update channel.","Auf dem gewählten Aktualisierungskanal ist keine neue Version verfügbar."
"World Data Migration Required","Migration der Weltdaten notwendig"
"<p>Launching the world <strong>{world}</strong> will migrate its data model from an older core software version {oldVersion} to the currently installed version {newVersion}.</p><p>As part of this process, <strong>{nIncompatible} out of {nModules} installed modules</strong> which may not yet be compatible with the new version will be automatically disabled. You may re-enable them manually if you wish.</p><p>Please check for any available updates to your game systems and modules, and please be sure to periodically back up your critical world data. Would you like to proceed?</p>","<p>Wenn du die Welt <strong>{world}</strong> startest, wird ihr Datenmodell von der älteren Softwareversion {oldVersion} zur aktuell installierten Version {newVersion} migriert.</p><p>Als Teil dieses Prozesses werden <strong>{nIncompatible} von {nModules} installierten Modulen</strong> automatisch deaktiviert, da sie vielleicht nicht mehr kompatibel mit der neuen Softwareversion sind. Wenn du willst kannst du sie manuell wieder aktivieren.</p><p>Bitte prüfe, ob Aktualisierungen für deine Spielsysteme und Module verfügbar sind und stelle sicher, dass du regelmäßig deine Weltdaten sicherst. Möchtest du fortfahren?</p>"
"Foundry Virtual Tabletop &bull; Administrator Access","Foundry Virtual Tabletop &bull; Administrator Zugang"
"Administrator Password","Administrator-Zugangsschlüssel"
"You may assign a special administrator password which is required in order to access this setup screen.","Du kannst einen speziellen Schlüssel festlegen, welcher benötigt wird um auf diese Konfigurationsseite zuzugreifen."
"Admin Log Out","Admin Abmelden"
"AWS Configuration Path","AWS-Konfigurationspfad"
"You may provide an AWS configuration file for S3 integration. The path is absolute or relative to the Config subdirectory of user data.","Du kannst eine AWS-Konfigurationsdatei für die S3 Integration festlegen. Der Pfad ist absolut oder relativ zum Konfigurations-Unterverzeichnis der Nutzerdaten."
"Port","Port"
"You may choose which port Foundry Virtual Tabletop uses for TCP connection traffic and enable or disable Universal Plug and Play (UPnP).","Du kannst festlegen welchen Port Foundry Virtual Tabletop für TCP Verbindungen nutzt. Zudem kannst du Universal Plug and Play (UPnP) verwenden."
"Enable UPnP?","UPnP nutzen?"
"User Data Path","Nutzerdaten-Pfad"
"Configure the location where your user data including worlds, systems and modules are stored.","Lege fest an welchem Ort deine Nutzerdaten einschließlich Welten, Systemen und Modulen gespeichert werden."
"Default World","Standard-Welt"
"You may choose one of your available worlds to automatically launch when the software is started.","Du kannst eine deiner Welten automatisch mit der Software starten lassen."
"SSL Certificate","SSL-Zertifikat"
"SSL Private Key","SSL privater Schlüssel"
"You may run the server using secure socket layer (SSL) encryption by providing paths to certificate and key files. Paths are absolute or relative to the Config subdirectory in user data.","Du kannst den Server mit Secure-Socket-Layer (SSL) Verschlüsslung nutzen indem du die Pfade zum Zertifikat und den Schlüsseln hinterlegst."
"Current Players","Aktuelle Spieler"
"Join Game Session","Sitzung beitreten"
"Game Details","Spieldetails"
"Return to Setup","Zurück zum Setup"
"World Description","Weltbeschreibung"
"Next Session","Nächste Sitzung"
"Select User","Wähle Nutzer"
"User Password","Nutzer-Zugangsschlüssel"
"You are authenticated as a server administrator user.","Du wurdest als Server-Administrator authentifiziert."
"This Sheet","Dieser Bogen"
"Default Sheet","Standardbogen"
"Override which sheet type you would like to use for this specific entity.","Überschreiben, welche Bogen-Art du für diese spezielle Entität benutzen möchtest."
"Set the default sheet type used for this entity type (GM Only).","Die Standard-Bogen-Art für diesen Entitätstyp festlegen (nur SL)."
"You do not have sufficient permissions to view this entity sheet.","Du hast keine Berechtigung um diesen Bogen anzusehen."
"Save Sheet Configuration","Bogen-Konfiguration speichern"
"View Character Artwork","Akteur-Bild anzeigen"
"Collapse or Expand","Ein-/Ausklappen"
"Delete","Löschen"
"Duplicate","Duplizieren"
"Export Data","Daten exportieren"
"Ambient Sound Configuration","Umgebungsgeräusch-Konfiguration"
"Configure the ambient sound to play an audio file when tokens move within it's radius.","Stelle das Geräusch ein welches zu hören ist, wenn Figuren sich in dessen Bereich befinden."
"Create Ambient Sound","Umgebungsgeräusch erstellen"
"Update Ambient Sound","Umgebungsgeräusch aktualisieren"
"Source File Path","Dateipfad"
"Effect Radius","Effektradius"
"Local Sound","Lokales Geräusch"
"Global Sound","Globales Geräusch"
"Volume Easing","Lautstärke anpassen"
"Adjust the volume level of the sound as Tokens move closer to the origin.","Die Lautstärke wird je nach Distanz zwischen Figur und Geräuschursprung angepasst."
"Maximum Volume","Maximale Lautstärke"
"Define the maximum volume of the sound at it's origin point (if easing) or everywhere in the area.","Die maximale Lautstärke des Geräusches an dessen Ursprung (wenn angepasst) oder überall in dessen Bereich."
"New Sound","Neues Geräusch"
"Clear Folder","Ordner leeren"
"Folder Color","Ordnerfarbe"
"Create Folder","Ordner erstellen"
"Collapse All Folders","Alle Ordner einklappen"
"Delete All","Alle löschen"
"Edit Folder","Ordner bearbeiten"
"Export to Compendium","Zu Kompendium exportieren"
"Folder Name","Ordnername"
"Remove Folder","Ordner entfernen"
"Alphabetical","Alphabetisch"
"Manual","Manuell"
"Update Folder","Order aktualisieren"
"Export Content","Inhalt exportieren"
"You may export contained entities from this folder into an unlocked Compendium pack of the appropriate type.","Du kannst den Inhalt dieses Ordners in ein ungeschütztes Kompendium des entsprechenden Typs exportieren."
"Destination Pack","Zielkompendium"
"Merge By Name?","Einträge nach Namen zusammenführen?"
"There are no unlocked compendium packs available for {type} entities which you can export to.","Es gibt keine ungeschützten Kompendien für {type}-Entitäten zu denen du exportieren kannst."
"Create Rollable Table","Würfeltabelle erstellen"
"Create a new Rollable Table entity using the contents of this Folder as table results?","Soll eine neue Würfeltabelle mit dem Inhalt dieses Ordners erzeugt werden?"
"None","Nichts"
"Limited","Beschränkt"
"Observer","Beobachter"
"Owner","Besitzer"
"Default","Standard"
"No Change","Keine Änderung"
"All Players","Alle Spieler"
"Configure Permissions","Rechte anpassen"
"Open Permission Configuration","Öffne Rechtekonfiguration"
"Fine tune the permitted actions which are allowed to Users for each role.","Definiere welche Aktionen Nutzern unterschiedlicher Rollen erlaubt sind."
"Permission Configuration","Rechtekonfiguration"
"Configure which User role has permission to perform which action. Note that some actions cannot be disabled for Game Master users. Some changes may not take effect until the game is reloaded.","Bestimme welche Nutzerrolle das Recht hat welche Aktion durchzuführen. Manche Aktionen können für den Spielleiter nicht deaktiviert werden. Manche Änderungen werden erst nach einem Neustart des Spiels angewendet."
"Configure access for all Entities within this Folder. Changes will be applied to all contained Entities, excluding the contents of sub-folders.","Lege die Zugriffsrechte für alle Entitäten in diesem Ordner fest. Unterordner und deren Entitäten werden dabei ignoriert."
"Configure access to this specific Entity, allowing each User to be assigned a different level of visibility.","Lege die Zugriffsrechte für diese spezielle Entität fest."
"Permission","Recht"
"User Role Permissions","Nutzerrollen-Rechte"
"Reset Defaults","Auf Voreinstellung zurücksetzen"
"Save Configuration","Konfiguration speichern"
"Allow Broadcasting Audio","Erlaube Audioübertragung"
"Allow players with this role to broadcast audio when using A/V chat integration.","Erlaube Nutzern mit dieser Rolle Audio zu übertragen, wenn die A/V-Chat-Integration genutzt wird."
"Allow Broadcasting Video","Erlaube Videoübertragung"
"Allow players with this role to broadcast video when using A/V chat integration.","Erlaube Nutzern mit dieser Rolle Video zu übertragen, wenn die A/V-Chat-Integration genutzt wird."
"Create New Actors","Neue Akteure erstellen"
"Allow players with this role to create new Actors in the World.","Erlaube Nutzern mit dieser Rolle neue Akteure in der Welt zu erzeugen."
"Use Drawing Tools","Zeichenwerkzeuge benutzen"
"Allow players with this role to create Drawings using the drawing tools.","Erlaube Nutzern mit dieser Rolle Zeichnungen mit den Zeichenwerkzeugen zu erstellen."
"Create New Items","Neue Items erstellen"
"Allow players with this role to create new Items in the World.","Erlaube Nutzern mit dieser Rolle neue Items in der Welt zu erzeugen."
"Use File Browser","Dateien durchsuchen"
"Allow players with this role to browse through available files in the File Browser.","Erlaube Nutzern mit dieser Rolle den Dateimanager zum Suchen von Dateien zu verwenden."
"Upload New Files","Neue Dateien hochladen"
"Allow players with this role to upload content to the server using the File Browser.","Erlaube Nutzern mit dieser Rolle den Dateimanager zum Hochladen neuer Dateien zu verwenden."
"Create Journal Entries","Neue Notizbucheinträge erstellen"
"Allow players with this role to create new Journal Entries in the Journal sidebar.","Erlaube Nutzern mit dieser Rolle neue Notizbucheinträge in der Seitenleiste anzulegen."
"Use Script Macros","Script-Makros benutzen"
"Allow players with this role to use JavaScript macros which access the API.","Erlaube Nutzern mit dieser Rolle JavaScript-Makros auszuführen, welche auf die API zugreifen."
"Whisper Private Messages","Private Nachrichten flüstern"
"Allow players with this role whisper private messages that the Game Master cannot see.","Erlaube Nutzern mit dieser Rolle private Nachrichten zu flüstern, welche der SL nicht sehen kann."
"Modify Configuration Settings","Spieleinstellungen ändern"
"Allow players with this role to modify game settings and enable or disable modules.","Erlaube Nutzern mit dieser Rolle die Spieleinstellungen zu ändern und Module ein-/auszuschalten."
"Display Mouse Cursor","Mauszeiger anzeigen"
"Display the position of the player's mouse cursor which illustrates where the user is looking on the canvas.","Zeige den Mauszeiger des Nutzers um zu sehen wo dieser hinschaut."
"Display Ruler Measurement","Zeige Entfernungsmessung anderen Spielern"
"Display measurement using the ruler tool to other connected players.","Messungen mit dem Lineal werden anderen Spielern angezeigt."
"Create Measured Template","Messschablonen erstellen"
"Allow players with this role to create templates for area-of-effect measurement.","Erlaube Nutzern mit dieser Rolle Schablonen für Wirkungsbereiche zu erstellen."
"Create New Tokens","Neue Figuren erstellen"
"Allow players with this role to place Tokens for Actors they own on the game canvas.","Erlaube Nutzern mit dieser Rolle Figuren von eigenen Akteuren in der Szene zu platzieren."
"Configure Token Settings","Figur-Einstellungen ändern"
"Allow players with this role to configure the settings for Tokens that they own.","Erlaube Nutzern mit dieser Rolle die Einstellungen von eigenen Figuren zu ändern."
"Open and Close Doors","Türen öffnen und schliessen"
"Allow players with this role interact with doors defined on the Walls Layer.","Erlaube Nutzern mit dieser Rolle mit Türen zu interagieren, welche auf der Wand-Ebene definiert wurden."
"Import Data","Daten importieren"
"Create Scene","Szene erstellen"
"Search Scenes","Szenen durchsuchen"
"Chat Log","Chat-Protokoll"
"Combat Tracker","Begegnungen"
"Scenes Directory","Szenenverzeichnis"
"Actors Directory","Akteurverzeichnis"
"Items Directory","Itemverzeichnis"
"Journal Entries","Notizbucheinträge"
"Audio Playlists","Audio-Wiedergabelisten"
"Compendium Packs","Kompendium-Pakete"
"Game Settings","Spieleinstellungen"
"Rollable Tables","Würfeltabellen"
"View Token Artwork","Bild der Figur anzeigen"
"Jump To Pin","Zu Pin springen"
"Animate Roll Tables?","Würfeltabellen animieren?"
"Configure whether to display a roulette-style animation when drawing from a Roll Table.","Stelle ein, ob eine Roulette-Animation angezeigt wird, wenn aus einer Würfeltabelle gezogen wird."
"Create Table","Tabelle erstellen"
"Table Description","Tabellen-Beschreibung"
"Display Roll to Chat?","Wurf im Chat anzeigen?"
"Roll Table Formula","Formel"
"Search Tables","Tabellen durchsuchen"
"Table Configuration","Würfeltabellen-Einstellungen"
"Normalize Result Weights","Ergebnisgewichtung normalisieren"
"Draw with Replacement?","Ziehen mit Zurücklegen?"
"Reset","Zurücksetzen"
"Add New Result","Neues Ergebnis hinzufügen"
"Result Type","Ergebnistyp"
"Result Details","Ergebnisdetails"
"Delete Result","Ergebnis löschen"
"Weight","Gewicht"
"Range","Bereich"
"Roll","Wurf"
"Toggle Drawn Status","Gezogen-Status umschalten"
"Update","Aktualisieren"
"Cone Template Type","Art der Kegel-Schablonen"
"Choose how the area of effect for cone templates should be defined.","Wähle wie der Wirkungsbereich der Kegel-Schablone definiert wird."
"Flat","Flach"
"Round","Rund"
"Tile Configuration","Kachelkonfiguration"
"Tile Image or Video","Bild oder Video"
"Assign Token","Figur zuweisen"
"You must select one existing Token to assign as the new prototype configuration.","Du musst eine Figur auswählen, um sie als neue Protoyp-Figur festzulegen."
"Updated prototype Token configuration for {name}","Prototyp-Figur für {name} aktualisiert"
"Attribute Bars","Attribut-Leisten"
"Single Values","Einzelne Werte"
"Represented Actor","Repräsentierter Akteur"
"Token Disposition","Disposition"
"Configure which Actor this Token is associated with.","Stelle ein, welcher Akteur dieser Figur zugeordnet ist."
"Link Actor Data","Mit Akteur verbinden"
"Token Name","Name"
"Display Name","Namen anzeigen"
"Alternate Actor Tokens","Alternative Akteur-Figuren"
"Configure the Token image and its displayed size and scale.","Stelle das Bild der Figur und dessen Anzeigegröße ein."
"Token Image Path","Bildpfad"
"Mirror Image Horizontally","Bild horizontal spiegeln"
"Mirror Image Vertically","Bild vertikal spiegeln"
"Configure the Token's position, orientation, and elevation.","Stelle die Position, Ausrichtung und Höhe der Figur ein."
"Lock Rotation","Rotation sperren"
"Randomize Wildcard Images","Zufälliges Bild aus Platzhalter"
"Configure the resource bars which are tracked for the Token.","Stelle die Ressourcen-Leisten ein, welche für die Figur verfolgt werden."
"Bar 1 Attribute","Leiste 1 Attribut"
"Bar 1 Data","Leiste 1 Daten"
"Bar 2 Attribute","Leiste 2 Attribut"
"Bar 2 Data","Leiste 2 Daten"
"Display Bars","Leisten anzeigen"
"Token Configuration","Figur Einstellungen"
"Prototype Token","Prototyp-Figur"
"Tint Color","Farbton"
"Update Token","Figur aktualisieren"
"Configure the vision capability and light emission of this Token.","Stelle die Sicht und Lichtabgabe dieser Figur ein."
"Has Vision","Hat Sicht"
"Bright Vision","Helle Sicht"
"Dim Vision","Dämmersicht"
"Sight Angle","Sichtwinkel"
"This Token references an Actor which no longer exists within the World.","Diese Figur verweist auf einen Akteur, welcher nicht mehr in der Welt existiert."
"You do not own any Token with vision in this Scene","Du hast keine Figuren mit Sicht in dieser Szene."
"Hostile","Feindlich"
"Neutral","Neutral"
"Friendly","Freundlich"
"Never Displayed","Niemals"
"When Controlled","Wenn kontrolliert"
"Hovered by Owner","Mouse-over von Besitzer"
"Hovered by Anyone","Mouse-over"
"Always for Owner","Immer für Besitzer"
"Always for Everyone","Immer"
"None","Nichts"
"Player","Spieler"
"Trusted Player","Seriöser Spieler"
"Assistant GM","SL-Assistent"
"Game Master","Spielleiter"
"Password","Zugangsschlüssel"
"User Role","Nutzerrolle"
"User Name","Nutzername"
"Show Password","Zeige Zugangsschlüssel"
"Create Additional User","Neuen Nutzer anlegen"
"Delete User","Nutzer löschen"
"Save and Return","Speichern"
"User Management","Spieler verwalten"
"Game users updated successfully, returning to the game World.","Spieler erfolgreich aktualisiert, kehre zur Spielwelt zurück."
"You must have at least one Game Master user within your World.","Du musst mindestens einen Spielleiter in deiner Welt haben."
"Wall Configuration","Wand-Konfiguration"
"Wall Configuration [Multiple]","Wand-Konfiguration [mehrere]"
"Customize how this wall segment restricts movement or senses.","Passe an, wie dieses Wand-Segment Bewegung oder Sinne einschränkt."
"Wall Coordinates","Wand-Koordinaten"
"Movement Restrictions","Bewegungsbeschränkung"
"Wall Direction","Wand-Richtung"
"Is Door?","Ist Tür?"
"Door State","Tür-Zustand"
"Update Wall","Wand aktualisieren"
"World Details","Welt-Details"
"World Description","Welt-Beschreibung"
"Audio/Video Configuration","Audio/Video-Konfiguration"
"Configure Audio/Video","Audio/Video konfigurieren"
"Configure settings specific to the integrated Audio/Video WebRTC component","Ändere die Einstellungen der integriertenAudio/Video-WebRTC-Komponente"
"<Unknown Device>","<Unbekanntes Gerät>"
"Video Capture Device","Video-Aufnahmegerät"
"Select which video capture device you wish to use, if any.","Wähle ob und welches Video-Aufnahmegerät du nutzen möchtest."
"Audio Capture Device","Audio-Aufnahmegerät"
"Select which audio capture device you wish to use, if any.","Wähle ob und welches Audio-Aufnahmegerät du nutzen möchtest."
"Audio Output Device","Audio-Ausgabegerät"
"Select which audio output device you wish to use.","Wähle welches Audio-Ausgabegerät du nutzen willst."
"Audio/Video communication was unable to start because one of the configured input devices was unavailable.","Audio/Video-Kommunikation konnte nicht gestartet werden, weil eines der Eingabegeräte nicht verfügbar war."
"Disable Sending Camera","Keine Videoaufnahme"
"Disable Sending Audio","Keine Audioaufnahme"
"Disable Audio Output","Keine Audioausgabe"
"Default Device","Standardgerät"
"Unavailable Device (will use Default)","Nichtverfügbares Gerät (verwendet Standard)"
"Choose Signalling Server","Wähle den Signalisierungs-Server"
"Signalling Server URL","Signalisierungs-Server URL"
"Foundry VTT","Foundry VTT"
"Custom Server","Eigener Server"
"Signalling Server Username","Signalisierungs-Server Nutzername"
"Signalling Server Password","Signalisierungs-Server Passwort"
"Relay Server Configuration","Relaisserver"
"Provided by Signalling Server","Von Signalisierungs-Server bereitgestellt"
"Custom Relay Server","Eigener Relaisserver"
"Relay Server URL","Relaisserver URL"
"Relay Server Username","Relaisserver Nutzername"
"Relay Server Password","Relaisserver Passwort"
"General","Allgemein"
"Devices","Geräte"
"Server","Server"
"General Audio/Video Conferencing Settings can only be modified by the GM","Allgemeine Audio/Video-Konferenzeinstellungen können nur vom SL geändert werden"
"Audio/Video Conferencing Mode","Audio/Video-Konferenzmodus"
"Only a Game Master user may change this setting, which will require Foundry VTT to reload.","Nur ein SL darf diese Einstellung ändern. Es wird ein Neustart von Foundry VTT benötigt."
"Disabled","Deaktiviert"
"Audio Only","Nur Audio"
"Video Only","Nur Video"
"Audio/Video Enabled","Audio/Video aktiviert"
"Toggle video","Video umschalten"
"Configure Settings","Einstellungen ändern"
"Send to Dock","Andocken"
"Pop out","In eigenem Fenster öffnen"
"Push-to-Talk/Mute Key","Push-to-Talk-/​Stummschaltungs-Taste"
"Assign a keyboard key which, in PTT mode, enables voice while held. If not in PTT mode, the same key mutes while pressed.","Weise eine Taste zu, welche im PTT-Modus die Audioübertragung aktiviert, solange sie gehalten wird. Mit deaktivertem PTT-Modus schaltet dieselbe Taste stumm, solange sie gedrückt wird."
"Voice Broadcasting Mode","Stimmübertragungsmodus"
"Choose how your voice is broadcast in AV calls.","Wähle wie deine Stimme bei A/V-Chats übertragen wird."
"Always Enabled","Immer aktiv"
"Voice Activation","Sprachaktivierung"
"Push-to-Talk","Push-to-Talk"
"Allow User Video","Erlaube Video"
"Block User Video","Blockiere Video"
"Allow User Audio","Erlaube Audio"
"Block User Audio","Blockiere Audio"
"Enable Your Video","Aktivere dein Video"
"Disable Your Video","Deaktiviere dein Video"
"Enable Your Audio","Aktiviere dein Audio"
"Mute Your Audio","Deaktiviere dein Audio"
"Mute Others' Audio","Audio anderer stumm schalten"
"Unmute Others' Audio","Audio anderer nicht stumm schalten"
"Show Players List","Zeige Spielerliste"
"Hide Players List","Verstecke Spielerliste"
"Cycle Video Size","Wechsle Videogröße"
"Unable to capture from your Audio devices; Sharing Video only","Die Audioaufnahme funktioniert nicht; Sende nur Video"
"Unable to capture from your Video devices; Sharing Audio only","Die Videoaufnahme funktioniert nicht; Sende nur Audio"
"Unable to capture from your Audio & Video devices","Weder Audio- noch Videoaufnahme funktioniert"
"Unable to capture from your Video devices","Die Videoaufnahme funktioniert nicht"
"Unable to capture from your Audio devices","Weder Audio- noch Videoaufnahme funktioniert"
"Error connection to Audio/Video Signalling Server","Fehler bei der Verbindung zum A/V-Signalisierungs-Server"
"Lost connection to the Audio/Video Signalling server. Trying to re-establish connection.","Verbindung zum A/V-Signalisierungs-Server verloren. Es wird versucht die Verbindung erneut aufzubauen."
"WebRTC Error : ","WebRTC Fehler : "
"You cannot use Audio/Video calls unless your Foundry VTT server is using SSL certificates. See the online documentation for instructions.","Du kannst keine Audio/Video-Konferenzen tätigen, sofern dein Foundry VTT Server nicht SSL-Zertifikate verwendet. Instruktionen findest du in der Online-Dokumentation."
"You cannot enable your camera because you do not have permission to broadcast your video feed.","Du kannst deine Kamera nicht aktivieren, weil du keine Berechtigung für Videoübertragungen hast."
"You cannot enable your microphone because you do not have permission to broadcast your audio feed.","Du kannst dein Mikrofon nicht aktivieren, weil du keine Berechtigung für Audioübertragungen hast."
"World Title","Weltname"
"Data Path","Speicherort"
"Game System","Spielsystem"
"Background Image","Hintergrundbild"
"Next Session","Nächste Sitzung"
"Reset Active Modules","Aktive Module zurücksetzen"
"Reset User Passwords","Nutzer-Zugangsschlüssel zurücksetzen"
"World Description","Weltbeschreibung"