"en","es"
"Activate","Activar"
"Angle","Ángulo"
"Author","Autor"
"Are You Sure?","¿Está seguro?"
"and","y"
"Between","Entre"
"Cancel","Cancelar"
"Character","Personaje"
"Configure","Configurar"
"Command","Comando"
"Close","Cerrar"
"Degrees","Grados"
"Default","Por defecto"
"Delete","Eliminar"
"Description","Descripción"
"Distance","Distancia"
"Direction","Dirección"
"Documentation","Documentación"
"Duplicate","Duplicar"
"Error","Error"
"Grid Units","Rejilla"
"Install","Instalación"
"Elevation","Elevación"
"Foundry Virtual Tabletop","Foundry Virtual Tabletop"
"File Path","Ruta de archivo"
"Height","Altura"
"Hidden","Oculto"
"Hold","Pausar"
" Name","Nombre"
"No","No"
"Notes","Notas"
"Preload","Precargar"
"Token","Icono"
"Minimum","Mínimo"
"Maximum","Máximo"
"Image","Imagen"
"None","Nada"
"Path","Ruta"
"Packs","Paquetes"
"Permissions","Permisos"
"Position","Posición"
"Pixels","Píxeles"
"Ratio","Proporción"
"Resources","Recursos"
"Result","Resultado"
"Rotation","Rotación"
"Roll Formula","Tirar fórmula"
"Commit Changes","Aplicar cambios"
"Reset Changes","Reiniciar cambios"
"Save Changes","Guardar cambios"
"Scale","Escala"
"Scope","Ámbito"
"Seconds","Segundos"
"Sheet","Hoja"
"System","Sistema"
"Software","Software"
"Template","Plantilla"
"Type","Tipo"
"Uninstall","Desinstalar"
"Update","Actualizar"
"URL","URL"
"Vision","Visión"
"Warning","Advertencia"
"Width","Anchura"
"X-Coordinate","Coordenada X"
"Y-Coordinate","Coordenada Y"
"Yes","Sí"
"Actors Directory","Personajes"
"Create Actor","Crear PJ/PNJ"
"Search Actors","Buscar personaje"
"Are you sure you want to exit the Foundry Virtual Tabletop game?","¿Está seguro de que quiere salir de FoundryVTT?"
"Clear Chat Log","Borrar chat"
"Export Chat Log","Exportar chat"
"Flush Chat Log","Enviar chat"
"All messages within the chat log will be permanently deleted.","<h3>¿Está seguro?</h3><p>Todos los mensajes del chat serán eliminados</p>"
"{command} is not a valid chat message command.","{command} no es un comando válido"
"Chat Log","Registro de chat"
"To","Para"
"Pop Out Message","Mensaje emergente"
"Reveal To Everyone","Mostrar a todos"
"Make Private","Hacerlo privado"
"Blind GM Roll","Tirada oculta (GM)"
"Default Roll Mode","Tirada por defecto"
"Public Roll","Tirada pública"
"Private GM Roll","Tirada privada (GM)"
"Self Roll","Tirada personal"
"Rollable Tables","Tablas dinámicas"
"{user} privately rolled some dice","{user} ha hecho una tirada privada"
"Begin Combat","Comenzar combate"
"Create Encounter","Crear encuentro"
"Delete Encounter","Eliminar encuentro"
"Encounter","Encuentro"
"Activate Previous Encounter","Encuentro anterior"
"Activate Next Encounter","Encuentro siguiente"
"End Combat","Fin. combate"
"Roll Initiative","Tirar iniciativa"
"Reset Initiative","Reiniciar iniciativa"
"End Combat Encounter?","¿Finalizar encuentro?"
"End this combat encounter and empty the turn tracker?","¿Desea finalizar el combate y vaciar el asistente?"
"No Active Encounter","Sin encuentro activo"
"There is no active Combat Encounter in your currently viewed Scene.","No hay ningún encuentro de combate activo en la escena actual"
"There are no Combatants remaining in this Encounter which are not defeated.","No quedan combatientes no derrotados en este encuentro"
"Not Started","No comenzado"
"Tracked Resource","Recurso a mostrar:"
"Choose an attribute to track for each combatant.","Elige un atributo a mostrar para cada combatiente"
"Round","Asalto de combate"
"Rounds","Asaltos"
"Previous Round","Asalto anterior"
"Next Round","Asalto siguiente"
"Roll NPCs","Tirar iniciativa para PNJ"
"Roll All","Tirar iniciativa para todos"
"{name} rolls for Initiative!","¡{name} está tirando iniciativa!"
"Combat Tracker Settings","Opciones del asistente de combate"
"Save Tracker Settings","Guardar configuración del asistente"
"Skip Defeated?","¿Saltar actores derrotados?"
"Automatically bypass combatants marked as defeated?","¿Saltar el turno automáticamente de los combatientes derrotados?"
"Toggle Visibility","Alternar visibilidad"
"Mark Defeated","Marcar como derrotado"
"Turn","Turno"
"Turns","Turnos"
"End Turn","Finalizar turno"
"Next Turn","Turno siguiente"
"Previous Turn","Turno anterior"
"Unknown Combatant","Contendiente desconocido"
"Represented Actor","Actor representado"
"Create Combatant","Crear contendiente"
"Defeated","Derrotado"
"Hidden","Oculto"
"Thumbnail Image","Imagen en miniatura"
"Initiative Value","Valor de iniciativa"
"Combatant Status","Estado de contendiente"
"Update Combatant","Actualizar contendiente"
"Displayed Name","Nombre mostrado"
"Remove Combatant","Eliminar contendiente"
"Clear Initiative","Borrar iniciativa"
"Re-roll Initiative","Volver a tirar iniciativa"
"Represented Token","Icono representado"
"The Combatant {name} is not present in your currently viewed Scene","El contendiente {name} no se encuentra en la escena actual"
"Compendium Name","Nombre del compendio"
"Create Compendium","Crear compendio"
"Create a new Compendium pack in your current World.","Crea un nuevo compendio en el mundo de juego actual"
"Delete Compendium","Eliminar compendio"
"This Compendium Pack will be permanently deleted and cannot be recovered.","El grupo de compendios será borrado definitivamente y no se podrá recuperar"
"Delete Entry","Eliminar entrada"
"This Compendium entry and its data will be permanently deleted.","Esta entrada de compendio y los datos que contiene serán borrados definitivamente"
"Duplicate Compendium","Duplicar compendio"
"New Compendium Title","Nuevo título del compendio"
"You may duplicate this compendium into your World to have a local copy of its content which is safe to edit.","Puede duplicar este compendio en su mundo de juego para editar de manera segura una copia local"
"You must provide a title to create a World Compendium pack.","Debe proporcionar un título para crear un paquete de compendio en el Mundo"
"Import All Content","Importar todo"
"All of the content from this Compendium pack will be imported into your World to a Folder which you may name.","Se importará todo el contenido de este paquete de Compendio a una carpeta (cuyo nombre puede especificar) del mundo actual"
"Importing {number} {type} entries into the {folder} folder. Please be patient.","Importando {number} entradas de {type} a la carpeta {folder}. Por favor, espere"
"Successfully imported {number} {type} entries into the {folder} folder.","Se importaron con éxito {number} entradas de {type} a la carpeta {folder}"
"Import Entry","Importar entrada"
"Document Type","Tipo de entidad"
"Each Compendium pack contains a specific type of Document.","Cada compendio contiene entidades de un tipo específico"
"Toggle Visibility","Alternar visibilidad"
"Toggle Edit Lock","Alternar bloqueo de edición"
"You are attempting to unlock for editing a compendium that does not belong to this World. Any changes you make in this compendium pack may be lost if the system or module which owns it is updated. You may wish to duplicate the compendium to your world instead. Do you wish to proceed?","Está intentando desbloquear la edición de un compendio que no pertenece a este mundo de juego. Cualquier cambio que realice en este compendio podría perderse si se actualiza el sistema o el módulo que lo contiene. Quizá prefiera duplicar el compendio en su mundo de juego en su lugar. ¿Desea continuar?"
"Game Controls Reference","Controles del juego"
"This form describes common keyboard and mouse commands used to control various aspects of the Foundry Virtual Tabletop environment. Some controls are only available to a Game Master user, those are highlighted in light purple.","Este formulario describe los comandos principales del teclado y ratón utilizados para controlar varios aspectos de Foundry Virtual Tabletop"
"Token Controls","Controles de icono"
"Select Tokens","Seleccionar iconos"
"Select Targets","Seleccionar objetivos"
"Measure Distance","Medir distancia"
"Measurement Controls","Controles de medición"
"Template Type","Tipo de plantilla"
"Border Color","Color del borde"
"Configure the placement and display of the measurement template.","Ajuste la localización y el aspecto de la plantilla de medición"
"Circle Template","Plantilla círculo"
"Cone Template","Plantilla cono"
"Rectangle Template","Plantilla rectángulo"
"Ray Template","Plantilla línea"
"Clear Templates","Borrar mediciones"
"Template Texture","Textura de la plantilla"
"Tile Controls","Controles de baldosas"
"Select Tiles","Seleccionar baldosa"
"Place Tile","Colocar baldosa"
"Foreground Layer","Capa en primer plano"
"Tile Browser","Explorador de baldosas"
"Drawing Tools","Herramientas de dibujo"
"Select Drawings","Seleccionar dibujos"
"Draw Rectangle","Rectángulo"
"Draw Ellipse","Elipse"
"Draw Polygon","Polígono"
"Draw Freehand","Mano libre"
"Draw Text","Texto"
"Clear Drawings","Borrar dibujos"
"Configure Drawing","Opciones de dibujo"
"Wall Controls","Controles de paredes"
"Draw Walls","Pared normal"
"Invisible Walls","Pared invisible"
"Terrain Walls","Pared de terreno"
"Ethereal Walls","Pared etérea"
"Draw Doors","Puerta normal"
"Secret Doors","Puerta secreta"
"Rectangular Select Walls","Seleccionar paredes"
"Force Snap to Grid","Forzar ajuste a rejilla"
"Clone Walls","Clonar puerta"
"Clear Walls","Borrar paredes"
"Lighting Controls","Controles de iluminación"
"Draw Light Source","Dibujar fuente de luz"
"Clear Lights","Borrar luces"
"Reset Fog of War","Reiniciar niebla de guerra"
"Transition to Daylight","Cambiar a luz diurna"
"Transition to Darkness","Cambiar a oscuridad"
"Reset Fog of War Exploration?","¿Restablecer la niebla de guerra?"
"This will reset fog of war for this Scene for all players.","La niebla de guerra de esta escena se restablecerá para todos los jugadores"
"Ambient Sound Controls","Controles de audio ambiental"
"Draw Ambient Sound","Dibujar audio ambiental"
"Preview Ambient Sounds","Previsualizar audio ambiente"
"Clear Sounds","Borrar audios"
"Journal Notes","Notas del diario"
"Select Notes","Seleccionar nota"
"Toggle Notes Display","Alternar visibilidad de notas"
"Clear Notes","Borrar notas"
"Clear All Objects","Borrar todos los objetos"
"Permanently delete all {type} objects from this Scene?","¿Eliminar de forma definitiva todos los objetos {type} de esta escena?"
"General Game Controls","Controles de juego"
"These controls generally apply across all aspects of Foundry functionality.","Estos controles se aplican generalmente a todos los aspectos de la funcionalidad de Foundry"
"Canvas Layer Controls","Controles de lienzo"
"These controls apply when interacting with a specific Canvas layer.","Estos controles se aplican cuando se interactúa con una capa específica del lienzo"
"Placeable Object Controls","Controles de objetos posicionables"
"These controls apply when interacting with an Object placed on the Canvas.","Estos controles se aplican cuando se interactúa con un objeto colocado en el lienzo"
"Specialized Controls","Controles especiales"
"These controls apply only during specific interactions.","Estos controles se aplican sólo durante interacciones específicas"
"Mouse Controls","Controles del ratón"
"Keyboard Controls","Controles del teclado"
"Toggle Main Menu","Abrir/cerrar menú principal"
"Close Open Windows","Cerrar ventanas abiertas"
"Toggle Game Pause","Alternar pausa (GM)"
"Cancel Pending Move","Cancelar movimiento pendiente"
"Move Object","Mover objeto"
"Pan Canvas","Mover lienzo"
"Select Object","Seleccionar objeto"
"Add or Remove Selected Objects","Agregar o quitar objetos seleccionados"
"Use Active Tool","Usar herramienta activa"
"Cancel Left-Drag Operation","Cancelar arrastre con clic izq"
"Zoom Canvas","Acercar/alejar lienzo"
"Left Click","Clic izquierdo"
"Double Left Click","Doble-clic izquierdo"
"Left-Click Drag","Clic izquierdo y arrastrar"
"Double","Doble"
"Right-Click","Clic derecho"
"Drag","Arrastre"
"Drop","Soltar"
"during","Durante"
"Highlight Canvas Objects","Destacar objetos del lienzo"
"Pan Canvas","Mover lienzo"
"Zoom In","Ampliar vista"
"Zoom Out","Alejar vista"
"Cycle Tokens or Reset View","Alternar iconos o reiniciar vista"
"Keyboard Movement (Tokens or Tiles)","Movimiento del teclado (iconos o baldosas)"
"Diagonal Movement","Movimento diagonal"
"Face Direction","Dirección de visión"
"Delete Selected Objects","Eliminar objetos seleccionados"
"Copy Canvas Elements","Copiar objetos del lienzo"
"Paste Canvas Elements","Pegar objetos en el lienzo"
"Undo Canvas Operation","Deshacer operación en el lienzo"
"Activate Hotbar Slot","Activar ranura de la barra de acceso rápido"
"Ruler Measurement","Medición con regla"
"Measure Distance with Ruler","Medir distancia con regla"
"Place Measurement Waypoint","Colocar punto medio en la medición"
"Move Token on Measured Path","Mover icono por la ruta medida"
"while measuring from a Token","Mientras se mide desde un icono"
"Open Referenced Object Sheet","Abrir hoja del objeto"
"Display Object HUD (If Applicable)","Mostrar HUD del objeto (si corresponde)"
"Open Object Configuration Sheet","Abrir hoja de configuración del objeto"
"Move Controlled Objects","Mover objetos controlados"
"Cancel Drag Workflow","Cancelar arrastre"
"Rotate Object (Slow)","Rotar objeto (lento)"
"Rotate Object (Fast)","Rotar objeto (rápido)"
"Bypass Snap-to-Grid","Ignorar ajuste a rejilla"
"Mouse-Wheel","Rueda del ratón"
"Drag and Drop","Arrastrar y soltar"
"Token Controls","Controles de iconos"
"Place Hidden Token","Colocar icono oculto (GM)"
"Set (non-Owned) Token as Target","Establecer icono (no propio) como objetivo"
"when creating a Token.","Cuando se crea un icono"
"Walls Layer Controls","Controles de la capa de paredes"
"Chain Wall Creation","Concatenar posicionamiento de paredes"
"Select Chained Segments","Seleccionar paredes concatenadas"
"Drawing Tool Controls","Controles de la herramienta de dibujo"
"Confirm Drawing Text","Confirmar texto dibujado"
"Cancel Drawing Text","Cancelar texto dibujado"
"The dice roll formula {formula} did not produce a numeric outcome.","La expresión de construcción de la tirada de dados {fórmula} no produjo un resultado numérico"
"The attribute {match} was not present in the provided roll data.","No se ha encontrado el atributo {match} en los datos de la tirada proporcionados"
"Create New {type}","Crear nuevo {type}"
"Delete {type}","Borrar {type}"
"New {type}","Nuevo {type}"
"Update {type}","Actualizar {type}"
"Import Data","Importar datos"
"You did not upload a data file!","¡No ha subido ningún fichero de datos!"
"You may import data for this {document} from an exported JSON file.","Puede impotar los datos de {document} desde un fichero JSON exportado"
"This operation will update the data for {name} and cannot be un-done.","Esta operación actualizará los datos de {name} y no se podrá deshacer"
"Source Data","Fuente de datos"
"You do not have permission to view this {document} sheet.","No tiene permisos para ver esta hoja {document}"
"You do not have permission to use this {document}.","No tiene permisos para usar {document}."
"Active Effect","Efecto activo"
"Actor","Actor"
"Ambient Light","Luz ambiental"
"Ambient Sound","Audio ambiental"
"Chat Message","Mensaje en el chat"
"Combat Encounter","Encuentro de combate"
"Combatant","Contendiente"
"Drawing","Dibujo"
"Folder","Carpeta"
"Item","Objeto"
"Journal Entry","Entrada de diario"
"Macro","Macro"
"Measured Template","Plantilla de medida"
"Note","Nota"
"Playlist","Lista de reproducción"
"Playlist Sound","Audio de lista de reproducción"
"Scene","Escene"
"Setting","Ajuste"
"Rollable Table","Tabla aleatoria"
"Table Result","Resultado de tabla"
"Tile","Baldosa"
"Token","Icono"
"User","Usuario"
"Wall","Muro"
"Drawing Configuration","Configuración de dibujo"
"Default Drawing Configuration","Configuración de dibujo por defecto"
"Configure Default","Configurar valor por defecto"
"Create Drawing","Crear dibujo"
"Update Drawing","Actualizar dibujo"
"Reset Defaults","Restablecer valores por defecto"
"Position","Posición"
"Lines","Líneas"
"Fill","Relleno"
"Text","Texto"
"Adjust the position and visibility of the Drawing.","Ajuste la posición y visibilidad del dibujo"
"Adjust the outer line work for the Drawing.","Ajuste la línea exterior para el dibujo"
"Adjust the interior fill preferences for this Drawing.","Ajuste las preferencias de relleno para este dibujo"
"Adjust the text label applied to this Drawing (if any).","Ajuste la etiqueta de texto aplicada a este dibujo (si la hay)"
"Author","Autor"
"X-Position","Posición X"
"Y-Position","Posición Y"
"Width","Ancho"
"Height","Alto"
"Rotation","Rotación"
"Z-Index","Índice Z"
"Line Width","Ancho de la línea"
"Stroke Color","Color del trazo"
"Line Opacity","Opacidad de la línea"
"Smoothing Factor","Factor de suavizado"
"For freehand drawing, the smoothing factor controls the amount of spline smoothing.","Al dibujar a mano alzada, el factor de suavizado controla el nivel de suavizado de la interpolación spline"
"Fill Types","Tipos de relleno"
"None","Ninguno"
"Solid","Sólido"
"Pattern","Patrón"
"Fill Color","Color del relleno"
"Fill Opacity","Opacidad del relleno"
"Fill Texture","Textura del relleno"
"Text Label","Etiqueta de texto"
"Font Family","Familia de la fuente"
"Font Size","Tamaño de la fuente"
"Text Color","Color del texto"
"Text Opacity","Opacidad del texto"
"Custom","Personalizado"
"Multiply","Multiplicar"
"Add","Añadir"
"Downgrade","Decrementar"
"Upgrade","Incrementar"
"Override","Anular"
"Configure Active Effect","Configurar efecto activo"
"Details","Detalles"
"Duration","Duración"
"Effects","Efectos"
"Effect Label","Etiqueta del efecto"
"Effect Icon","Icono del efecto"
"Icon Tint Color","Tono del icono"
"Effect Suspended","Efecto suspendido"
"Effect Origin","Origen del efecto"
"Transfer Effect to Actor","Transferir efecto al personaje"
"Effect Duration (Seconds)","Duración del efecto (segundos)"
"Effect Start Time","Tiempo de inicio del efecto"
"Effect Duration (Turns)","Duración del efecto (turnos)"
"Combat Encounter","Encuentro de combate"
"Effect Start Turn","Turno de inicio del efecto"
"Attribute Key","Clave de atributo"
"Change Mode","Cambiar modo"
"Effect Value","Valor del efecto"
"Submit Changes","Enviar cambios"
"Asleep","Dormido"
"Dead","Muerto"
"Unconscious","Inconsciente"
"Stunned","Aturdido"
"Prone","Derribado"
"Restrained","Aferrado"
"Paralyzed","Paralizado"
"Flying","Volando"
"Blind","Cegado"
"Deaf","Ensordecido"
"Silenced","Silenciado"
"Afraid","Asustado"
"Burning","Ardiendo"
"Frozen","Congelado"
"Shocked","Conmocionado"
"Corroding","Corrosión"
"Bleeding","Sangrando"
"Diseased","Enfermo"
"Poisoned","Envenenado"
"Radioactive","Radioactivo"
"Regeneration","Regeneración"
"Degeneration","Degeneración"
"Empowered","Potenciado"
"Weakened","Debilitado"
"Targeted","Apuntado"
"Marked","Marcado"
"Cursed","Maldito"
"Blessed","Bendito"
"Fire Shield","Escudo de fuego"
"Ice Shield","Escudo de hielo"
"Magic Shield","Escudo mágico"
"Holy Shield","Escudo sagrado"
"Actor","Personaje"
"Chat Message","Mensaje de chat"
"Combat Encounter","Combate"
"Item","Objeto"
"Folder","Carpeta"
"Journal Entry","Entrada en el diario"
"Macro Command","Comando macro"
"Audio Playlist","Lista de reproducción de audio"
"Scene","Escena"
"Rollable Table","Tabla dinámica"
"User","Usuario"
"Create New {entity}","Crear nuevo {entidad}"
"New {entity}","Nuevo {entidad}"
"Create New","Nuevo"
"Foundry Virtual Tabletop uses modern JavaScript features which are unsupported on {browser} version less than {minimum}. You are using {browser} version {version}. Please update or use a different browser.","Foundry Virtual Tabletop usa una serie de características JavaScript que requieren una versión {minimum} o superior de {browser}. Usted está usando {browser} versión {version}. Por favor, actualice su navegador o use otro"
"Foundry Virtual Tabletop requires a minimum screen resolution of {reqWidth}px by {reqHeight}px or greater. Your display currently has an effective resolution of {width}px by {height}px, as a result many features of the software may not work properly.","Foundry Virtual Tabletop requiere una resolución de pantalla mínima de 1366x768px. Su pantalla es {width}x{height}px. Con su configuración de pantalla actual, muchas funciones del software podrían no funcionar correctamente"
"Your browser does not currently support WebGL rendering which is required by Foundry Virtual Tabletop. Ensure that you have hardware rendering and WebGL enabled in your browser.","Su navegador actualmente no admite la renderización por WebGL requerida por Foundry Virtual Tabletop. Asegúrese de tener habilitado el renderizado por hardware y WebGL en su navegador"
"You are using a Scene background texture with dimensions {width}px by {height}px. One or both of these dimensions exceeds the maximum texture size of {max}px supported by your device.","Está utilizando una textura de fondo de escena con dimensiones de {width}x{height}px. Una o ambas de estas dimensiones exceden el tamaño máximo para texturas de {max}px admitido por su dispositivo"
"The provided server administrator password is invalid. If you have forgotten your configured password you will need to manually delete the <strong>Config/admin.txt</strong> file from your user data location.","La contraseña de administrador del servidor que ha proporcionado no es válida. Si ha olvidado su contraseña, deberá eliminar manualmente el archivo <strong>Config/admin.txt</strong> del directorio de datos de usuario</p>"
"The attempted Token movement collides with at least one Wall.","El movimiento del icono efectuado choca con al menos una pared"
"The request to browse existing packages failed to connect with the Foundry server. Make sure your application allows outbound connections.","La solicitud para explorar los paquetes existentes no pudo conectar con el servidor de Foundry. Asegúrese de que la aplicación tenga permiso para realizar conexiones salientes"
"No target users exist for this whisper. Check your spelling or try ""/w [User Name]"" instead.","No existe el usuario al que quiere enviar el mensaje. Compruebe que está bien escrito o inténtelo con ""/w [User Name]"""
"You do not have permission to send whispered chat messages to other players.","No tiene permisos para enviar mensajes a otros jugadores"
"You are using the grid configuration tool for a scene with no background image. This is not currently recommended and may produce unpredictable results.","Está utilizando la herramienta de configuración de rejilla para una escena sin imagen de fondo. Esto no es recomendable y puede producir resultados impredecibles"
"The dimensions of your configured Foreground Layer image do not match the dimensions of the Background Layer image for this scene. The foreground has been resized which may have undesired results.","Las dimensiones de la capa en primer plano que ha configurado no concuerdan con la imagen de la capa de fondo de esta escena. La principal ha sido redimensionada, lo que puede producir resultados inesperados"
"Acknowledge Agreement","Agradecimientos"
"Agree","Aceptar"
"I agree to these terms","Estoy de acuerdo con los términos"
"Decline","Declinar"
"Create Directory","Crear directorio"
"Toggle Privacy Mode","Alternar modo privado"
"Display Mode","Forma de visualización"
"List View","Vista de lista"
"Tiles View","Vista de baldosa"
"Thumbnail View","Vista de miniatura"
"Images View","Vista de imagen"
"Filter Results","Filtrar resultados"
"S3 Bucket","Cubo S3"
"Selected","Seleccionado"
"Select File","Seleccionar archivo"
"Select Directory","Seleccionar directorio"
"Asset Grid Size","Tamaño de rejilla del objeto"
"Specify the pixel grid size of source tile artwork so it will be automatically resized when placed onto your active Scene.","Especifique el tamaño de rejilla en píxeles de la ilustración de la baldosa para que se redimensione automáticamente cuando se coloque en la escena activa"
"No matching results found in this location.","No se encontraron resultados en esta ubicación"
"Upload","Subir"
"Search","Buscar"
"The file you have attempted to upload is too large for your proxy server to handle.","El archivo que intenta subir es demasiado grande para que lo pueda manejar su servidor proxy"
"Something went wrong with your file upload request.","Error en la solicitud de subida del archivo"
"You have uploaded files into a module or system directory. This is generally <strong>unsafe</strong> because updates to the system or module will delete your files.","Ha subido archivos al directorio de un módulo o sistema. Esto generalmente es <strong>inseguro</strong> porque las actualizaciones del sistema o del módulo eliminarán dichos archivos"
"Directory Browser","Explorador de archivos"
"Image or Video Browser","Explorador de imágenes o videos"
"Image Browser","Explorador de imágenes"
"Video Browser","Explorador de videos"
"Audio Browser","Explorador de audios"
"User Data","Datos del usuario"
"Core Data","Datos básicos"
"Amazon S3","Amazon S3"
"Browse Files","Examinar archivos"
"Game Paused","Juego en pausa"
"You cannot take this action while the game is currently paused.","No se puede realizar esta acción mientras el juego está en pausa"
"Game invitation link copied to clipboard","Enlace de invitación al juego copiado al portapapeles"
"Share the below invitation links with users who you wish to have join your game. The local invitation link is for users on your local network while the internet link connects via internet on the configured port.","Comparte los enlaces de invitación con los usuarios que desees que participen en el juego. Utilice el enlace marcado como 'Red Local' para los usuarios dentro de su red, caso contrario utilice el enlace 'Internet' para los usuarios que accedan por internet al puerto configurado"
"Internet","Internet"
"Local Network","Red local"
"Game Invitation Links","Enlaces de invitación al juego"
"Create Item","Crear objeto"
"Delete Item","Eliminar objeto"
"Search Items","Buscar objeto"
"View Item Artwork","Ver imagen del objeto"
"Toggle Visibility State","Alternar visibilidad"
"Toggle Locked State","Alternar bloqueo"
"Bring to Front","Traer al frente"
"Send to Back","Enviar al fondo"
"Overhead Tile","Baldosa encima"
"Underfoot Tile","Baldosa debajo"
"Play Tile Video","Reproducir vídeo de baldosa"
"Pause Tile Video","Pausar vídeo de baldosa"
"Journal","Diario"
"Search Journal Entries","Buscar en el diario"
"Create Entry","Crear entrada"
"Text","Texto"
"Image","Imagen"
"Show Players","Mostrar a los jugadores"
"Showed the {mode} content of {title} to {which} players.","Se mostró el contenido {mode} de {title} a los jugadores {which}"
"Save Entry","Guardar entrada"
"Center","Centro"
"Bottom","Abajo"
"Top","Arriba"
"Left","Izquierda"
"Right","Derecha"
"Light Animation Type","Tipo de animación de luz"
"Animation Speed","Velocidad de animación"
"Animation Intensity","Intensidad de animación"
"Torch","Antorcha"
"Pulse","Impulsos"
"Chroma","Croma"
"Pulsing Wave","Onda de impulsos"
"Swirling Fog","Remolino de niebla"
"Sunburst","Explosión solar"
"Light Dome","Cúpula de luz"
"Mysterious Emanation","Emanación misteriosa"
"Energy Field","Campo de energía"
"Hexa Dome","Hexádomo"
"Ghostly Light","Luz fantasmal"
"Roiling Mass (Darkness)","Turba irritada (oscuridad)"
"Black Hole (Darkness)","Agujero negro (oscuridad)"
"Light Source Configuration","Configuración de fuentes de luz"
"Configure the position, radius, angle, color, and animation of this ambient light source.","Configure la posición, radio, ángulo, color y animación de esta fuente de luz ambiental"
"Create Light Source","Crear fuente de luz"
"Darkness Activation Range","Rango de activación de oscuridad"
"You may specify a range of darkness levels during which this light source will be visible.","Puede especificar un rango de niveles de oscuridad en el que la fuente de luz será visible"
"Dim Light Radius","Radio de luz tenue"
"Bright Light Radius","Radio de luz brillante"
"Emission Angle","Ángulo de emisión"
"Light Color","Color de la luz"
"Color Intensity","Intensidad del color"
"Light Rotation Angle","Ángulo de rotación luz"
"Light Type","Tipo de luz"
"Local Light","Luz local"
"Global Light","Luz global"
"Universal Light","Luz universal"
"Update Light Source","Actualizar fuente de luz"
"Create Macro","Crear macro"
"Delete Macro","Eliminar macro"
"This Macro will be permanently deleted for all Users.","Esta macro será borrada definitivamente para todos los usuarios"
"Edit Macro","Editar macro"
"Execute Macro","Ejecutar macro"
"Remove Macro","Eliminar macro"
"Save Macro","Guardar macro"
"Search Macros","Buscar macro"
"Reload Application","Recargar aplicación"
"Log Out","Cerrar sesión"
"User Management","Gestionar jugadores"
"Return to Setup","Volver a la configuración"
"Bug or Issue Reports","Informes de errores o problemas"
"Deactivate All Modules","Desactivar todos los módulos"
"Module Documentation","Documentación del módulo"
"Module Management","Gestión de módulos"
"Use this form to configure which Modules are active within your current World. Submitting changes to active modules will cause the current session to reload.","Use esta formulario para configurar qué módulos están activos en el mundo de juego actual. Realizar cambios a los módulos activos volverá a cargar la sesión actual"
"The Modules listed below are currently active within this World.","Los módulos listados a continuación se encuentran actualmente activos en este mundo"
"No Modules are available within this World. You can view, but do not have permission to modify this list.","No hay módulos disponibles en este mundo. Puede ver la lista, pero no tiene permiso para modificarla"
"Filter Modules","Filtrar módulos"
"Save Module Settings","Guardar la configuración de módulos"
"Dependencies","Dependencias"
"This module has {number} inactive dependencies which are required for it to function properly:","Este módulo tiene {number} dependencias que son necesarias para que funcione correctamente. ¿Le gustaría habilitarlos también?"
"Enable module and its dependencies?","¿Habilitar el módulo y sus dependencias?"
"This module had {number} dependencies which may no longer be required:","Este módulo tiene {number} dependencias que puede que ya no sean necesarias. ¿Le gustaría desactivarlos también?"
"Would you like to disable them also?","¿Quiere deshabilitarlos también?"
"The dependency {missing} is not installed!","¡La dependencia {missing} no está instalada!"
"You have enabled the module {module}, but it's dependencies {missing} are not enabled!","¡Ha habilitado el módulo {module}, pero sus {missing} dependencias no están habilitadas!"
"All Modules","Todos los módulos"
"Active Modules","Módulos activos"
"Inactive Modules","Módulos inactivos"
"Text Anchor Point","Punto de anclaje del texto"
"Map Note Configuration","Configuración de las notas de mapa"
"Create Map Note","Creae nota de mapa"
"Entry Icon","Icono de la entrada"
"Font Size","Tamaño de fuente"
"Font Family","Familia de la fuente"
"Icon Size","Tamaño del icono"
"Icon Tint","Tono del icono"
"Text Label","Etiqueta de texto"
"Text Color","Color del texto"
"Update Map Note","Actualizar notas del mapa"
"You do not have sufficient permission to create a Note for {name}.","You do not have sufficient permission to create a Note for {name}."
"Players","Jugadores"
"Select Character","Seleccionar personaje"
"Selected Character","Personaje seleccionado"
"Release Character","Liberar personaje"
"User Configuration","Configuración del jugador"
"Player Color","Color del jugador"
"Player Avatar","Avatar del jugador"
"Pull To Scene","Traer a la escena actual"
"Save Configuration","Guardar configuración"
"View Player Avatar","Ver avatar del jugador"
"Kick Player","Expulsar jugador"
"Ban Player","Bloquear jugador"
"Un-Ban Player","Desbloquear jugador"
"Create Playlist","Crear lista de reproducción"
"Delete Playlist","Eliminar lista de reproducción"
"Edit Playlist","Modificar lista de reproducción"
"Search Playlists","Buscar listas"
"Global Volume Controls","Control global de volumen"
"Currently Playing","Reproducción en curso"
"Soundboard Only","Sólo consola de audio"
"Sequential Playback","Reproducción secuencial"
"Shuffle Tracks","Reproducción aleatoria"
"Simultaneous Playback","Reproducción simultánea"
"Play Playlist","Reproducir lista de reproducción"
"Stop Playlist","Detener lista de reproducción"
"Next Sound","Audio siguiente"
"Previous Sound","Audio anterior"
"Playlists","Listas de reproducción"
"Ambient","Ambiente"
"Interface","Interfaz"
"Playlist Name","Nombre de la lista de reproducción"
"Playback Mode","Modo de reproducción"
"Fade Duration (ms)","Duración del desvanecimiento (ms)"
"Playlist Description","Descripción de la lista"
"Update Playlist","Actualizar lista de reproducción"
"Create Sound","Crear audio"
"Edit Sound","Modificar audio"
"Delete Sound","Eliminar audio"
"Loop Sound","Repetir en bucle"
"Track Name","Nombre de la pista"
"Audio Source","Fuente de audio"
"Sound Description","Descripción del audio"
"Repeat","Repetir"
"Large File Streaming","Transmisión de archivos pesados"
"Update Track","Actualizar pista"
"Play Sound","Reproducir audio"
"Pause Sound","Pausar audio"
"Preload Sound","Precargar audio"
"Resume Sound","Continuar audio"
"Sound Volume","Volumen del audio"
"Sound Stop","Detener audio"
"Bulk Import","Importación en bloque"
"No valid Playlist Sounds were imported from the requested ""{path}"" directory","No se ha importado ningún audio válido de la carpeta especificada ""{path}"""
"Accessibility","Accesibilidad"
"GM Only","Sólo GM"
"All Players","Todos los jugadores"
"Activate","Activar"
"Audio Playlist","Lista de reproducción de audio"
"A Playlist which should automatically begin playing when this Scene is activated.","Una lista de reproducción que se reproducirá automáticamente al activar esta escena"
"Background Color","Color de fondo"
"Background Image","Imagen de fondo"
"Configure the background image and dimensions of the scene's primary map.","Configurar la imagen de fondo y las dimensiones del mapa principal de la escena"
"Foreground Image","Imagen primer plano"
"An optional foreground image which is drawn above other objects in the Scene.","Imagen opcional en primer plano que se posiciona sobre todos los objetos de la escena"
"Background Image Scale","Escala de la imagen de fondo"
"Use SHIFT+Mousewheel or SHIFT+Up Arrow and SHIFT+Down Arrow to adjust the background image size.","Utilíce MAYÚS+rueda del ratón o MAYÚS+fecha arriba y MAYÚS+fecha abajo para ajustar el tamaño de la imagen de fondo"
"Configure","Configurar"
"Configure Scene","Configurar escena"
"Darkness Level","Nivel de oscuridad"
"Apply an overlay which darkens the Scene and diminishes light sources to simulate nighttime or dim conditions.","Establezca la superposición de oscuridad que solape la escena para simular la noche o lugares de poca luz"
"Scene Dimensions","Dimensiones de la escena"
"Change Scene Dimensions?","¿Cambiar dimensiones de la escena?"
"You are changing the underlying dimensions of this Scene, if you have already placed objects in this Scene this operation may cause those objects to shift position relative to the background image.","Está cambiando las dimensiones de esta escena, si ya ha colocado objetos en esta escena, esta operación puede hacer que esos objetos cambien de posición con respecto a la imagen de fondo"
"Fog Exploration","Exploración de niebla de guerra"
"Track the exploration progress of Tokens in this Scene, revealing fog of war for areas which have been explored.","Recordar las zonas ya descubiertas por los personajes, disipando la niebla de guerra"
"Regenerate Thumbnail Image","Regenerar imagen de miniatura"
"Unrestricted Vision Range","Iluminación global"
"Reveal all areas that controlled Tokens have direct line of sight to observe. If disabled, vision is restricted to illuminated areas.","Iluminar todas las áreas de una escena a las que un icono tiene línea de visión"
"Vision Limitation Threshold","Umbral de iluminación global"
"Automatically disable the Unrestricted Vision Range setting when the Darkness Level of the Scene exceeds a threshold value.","Deshabilita automáticamente la iluminación global cuando el nivel de oscuridad excede un cierto valor"
"Grid Color","Color de la rejilla"
"Grid Configuration Tool","Herramienta de configuración de rejilla"
"Configure the grid and background image position using the mousewheel and arrow keys, or by manually setting the following fields.","Ajuste la rejilla y la posición de la imagen de fondo usando la rueda del ratón y las flechas, o manualmente, rellenando los campos siguientes"
"Grid Opacity","Opacidad de la rejilla"
"Grid Type","Tipo de rejilla"
"Gridless","Sin rejilla"
"Square","Cuadrado"
"Hexagonal Rows - Odd","Filas hexagonales (impar)"
"Hexagonal Rows - Even","Filas hexagonales (par)"
"Hexagonal Columns - Odd","Columnas hexagonales (impar)"
"Hexagonal Columns - Even","Columnas hexagonales (par)"
"Grid Size","Tamaño de la rejilla"
"Use ALT+Mousewheel or ALT+Up Arrow and ALT+Down Arrow to adjust the grid size.","Use ALT+rueda del ratón o MAYÚS+fecha arriba y MAYÚS+fecha abajo para ajustar el tamaño de la rejilla"
"Grid Offset Position","Posición de compensación"
"Use the Arrow Keys to shift the grid offset.","Utilice las flechas para cambiar el ajuste de la compensación de la rejilla"
"Grid Scale","Escala de la rejilla"
"Distance","Distancia"
"Units","Unidades de la rejilla"
"Ambience and Atmosphere","Ambiente y atmósfera"
"Configure additional integrations between this scene and Journal Entries, Audio Playlists, or Weather Effects.","Configura integraciones adicionales entre esta escena y las entradas del diario, las listas de reproducción de audio o los efectos climáticos"
"Details and Dimensions","Detalles y dimensiones"
"Configure the basic details for this scene and permissions which control its visibility.","Configura los detalles básicos de esta escena y los permisos que controlan su visibilidad"
"Grid Configuration","Configuración de la rejilla"
"Configure the grid dimensions which are used to measure token movement in this scene.","Configura las dimensiones de la rejilla que se utiliza para medir el movimiento de los iconos en esta escena"
"Vision and Lighting","Visión e iluminación"
"Configure the vision, lighting, and fog of war settings which apply to this Scene.","Configura la visión, la iluminación y la niebla de la guerra que se aplican a esta escena"
"Initial View Position","Posición de la vista inicial"
"Capture Current View","Capturar vista actual"
"Set a default camera position that is displayed the first time this Scene is viewed.","Establezca la posición de la cámara por defecto al mostrar la escena por primera vez"
"Loading {name}","Cargando {name}"
"Navigation Name","Nombre en la barra de navegación"
"An alternative name for the Scene that is displayed in the Navigation Bar instead of the actual Scene name.","Nombre que se muestra a los jugadores en la barra de navegación"
"Scene Notes","Notas de la escena"
"Padding Percentage","Porcentaje de relleno"
"pixels","Píxeles"
"Preload Scene","Precargar escena"
"Scene Name","Nombre de la escena"
"View Scene","Ver escena"
"Journal Notes","Notas en el diario"
"A linked Journal Entry which provides notes for the Game Master about this Scene.","Una entrada en el diario vinculada a la escena que proporciona información adicional al Gamemaster"
"Playlist Sound","Audio de lista de reproducción"
"You may choose a specific Playlist Sound which should play when this Scene is active, otherwise the entire Playlist will play.","Puede elegir un audio en particular de la lista de reproducción que desee que se reproduzca al activar la escena, en caso contrario se reproducirá toda la lista de reproducción"
"Navigation","Mostrar en la barra de navegación"
"Offset Background","Compensación del fondo"
"Horizontal","Horizontal"
"Vertical","Vertical"
"Token Vision","Visión de icono"
"Restrict visibility within this Scene to the shared vision of all controlled Tokens. If disabled, the entire Scene is visible.","Restringe la visibilidad dentro de la escena basado en los iconos controlados y su visión"
"Toggle Navigation","Alternar navegación"
"units","Unidades"
"Weather Effect","Efecto del clima"
"Configure an active Weather Effect which is present within this Scene.","Seleccione un efecto atmosférico para aplicar a la escena"
"Configure Settings","Configurar ajustes"
"Controls Reference","Controles del juego"
"Demo Mode","Modo demo"
"View Documentation","Ver documentación"
"Invitation Links","Enlaces de invitación"
"Manage Modules","Administrar módulos"
"View Active Modules","Ver módulos activos"
"Configure Game Settings","Opciones del juego"
"Update Software","Actualización del programa"
"Log Out","Desconectar"
"User Management","Gestionar jugadores"
"Reset Defaults","Restaurar configuración por defecto"
"Save Changes","Guardar cambios"
"Return to Setup","Volver a la configuración"
"General Information","Información general"
"Game Settings","Opciones del juego"
"Help and Documentation","Documentación de ayuda"
"Game Access","Acceso al juego"
"Community Wiki Pages","Wiki de la comunidad"
"Token Vision Animation","Animación de visión de icono"
"Animate Token vision and light changes during Token movement animations. Disabling this will improve performance for lower-end machines.","Animar visión de iconos y cambios de luz durante las animaciones de movimiento de los iconos. Al desactivarlo se mejorará el rendimiento en ordenadores con bajas especificaciones"
"Light Source Animation","Animación de la fuente de luz"
"Allow light source animations. Disabling this will improve performance for lower-end machines.","Permitir animaciones de fuentes de luz. Al desactivarlo se mejorará el rendimiento en ordenadores con bajas especificaciones"
"Disable Pixel Resolution Scaling","Deshabilitar escalado de resolución de píxeles"
"Disable automatic scaling of the canvas resolution to the pixel density of the display device. This will result in a reduction in visual quality but an improvement in application performance for high-density displays.","Deshabilita el escalado automático de la resolución del lienzo a la densidad de píxeles del monitor. Esto hará que se reduzca la calidad visualmente, pero aumentará el rendimiento en monitores de alta densidad de píxeles"
"Language Preference","Preferencia de idioma"
"Change the displayed language for Foundry Virtual Tabletop.","Cambia el idioma en el que se muestra Foundry Virtual Tabletop"
"Left-Click to Release Objects","Clic izquierdo para liberar objetos"
"When enabled, a left click on empty canvas space will release any currently controlled objects. If disabled, objects are released by selecting an empty space, shift-clicking the object, or pressing the escape key.","Activado: haga clic izquierdo en un espacio vacío del lienzo para liberar cualquier objeto controlado actualmente. Desactivado: Los objetos se liberan seleccionando un espacio vacío, haciendo un mayús-clic en el objeto o pulsando la tecla de escape"
"Disable Game Canvas","Deshabilitar lienzo de juego"
"The game canvas which provides a visual representation of the virtual tabletop can be disabled. This allows for low-end machines to use a subset of software features.","El lienzo de juego, que soporta la representación visual del tablero virtual, puede deshabilitarse. Esto permite que máquinas con bajos recursos usen únicamente un grupo reducido de características de software"
"Enable Chat Bubbles","Habilitar burbujas de chat"
"Configure whether or not chat bubbles will be displayed above Tokens for in-character and emote type chat messages.","Establece si se muestran burbujas de chat encima de los iconos para mensajes como personaje y reacciones"
"Pan to Token Speaker","Centrar vista en el icono que ha hablado"
"Configure whether to automatically pan the camera to a speaking token when it displays a chat bubble.","Establece si se debe centrar automáticamente la cámara en un icono que hable cuando se muestre una burbuja de chat"
"Maximum Framerate","FPS máximos"
"Limit the maximum framerate at which Foundry Virtual Tabletop will render canvas updates. Lowering this value may improve application performance for less powerful hardware.","Limite la velocidad de fotogramas por segundo a la que Foundry Virtual Tabletop procesará las actualizaciones del lienzo. Reducir este valor puede mejorar el rendimiento de la aplicación en hardware menos potente"
"Zoomed Texture Antialiasing","Antialiasing de textura ampliada"
"Compute mipmaps to antialias sprite textures at lower levels of zoom. This is a client setting as different users may prefer different visual styles.","Calcula mipmaps para las texturas sprite antialias en los niveles más bajos de zoom. Se trata de un ajuste a nivel cliente, ya que diferentes usuarios pueden tener distintos estilos visuales"
"Enable Soft Shadows","Habilitar sombras suaves"
"Enable soft shadows for more beautiful dynamic lighting, or disable it for improved performance on machines with lower-end hardware.","Habilita sombras suaves para una iluminación dinámica más bonita, desactivar esta opción mejorará el rendimiento en computadoras con hardware de bajo rendimiento"
"Core Settings","Ajustes básicos"
"Module Settings","Ajustes de módulos"
"System Settings","Ajustes del sistema"
"Token Drag Vision","Visión al arrastrar icono"
"When enabled, vision and lighting for a Token is previewed in real time during a left-click drag workflow. This is disabled by default because it may promote undesirable meta-gaming behaviors.","Cuando se activa, la visión e iluminación de un icono se previsualiza en tiempo real cuando se arrastre con el botón izquierdo. Deshabilitado por defecto porque puede promover comportamientos de meta-juego no deseados"
"Default Token Configuration","Configuración de icono por defecto"
"Configure Default Token Settings","Configura los ajustes por defecto de los iconos"
"Configure default Token values for newly created Actors.","Configura los valores por defecto de los iconos de actores nuevos"
"Reset User role permission configuration to default values.","Reiniciar configuración de permisos de usuario a los valores por defecto"
"Updated User role permission configuration.","Actualizada configuración de permisos de usuario"
"Core Software Version","Versión del programa principal"
"If an update to the core Foundry Virtual Tabletop software is available, you may apply it here. You are currently using version {coreVersion}.","Si hay disponible una actualización del programa principal de Foundry Virtual Tabletop, puede aplicarla aquí. Actualmente está utilizando la versión {coreVersion}"
"Default Language","Idioma por defecto"
"You may choose a default language for the application by choosing a module which provides the core translation files for that language.","Puede elegir un idioma predeterminado para la aplicación eligiendo un módulo que proporcione los archivos de traducción básicos para ese idioma"
"Software Configuration","Configuración del programa"
"You must install a game System before you can create a new World","Antes de crear un mundo nuevo debe instalar algún sistema"
"Software Update","Actualización del programa"
"A {type} update to {channel} version {version} is now available!","¡Está disponible una actualización de software para {channel} versión {version}!"
"Configuration","Configuración"
"These fields customize the behavior of the Foundry Virtual Tabletop application. Changes will require the server to restart.","Las siguientes opciones personalizan el comportamiento del servidor Foundry Virtual Tabletop. Tenga cuidado al hacer cambios. Deberá reiniciar el programa para que estos cambios surtan efecto"
"Optimize Static Files","Optimizar archivos estáticos"
"Reduce network traffic by serving minified static JavaScript and CSS files. Enabling this setting is recommended for most users, but module developers may wish to disable it.","Reduzca el tráfico de red usando archivos JavaScript y CSS estáticos simplificados. Se recomienda habilitar esta configuración para la mayoría de los usuarios, pero es posible que algunos desarrolladores de módulos deseen deshabilitarla"
"Add-on Modules","Módulos"
"Game Systems","Sistemas"
"Configuration and Setup","Configuración general"
"Update Software","Actualizar"
"Update System","Actualizar sistema"
"An update to the Core Software is available, Return to Setup in order to apply it!","Hay disponible una nueva actualización del núcleo del sistema. Vuelva a la pantalla de configuración para instalarla"
"An update to the System is available, Return to Setup in order to apply it!","Hay disponible una actualización del sistema. Vuelva a la pantalla de configuración para instalarla"
"Update All","Actualizar todo"
"Software Update Channel","Canal de actualización de software"
"You may choose an update channel to control the types of updates you wish to receive for the core Foundry Virtual Tabletop software. If you do not have a specific reason to change this, it is recommended to consume the Release channel.","Puede elegir un canal de actualización para controlar el tipo de actualizaciones que desea recibir para el programa principal de Foundry Virtual Tabletop. Si no tiene una razón específica para cambiarlo, se recomienda mantenerse en el canal público"
"Update","Actualizar"
"Check For Update","Buscar actualizaciones"
"Alpha (Unstable)","Alfa (inestable)"
"Beta (Release Candidate)","Beta (candidata a lanzamiento)"
"Release (Stable)","Pública (estable)"
"Checking the Force Update box will force your version to the requested channel. Do not use this option unless you know exactly what you are doing.","Marque la casilla forzar (actualización) para forzar la instalación de la última versión del canal solicitado. No use esta opción a menos que sepa exactamente lo que está haciendo"
"Uninstall","Desinstalar"
"Create World","Crear mundo"
"Delete World","Borrar mundo"
"Edit World","Editar mundo"
"Launch World","Lanzar mundo"
"Game Worlds","Mundos"
"Requires Update","Requiere actualización"
"Requires System Update","Requiere actualización del sistema"
"Requires Dependency","Requiere dependencia"
"Requires Core Update","Requiere actualización principal"
"Locking a Package prevents it from being uninstalled or updated","Bloquear un paquete impide que sea desinstalado o actualizado"
"Updated version available at new installation URL","URL de instalación actualizada"
"A newer version of ""{package}"" is available at a different installation URL. This happens when the package hosting location or the author has changed.","La URL de instalación de ""{package}"" ha sido actualizada. Esto ocurre cuando cambia el autor o la ubicación del módulo"
"Prior Manifest URL (Version {version})","URL manifiesto anterior"
"Updated Manifest URL (Version {version})","URL manifiesto actualizada"
"Would you like to switch to the new manifest URL? (this is recommended)","¿Quiere cambiar al nuevo URL manifiesto? (recomendado)"
"Save Application Configuration","Guardar configuración de la aplicación"
"Modifying these configuration options will cause the server to be shut down and require that you restart the server manually. Do you wish to continue?","Si modifica estas opciones el servidor se apagará y deberá iniciarlo manualmente. ¿Desea continuar?"
"The Foundry Virtual Tabletop server has been terminated to apply changes. You must restart manually.","Se ha finalizado el servidor Foundry Virtual Tabletop para aplciar los cambios. Debe reiniciarlo manualmente"
"Current Version","Versión actual"
"Force Update?","¿Forzar?"
"Compatibility Unknown","Compatibilidad desconocida"
"Compatibility Risk","Riesgo de compatibilidad"
"Compatibility Risk ({version})","Riesgo de compatibilidad ({version})"
"Manifest URL","URL manifiesto"
"You can install any package by providing a direct link to its JSON manifest URL.","Permite instalar un paquete proporcionando un enlace a su 'manifest.json'"
"Install Module","Instalar módulo"
"Install System","Instalar sistema"
"{type} {name} was installed successfully","Instalado correctamente"
"Installation failed: {message}","La instalación falló. Para más información, revise los mensajes de error en la consola"
"Install World","Instalar mundo"
"uninstalled successfully","Desinstalado correctamente"
"Uninstallation failed","La desinstalación falló. Para más información, revise los mensajes de error en la consola"
"updated successfully","Actualizado correctamente"
"Update failed","La actualización falló. Para más información, revise los mensajes de error en la consola"
"Loading Available Packages","Cargando módulos disponibles"
"Filter Packages","Filtrar paquetes"
"You can filter available packages by name.","Puede filtrar los paquetes disponibles, buscando por su nombre o título"
"Package Categories","Categorías de módulos"
"Installed","Instalado"
"Not Owned","Sin propietario"
"Package Name","Nombre del módulo"
"All Packages","Todos los módulos"
"Installed Only","Solo instalados"
"Uninstalled Only","Solo no instalados"
"{title} has {number} dependencies which are not yet installed.","{title} tiene {number} dependencias que aún no se han instalado"
"Install Package Dependencies","Instalar dependencias de módulos"
"You may not be able to use this package if these dependencies are not present. Do you wish to install them automatically?","Es posible que no pueda utilizar este módulo si las dependencias no están instaladas. ¿Quieres instalarlas automáticamente?"
"You have chosen not to install the required dependency packages for {title}. You will need to install them manually.","Ha elegido no instalar las dependencias necesarias para {title}. Deberá instalarlos manualmente"
"Successfully installed {title} and {number} dependencies.","Las dependencias de {title} y {number} se instalaron correctamente"
"An update is available for {name} but cannot be installed because it requires core software version {vreq} and you are currently using version {vcur}.","Existe una actualización disponible para {name} pero no puede ser instalada porque requiere una versión del programa principal {vreq} y usted actualmente está usando la versión {vcur}"
"Delete {type}: {title}","Borrar {type}: {title}"
"Are you sure you want to delete the {type} <strong>{title}</strong>?","¿Está seguro de que quiere borrar <strong>{title}</strong> {type}?"
"<strong>Warning:</strong> This will permanently delete your world content and <strong>can not</strong> be un-done. Are you sure you wish to do this?</strong>.","<strong>Aviso:</strong> Borrará definitivamente los contenidos del mundo y <strong>no podrá</strong> recuperarlos. <strong>¿Está seguro que desea continuar?</strong>."
"Type the exact title of your world <strong>{title}</strong> in the box below to proceed.","Escriba el nombre exacto del mundo <strong>{title}</strong> en el campo que aparece más abajo para continuar"
"<strong>Warning:</strong> This operation cannot be un-done.","<strong>Aviso:</strong> Esta operación no se puede deshacer"
"You must enter the exact World name to confirm the deletion request.","Debe introducir el nombre exacto del mundo para confirmar que desea borrarlo"
"Update","Actualizar"
"Blocked","Bloqueado"
"Update","Actualizar"
"Current","Actual"
"Updating","Actualizando"
"Updated","Actualizado"
"Downloading Update","Descargando actualización"
"Download Complete","Descarga completada"
"Extracting Update","Extrayendo actualización"
"Extraction Complete","Extracción completada"
"Cleaning Directory","Limpiando directorio"
"Cleaning Complete","Limpieza completa"
"Installing Update","Instalando actualización"
"Installation Complete","Instalación completada"
"In order to update Foundry Virtual Tabletop you will need to be connected to the internet and have a valid software license.","Para actualizar Foundry Virtual Tabletop debe estar conectado a internet y poseer una licencia válida del programa"
"This update is a new major version of the Foundry Virtual Tabletop software. Installing this update will require some installed modules which may not yet be compatible to be disabled.","Esta actualización supone la instalación de una nueva versión de Foundry Virtual Tabletop. Para instalar esta actualización será necesario desactivar algunos módulos que todavía no serán compatibles"
"Download Update {version}","Descargar actualización {version}"
"An update to Foundry Virtual Tabletop version {version} is available!","¡Está disponible una actualización de Foundry Virtual Tabletop, versión {version}!"
"You are not allowed to update this instance of Foundry Virtual Tabletop because it was launched in --noupdate mode.","No puede actualizar esta instancia de Foundry Virtual Tabletop debido a que fue iniciada en modo --noupdate"
"No software update is currently available on the requested update channel.","No hay disponible ninguna actualización en el canal seleccionado"
"Package Update Log","Registro de actualizaciones de paquetes"
"Package","Paquete"
"Version Change","Cambio de versión"
"World Data Migration Required","Se requiere la migración de los datos del mundo"
"<p>Launching the world <strong>{world}</strong> will migrate its data model from an older core software version {oldVersion} to the currently installed version {newVersion}.</p><p>As part of this process, <strong>{nIncompatible} out of {nModules} installed modules</strong> which may not yet be compatible with the new version will be automatically disabled. You may re-enable them manually if you wish.</p><p>Please check for any available updates to your game systems and modules, and please be sure to periodically back up your critical world data. Would you like to proceed?</p>","<p>Lanzar el mundo <strong>{world}</strong> migrará su modelo de datos de una versión de FoundryVTT antigua {oldVersion} a la versión instalada {newVersion}.</p><p>Como parte de este proceso, <strong>{nIncompatible} de {nModules} módulos instalados</strong> podrían no ser compatibles con la nueva versión y se deshabilitarán automáticamente. Puede volver a activarlos manualmente si así lo desea.</p><p>Por favor, compruebe si hay actualizaciones disponibles para sus sistemas de juego y sus módulos y asegúrese de hacer copias de seguridad periódicas de los datos sensibles de su mundo. ¿Desea continuar?</p>"
"Foundry Virtual Tabletop &bull; Administrator Access","Foundry Virtual Tabletop &bull; Acceso de administrador"
"Administrator Password","Contraseña de administrador"
"You must provide the administrator password in order to access application setup.","Debe introducir su clave de administrador para acceder a la configuración de la aplicación"
"You may assign a special administrator password which is required in order to access this setup screen.","Permite asignar una contraseña necesaria para acceder a esta pantalla de configuración"
"Admin Log Out","Cerrar sesión de administrador"
"AWS Configuration Path","Ruta de configuración de AWS"
"You may provide an AWS configuration file for S3 integration. The path is absolute or relative to the Config subdirectory of user data.","Permite proporcionar un archivo de configuración de AWS para la integración de S3. La ruta es absoluta o relativa al subdirectorio 'Config' de datos de usuario"
"Port","Puerto"
"You may choose which port Foundry Virtual Tabletop uses for TCP connection traffic and enable or disable Universal Plug and Play (UPnP).","Permite elegir qué puerto utilizará Foundry Virtual Tabletop para el tráfico de conexión TCP y habilitar o deshabilitar Universal Plug and Play (UPnP)"
"Enable UPnP?","¿Activar UPnP?"
"User Data Path","Ruta de datos de usuario"
"Configure the location where your user data including worlds, systems and modules are stored.","Establece la ubicación donde se almacenan sus datos de usuario, incluidos mundos, sistemas y módulos"
"Default World","Mundo por defecto"
"You may choose one of your available worlds to automatically launch when the software is started.","Permite elegir uno de sus mundos para lanzarlo automáticamente cuando se inicie el programa"
"SSL Certificate","Certificado SSL"
"SSL Private Key","Clave privada SSL"
"You may run the server using secure socket layer (SSL) encryption by providing paths to certificate and key files. Paths are absolute or relative to the Config subdirectory in user data.","Permite ejecutar el servidor mediante SSL proporcionando las rutas a certificados y claves. Estas son absolutas o relativas al subdirectorio 'Config' de datos de usuario"
"JavaScript","JavaScript"
"CSS","CSS"
"Compendium","Compendio"
"Localization","Localización"
"Version","Versión"
"Core Version","Versión del núcleo"
"Timed Out","Tiempo de espera agotado"
"Current Players","Jugadores actuales"
"Join Game Session","Unirse a sesión de juego"
"Game Details","Detalles de la partida"
"Return to Setup","Volver a la configuración"
"World Description","Descripción del mundo"
"Next Session","Próxima sesión"
"Select User","Seleccionar usuario"
"User Password","Contraseña del usuario"
"You are authenticated as a server administrator user.","Se ha autenticado como administrador del servidor"
"The requested User, ""{user}"", does not exist!","¡El usuario ""{user}"" no existe!"
"Invalid password provided for {user}!","¡Contraseña incorrecta para el usuario {user}!"
"{user} does not have permission to access this World!","¡{user} carece de permiso para acceder a este mundo!"
"Login as {user} successful, joining game!","¡Autenticación de {user} correcta, ¡uniéndose al juego!"
"This Sheet","Esta hoja"
"Default Sheet","Hoja por defecto"
"Override which sheet type you would like to use for this specific entity.","Cambie la hoja que desea usar para esta entidad en concreto"
"Set the default sheet type used for this entity type (GM Only).","Determine la hoja por defecto que se usará para este tipo de entidad (Sólo GM)"
"You do not have sufficient permissions to view this entity sheet.","No tiene permisos suficientes para ver esta hoja de entidad"
"Save Sheet Configuration","Guardar configuración de la hoja"
"View Character Artwork","Ver imagen del personaje"
"Collapse or Expand","Contraer o expandir"
"Delete","Eliminar"
"This {type} will be permanently deleted and cannot be recovered.","{type} será borrado definitivamente y no podrá ser recuperado"
"Duplicate","Duplicar"
"Export Data","Exportar datos"
"Ambient Sound Configuration","Configuración de audio ambiental"
"Configure the ambient sound to play an audio file when tokens move within it's radius.","Configure el audio ambiental, especificando qué archivo de audio debe reproducirse cuando los iconos entren dentro de su radio de alcance"
"Create Ambient Sound","Crear audio ambiental"
"Update Ambient Sound","Actualizar audio ambiental"
"Source File Path","Ruta del archivo"
"path/to/audio.mp3","ruta/al/audio.mp3"
"Effect Radius","Radio de efecto"
"Sound Type","Tipo de audio"
"Local Sound","Audio local"
"Global Sound","Audio global"
"Volume Easing","Mitigación de volumen"
"Adjust the volume level of the sound as Tokens move closer to the origin.","Ajuste el nivel de volumen del audio a medida que los iconos se acercan al origen"
"Maximum Volume","Volumen máximo"
"Define the maximum volume of the sound at it's origin point (if easing) or everywhere in the area.","Defina el volumen máximo del audio en su punto de origen (si se usa la opción de mitigación) o en cualquier lugar del área"
"New Sound","Nuevo audio"
"Darkness Activation Range","Rango de activación de oscuridad"
"You may specify a range of darkness levels during which this ambient sound will be audible.","Debe especificar un el rango de niveles de oscuridad en el que se podrá escuchar el audio ambiente"
"Clear Folder","Eliminar carpeta"
"Folder Color","Color de la carpeta"
"Create Folder","Crear carpeta"
"Collapse All Folders","Contraer todas las carpetas"
"Delete All","Borrar todo"
"This folder and its contents will be permanently deleted and cannot be recovered.","Esta carpeta y su contenido será eliminada definitivamente y no se podrá recuperar"
"Edit Folder","Editar carpeta"
"Export to Compendium","Exportar al compendio"
"Folder Name","Nombre de la carpeta"
"Remove Folder","Eliminar carpeta"
"This folder will be permanently deleted and its contents will be moved to its parent folder.","Esta carpeta será eliminada y su contenido se moverá a la carpeta inmediatamente superior"
"Alphabetical","Alfabético"
"Manual","Manual"
"Sorting Mode","Modo de ordenación"
"Update Folder","Actualizar carpeta"
"Export Content","Exportar contenido"
"You may export contained entities from this folder into an unlocked Compendium pack of the appropriate type.","Puede exportar las entidades contenidas en esta carpeta a un paquete de compendio no bloqueado del tipo apropiado"
"Destination Pack","Paquete de destino"
"Merge By Name?","¿Unir por nombre?"
"There are no unlocked compendium packs available for {type} entities which you can export to.","No hay ningún paquete de compendio no bloqueados disponible al que exportar las entidades {type}"
"Create Rollable Table","Crear tabla dinámica"
"Create a new Rollable Table entity using the contents of this Folder as table results?","¿Crear una nueva tabla dinámica usando el contenido de esta carpeta como resultados de la misma?"
"None","Ninguno"
"Limited","Limitado"
"Observer","Espectador"
"Owner","Propietario"
"Default","Por defecto"
"No Change","Sin cambios"
"All Players","Todos los jugadores"
"Configure Permissions","Configurar permisos"
"Open Permission Configuration","Abrir configuración de permisos"
"Fine tune the permitted actions which are allowed to Users for each role.","Determine las acciones permitidas a los usuarios en base a cada rol"
"Permission Configuration","Configuración de permisos"
"Configure which User role has permission to perform which action. Note that some actions cannot be disabled for Game Master users. Some changes may not take effect until the game is reloaded.","Configure qué rol de usuario tiene permiso para realizar cada acción. Tenga en cuenta que algunas acciones no se pueden deshabilitar para los usuarios ""Game Master"". Algunos cambios podrían no tener efecto hasta que el programa se vuelva a cargar"
"Configure access for all Entities within this Folder. Changes will be applied to all contained Entities, excluding the contents of sub-folders.","Configurar el acceso para todas las entidades dentro de esta carpeta. Los cambios se aplicarán a todas las entidades contenidas, excluyendo el contenido de las subcarpetas"
"Configure access to this specific Entity, allowing each User to be assigned a different level of visibility.","Configurar el acceso a esta entidad específica, permitiendo que a cada usuario se le asigne un nivel de acceso diferente"
"Permission","Permiso"
"User Role Permissions","Permisos de rol de usuario"
"Reset Defaults","Restaurar configuración por defecto"
"Save Configuration","Guardar configuración"
"Allow Broadcasting Audio","Permitir transmisión de audio"
"Allow players with this role to broadcast audio when using A/V chat integration.","Permitir a los jugadores con este rol transmitir audio al usar la integración de chat A/V"
"Allow Broadcasting Video","Permitir transmisión de vídeo"
"Allow players with this role to broadcast video when using A/V chat integration.","Permitir a los jugadores con este rol transmitir vídeo al usar la integración de chat A/V"
"Create New Actors","Crear nuevos personajes"
"Allow players with this role to create new Actors in the World.","Permitir a los jugadores con este rol crear nuevos personajes en el mundo"
"Use Drawing Tools","Usar herramientas de dibujo"
"Allow players with this role to create Drawings using the drawing tools.","Permitir a los jugadores con este rol crear dibujos usando las herramientas de dibujo"
"Create New Items","Crear nuevos objetos"
"Allow players with this role to create new Items in the World.","Permitir a los jugadores con este rol crear nuevos objetos en el mundo"
"Use File Browser","Navegar por el explorador de archivos"
"Allow players with this role to browse through available files in the File Browser.","Permitir a los jugadores con este rol navegar por los archivos disponibles en el selector de archivos"
"Upload New Files","Subir nuevos archivos"
"Allow players with this role to upload content to the server using the File Browser.","Permitir a los jugadores con este rol cargar contenido al servidor utilizando el selector de archivos"
"Create Journal Entries","Crear entrada en el diario"
"Allow players with this role to create new Journal Entries in the Journal sidebar.","Permite que los jugadores con este rol creen nuevas entradas en la barra lateral del diario"
"Use Script Macros","Usar macros script"
"Allow players with this role to use JavaScript macros which access the API.","Permitir a los jugadores con este rol usar macros de JavaScript que acceden a la API"
"Whisper Private Messages","Susurrar mensajes privados"
"Allow players with this role whisper private messages that the Game Master cannot see.","Permitir a los jugadores con este rol susurrar mensajes privados que el Gamemaster no puede ver"
"Create Map Notes","Crear notas de mapa"
"Allow users with this role to create Note objects from Journal Entries which they own.","Permite a los usuarios con este rol crear objetos tipo notas de mapa desde entradas en el diario en las que tienen permisos de propietario"
"Modify Configuration Settings","Modificar ajustes de configuración"
"Allow players with this role to modify game settings and enable or disable modules.","Permitir a los jugadores con este rol modificar la configuración del juego y habilitar o deshabilitar módulos"
"Display Mouse Cursor","Mostrar cursor del ratón"
"Display the position of the player's mouse cursor which illustrates where the user is looking on the canvas.","Mostrar la posición del cursor del ratón del jugador, lo que muestra en qué parte del lienzodón está el ratón del usuario"
"Display Ruler Measurement","Mostrar la regla para medir distancias"
"Display measurement using the ruler tool to other connected players.","Muestre las medidas usando la herramienta de regla para otros jugadores conectados"
"Create Measured Template","Crear plantilla de medición"
"Allow players with this role to create templates for area-of-effect measurement.","Permitir a los jugadores con este rol crear plantillas para la medición de áreas de efecto"
"Create New Tokens","Crear nuevos iconos"
"Allow players with this role to place Tokens for Actors they own on the game canvas.","Permitir a los jugadores con este rol colocar iconos en el lienzo de los personajes que poseen"
"Configure Token Settings","Configurar ajustes de icono"
"Allow players with this role to configure the settings for Tokens that they own.","Permitir a los jugadores con este rol configurar los ajustes de los iconos que poseen"
"Open and Close Doors","Abrir y cerrar puertas"
"Allow players with this role interact with doors defined on the Walls Layer.","Permitir que los jugadores con este rol interactúen con las puertas definidas en la capa de paredes"
"Import Data","Importar datos"
"Create Scene","Crear escena"
"Search Scenes","Buscar escenas"
"Chat Log","Chat"
"Combat Tracker","Combate"
"Scenes Directory","Escenas"
"Actors Directory","Personajes"
"Items Directory","Objetos"
"Journal Entries","Diario"
"Audio Playlists","Listas de reproducción"
"Compendium Packs","Compendios"
"Game Settings","Opciones"
"Rollable Tables","Tablas"
"View Token Artwork","Ver imagen del icono"
"Jump To Pin","Ir a la chincheta"
"Animate Roll Tables?","¿Animar tablas dinámicas?"
"Configure whether to display a roulette-style animation when drawing from a Roll Table.","Establezca si desea mostrar una animación al estilo ruleta en las tablas dinámicas"
"Create Table","Crear tabla"
"Table Description","Descripción de la tabla"
"Display Roll to Chat?","¿Mostrar tirada en el chat?"
"Roll Table Formula","Fórmula de la tirada de la tabla"
"Search Tables","Buscar tablas"
"Table Configuration","Configuración de la tabla"
"Normalize Result Weights","Normalizar ponderación de resultados"
"Draw with Replacement?","Mantener resultados anteriores en la tabla"
"Reset","Restablecer"
"Add New Result","Añadir resultado"
"Result Type","Tipo de resultado"
"Result Details","Detalles del resultado"
"Result Description","Descripción del resultado"
"Delete Result","Eliminar resultado"
"Weight","Peso"
"Range","Intervalo"
"Roll","Tirar"
"Toggle Drawn Status","Activar/desactivar resultado"
"Update","Actualizar"
"Cone Template Type","Forma del borde de la plantilla cono"
"Choose how the area of effect for cone templates should be defined.","Define la forma en la que termina la plantilla de cono"
"Flat","Plana"
"Round","Redonda"
"Tile Configuration","Configuración de baldosas"
"Basic","Básica"
"Configure this tile sprite which is displayed above the Scene background.","Configure este sprite de baldosa que se muestre sobre el fondo de la escena"
"Overhead","Encima"
"Additional attributes which apply if the Tile is overhead in the Foreground.","Atributos adicionales a aplicar si la baldosa está encima en primer plano"
"Animation","Animación"
"Additional attributes which apply if the Tile uses an animated video texture.","Atributos adicionales a aplicar si la baldosa usa como textura un vídeo animado"
"Tile Image or Video","Image o vídeo de la baldosa"
"Tile Opacity","Opacidad de la baldosa"
"Tint Color","Tono de color"
"Is Overhead?","¿Está encima?"
"Occlusion Mode","Modo oclusión"
"None (Always Visible)","Ninguno (siempre visible)"
"Fade (Entire Tile)","Desvanecer (baldosa completa)"
"Roof (Blocks Vision and Lighting)","Techo (afecta visibilidad y visión)"
"Radial (Surrounding Token)","Radial (aún no implementado)"
"Occlusion Alpha","Alfa de oclusión"
"Loop Video","Vídeo en bucle"
"Autoplay Video","Reproducir vídeo automáticamente"
"Video Volume","Volumen de vídeo"
"Assign Token","Asignar icono"
"You must select one existing Token to assign as the new prototype configuration.","Debe seleccionar un icono existente para asignarlo a la configuración de prototipo nuevo"
"Updated prototype Token configuration for {name}","Se actualizó la configuración del prototipo de icono para {name}"
"Attribute Bars","Barras de atributos"
"Single Values","Volores individuales"
"Represented Actor","Personaje representado"
"Token Disposition","Disposición del icono"
"Configure which Actor this Token is associated with.","Determine con qué actor está asociado este icono"
"Link Actor Data","Vincular datos del personaje"
"Token Name","Nombre del icono"
"Display Name","Mostrar nombre"
"Alternate Actor Tokens","Iconos alternativos"
"Configure the Token image and its displayed size and scale.","Determine la imagen, el tamaño y la escala del icono"
"Token Image Path","Ruta de la imagen del icono"
"Mirror Image Horizontally","Reflejar horizontalmente"
"Mirror Image Vertically","Reflejar verticalmente"
"Token Opacity","Opacidad de icono"
"Configure the Token's position, orientation, and elevation.","Determine la ubicación, orientación y elevación del icono"
"Lock Rotation","Bloquear rotación"
"Randomize Wildcard Images","Imagen aleatoria (utilizar * en la ruta)"
"Configure the resource bars which are tracked for the Token.","Determine las barras de recursos a mostrar del icono"
"Bar 1 Attribute","Barra 1, atributo"
"Bar 1 Data","Barra 1, datos"
"Bar 2 Attribute","Barra 2, atributo"
"Bar 2 Data","Barra 2, datos"
"Display Bars","Mostrar barras"
"Token Configuration","Configuración del icono"
"Prototype Token","Prototipo de icono"
"Tint Color","Tono"
"Update Token","Actualizar icono"
"Configure the vision capability and light emission of this Token.","Determina la capacidad de visión y la emisión de luz del icono"
"Has Vision","Habilitar visión"
"Bright Vision","Luz brillante"
"Dim Vision","Luz tenue"
"Sight Angle","Ángulo de visión"
"This Token references an Actor which no longer exists within the World.","Este icono referencia a un actor que ya no existe en el mundo actual"
"You do not own any Token with vision in this Scene","No posee ningún icono con visión en esta escena"
"Hostile","Hostil"
"Neutral","Neutral"
"Friendly","Amigo"
"Never Displayed","No mostrar nunca"
"When Controlled","Cuando se controla"
"Hovered by Owner","Al pasar el ratón (propietario)"
"Hovered by Anyone","Al pasar el ratón (cualquiera)"
"Always for Owner","Siempre (propietario)"
"Always for Everyone","Siempre (todos)"
"None","Ninguno"
"Player","Jugador"
"Trusted Player","Confianza"
"Assistant GM","Asistente"
"Game Master","Gamemaster"
"Password","Contraseña"
"User Role","Rol del usuario"
"User Name","Nombre del usuario"
"Show Password","Mostrar contraseña"
"Create Additional User","Crear usuario adicional"
"Delete User","Eliminar usuario"
"Save and Return","Lanzar sesión de juego"
"User Management","Gestión de usuarios"
"Game users updated successfully, returning to the game World.","Se actualizaron con éxito los usuarios del juego. Volviendo al mundo del juego"
"You must have at least one Game Master user within your World.","Debes tener al menos un usuario Gamemaster en tu mundo"
"This user will be permanently deleted from the game world.","Se borrará permanente este usuario en este mundo"
"You are about to delete a Game Master user!","¡Está a punto de borrar un usuario con rol de GM!"
"Wall Configuration","Configuración de pared"
"Wall Configuration [Multiple]","Configuración de pared [múltiples]"
"Customize how this wall segment restricts movement or senses.","Personalice la forma en que este segmento de pared limita el movimiento o la visibilidad"
"Wall Coordinates","Coordenadas de la pared"
"Movement Restrictions","Limit. de movimiento"
"Sight Restriction","Restricción de visión"
"Sound Restriction","Restricción de audio"
"Wall Direction","Dirección de la pared"
"Is Door?","¿Es una puerta?"
"Door State","Estado de la puerta"
"Update Wall","Actualizar puerta"
"World Details","Detalles del mundo"
"World Description","Descripción del mundo"
"Audio/Video Configuration","Configuración de audio/vídeo"
"Configure Audio/Video","Configurar audio/vídeo"
"Configure settings specific to the integrated Audio/Video WebRTC component","Configure ajustes específicos del WebRTC integrado de audio/vídeo"
"<Unknown Device>","<Dispositivo desconocido>"
"Video Capture Device","Dispositivo de captura de vídeo"
"Select which video capture device you wish to use, if any.","Seleccione el dispositivo de captura de vídeo que desee utilizar, si existe alguno"
"Audio Capture Device","Dispositivo de captura de audio"
"Select which audio capture device you wish to use, if any.","Seleccione el dispositivo de captura de audio que desee utilizar, si existe alguno"
"Audio Output Device","Dispositivo de reproducción de audio"
"Select which audio output device you wish to use.","Seleccione el dispositivo de reproducción de audio que desee utilizar"
"Audio/Video communication was unable to start because one of the configured input devices was unavailable.","La comunicación de audio y video no pudo iniciarse porque uno de los dispositivos de entrada que ha configurado no estaba disponible"
"Disable Sending Camera","Deshabilitar transmisión de vídeo"
"Disable Sending Audio","Deshabilitar transmisión de audio"
"Disable Audio Output","Desactivar salida de audio"
"Default Device","Dispositivo por defecto"
"Unavailable Device (will use Default)","Dispositivo no disponible (se utilizará la configuración por defecto)"
"Choose Signalling Server","Seleccionar signalling server"
"Signalling Server URL","URL del signalling server"
"Foundry VTT","Foundry VTT"
"Custom Server","Servidor personalizado"
"Signalling Server Username","Usuario del signalling server"
"Signalling Server Password","Contraseña del signalling server"
"Relay Server Configuration","Configuración del relay server"
"Provided by Signalling Server","Proporcionado por el signalling server"
"Custom Relay Server","Relay server personalizado"
"Relay Server URL","URL del relay server "
"Relay Server Username","Usuario del relay server"
"Relay Server Password","Contraseña del relay server"
"General","General"
"Devices","Dispositivos"
"Server","Servidor"
"General Audio/Video Conferencing Settings can only be modified by the GM","La configuración general de audio/vídeo solo puede ser modificada por un GM"
"Audio/Video Conferencing Mode","Modo de conferencia de audio/vídeo"
"Only a Game Master user may change this setting, which will require Foundry VTT to reload.","Solo un usuario Gamemaster puede cambiar esta configuración, al cambiarla se requerirá un reinicio de Foundry VTT"
"Disabled","Deshabilitado"
"Audio Only","Solo audio"
"Video Only","Solo video"
"Audio/Video Enabled","Audio/video habilitado"
"Toggle video","Alternar vídeo"
"Configure Settings","Configurar ajustes"
"Send to Dock","Enviar a la barra"
"Pop out","Nueva pestaña"
"Push-to-Talk/Mute Key","Tecla de pulsar-para-hablar/silenciar"
"Assign a keyboard key which, in PTT mode, enables voice while held. If not in PTT mode, the same key mutes while pressed.","Asigna una tecla que, en modo PPH, habilita la captura de voz cuando se mantiene presionada. Si no se está en modo PPH, la misma tecla silenciará al usuario al ser presionada"
"Voice Broadcasting Mode","Modo de transmisión de voz"
"Choose how your voice is broadcast in AV calls.","Elija cómo se transmitirá su voz en las llamadas de A/V"
"Always Enabled","Siempre activo"
"Voice Activation","Actividad de voz"
"Push-to-Talk","Pulsar para hablar"
"Allow User Video","Permitir vídeo de usuario"
"Block User Video","Bloquear vídeo de usuario"
"Allow User Audio","Permitir audio de usuario"
"Block User Audio","Bloquear audio de usuario"
"Enable Your Video","Habilitar vídeo"
"Disable Your Video","Deshabilitar vídeo"
"Enable Your Audio","Habilitar audio"
"Mute Your Audio","Deshabilitar audio"
"Mute Others' Audio","Silenciar a los demás"
"Unmute Others' Audio","Dejar de silenciar a los demás"
"Show Players List","Mostrar lista de jugadores"
"Hide Players List","Ocultar lista de jugadores"
"Cycle Video Size","Cambiar tamaño de vídeo"
"Unable to capture from your Audio devices; Sharing Video only","No se puede acceder a sus dispositivos de audio; compartiendo solo vídeo"
"Unable to capture from your Video devices; Sharing Audio only","No se puede acceder a sus dispositivos de vídeo; compartiendo solo audio"
"Unable to capture from your Audio & Video devices","No se puede acceder a sus dispositivos de audio y vídeo"
"Unable to capture from your Video devices","No se puede acceder a sus dispositivos de vídeo"
"Unable to capture from your Audio devices","No se puede acceder a sus dispositivos de audio"
"Error connection to Audio/Video Signalling Server","Error de conexión de audio/vídeo desde el signalling server"
"Lost connection to the Audio/Video Signalling server. Trying to re-establish connection.","Se perdió la conexión de audio/vídeo con el signalling server. Intente restablecer la conexión"
"WebRTC Error : ","Error WebRTC : "
"You cannot use Audio/Video calls unless your Foundry VTT server is using SSL certificates. See the online documentation for instructions.","Las llamadas de audio/vídeo no se pueden usar a menos que el servidor VTT Foundry esté utilizando certificados SSL. Consulte la documentación en línea para obtener más información"
"You cannot enable your camera because you do not have permission to broadcast your video feed.","No puede habilitar la cámara porque no tiene permisos para emitir video"
"You cannot enable your microphone because you do not have permission to broadcast your audio feed.","No puede activar el micrófono porque no tiene permisos para emitir su señal de audio"
"World Title","Título del mundo"
"Data Path","Directorio de datos"
"Game System","Sistema de juego"
"Background Image","Imagen de fondo"
"Next Session","Próxima sesión"
"Reset Active Modules","Reiniciar módulos activos"
"Reset User Passwords","Reiniciar contraseñas de los usuarios"
"Launch in Safe Configuration","Lanzar en modo seguro"
"Disables all modules and active scenes, and stops any playing audio","Deshabilita todos los módulos y escenas activas, y detiene todos los audios que estén reproduciéndose"
"World Description","Descripción del mundo"