"en","fr"
"Activate","Activer"
"Angle","Angle"
"Author","Auteur"
"Are You Sure?","Êtes-vous sûr ??"
"and","et"
"Between","Entre"
"Cancel","Annuler"
"Character","Personnage"
"Configure","Configurer"
"Command","Commande"
"Close","Fermer"
"Degrees","Degrés"
"Default","Par défaut"
"Delete","Supprimer"
"Description","Description"
"Distance","Distance"
"Direction","Direction"
"Documentation","Documentation"
"Duplicate","Dupliquer"
"Error","Erreur"
"Grid Units","Unités de la grille"
"Install","Installation"
"Elevation","Élévation"
"Foundry Virtual Tabletop","Foundry Virtual Tabletop"
"File Path","Emplacement du Fichier"
"Height","Hauteur"
"Hidden","Caché, "
"Hold","Maintenir"
" Name"," Nom"
"No","Non"
"Notes","Notes"
"Preload","Précharger"
"Token","Token"
"Minimum","Minimum"
"Maximum","Maximum"
"Image","Image"
"None","Aucun"
"Path","Chemin"
"Packs","Packs"
"Permissions","Permissions"
"Position","Position"
"Pixels","Pixels"
"Ratio","Ratio"
"Resources","Resources"
"Result","Résultat"
"Rotation","Rotation"
"Roll Formula","Formule de dés"
"Commit Changes","Valider les modifications"
"Reset Changes","Abandonner les modifications"
"Save Changes","Sauvegarder les modifications"
"Scale","Échelle"
"Scope","Portée"
"Seconds","Secondes"
"Sheet","Feuille"
"System","Système"
"Software","Logiciel"
"Template","Modèle"
"Type","Type"
"Uninstall","Désinstaller"
"Update","Mettre à jour"
"URL","URL"
"Vision","Vision"
"Warning","Attention"
"Width","Largeur"
"X-Coordinate","Coordonnée-X"
"Y-Coordinate","Coordonnée-Y"
"Yes","Oui"
"Actors Directory","Dossier des Personnages"
"Create Actor","Créer Personnage"
"Search Actors","Chercher un Personnage"
"Are you sure you want to exit the Foundry Virtual Tabletop game?","Etes-vous sûr de vouloir quitter Foundry Virtual Tabletop ?"
"Clear Chat Log","Vider la Discussion"
"Export Chat Log","Exporter le contenu de la Discussion"
"Flush Chat Log","Supprimer le contenu de la Discussion"
"All messages within the chat log will be permanently deleted.","<h3>Confirmer ?</h3><p>Les messages contenus dans la Discussion seront définitivement supprimés.</p>"
"{command} is not a valid chat message command.","{command} n'est pas une commande valide."
"Chat Log","Discussion"
"To","À"
"Pop Out Message","Ouvrir le message en fenêtre"
"Reveal To Everyone","Révéler à tous"
"Make Private","Rendre privé"
"Blind GM Roll","Jet en aveugle"
"Default Roll Mode","Mode de jet par défaut"
"Public Roll","Jet public"
"Private GM Roll","Jet caché"
"Self Roll","Jet privé"
"Rollable Tables","Tables Aléatoires"
"{user} privately rolled some dice","{user} a effectué un lancé de dés privé"
"Begin Combat","Commencer le Combat"
"Create Encounter","Créer une Rencontre"
"Delete Encounter","Supprimer la Rencontre"
"Encounter","Rencontre"
"Activate Previous Encounter","Activer la Rencontre précédente"
"Activate Next Encounter","Activer la Rencontre suivante"
"End Combat","Terminer le Combat"
"Roll Initiative","jet d'Initiative"
"Reset Initiative","Réinitialiser l'Initiative"
"End Combat Encounter?","Rencontre terminée ?"
"End this combat encounter and empty the turn tracker?","Mettre fin à cette rencontre et abandonner le suivi des tours ?"
"No Active Encounter","Aucune Rencontre active"
"There is no active Combat Encounter in your currently viewed Scene.","Il n'y a aucune Rencontre active dans la scène que vous regardez actuellement."
"There are no Combatants remaining in this Encounter which are not defeated.","Il ne reste aucun combattant dans cette rencontre qui ne soit pas vaincu."
"Not Started","Combat non commencé"
"Tracked Resource","Ressource suivie"
"Choose an attribute to track for each combatant.","Choisir une ressource à suivre pour chaque combattant."
"Round","Round de Combat"
"Rounds","Rounds"
"Previous Round","Round précédent"
"Next Round","Prochain Round"
"Roll NPCs","Lancer pour tous les PNJ"
"Roll All","Lancer pour tous"
"{name} rolls for Initiative!","{name} lance pour l'initiative!"
"Combat Tracker Settings","Paramètres du Combat Tracker"
"Save Tracker Settings","Sauvegarder les paramètres du Combat Tracker"
"Skip Defeated?","Ignorer les Hors-Combats"
"Automatically bypass combatants marked as defeated?","Ignorer automatiquement les combattants marqués Hors-Combat"
"Toggle Visibility","Basculer le mode de Visibilité"
"Mark Defeated","Marquer Hors-Combat"
"Turn","Tour"
"Turns","Tours"
"End Turn","Fin du Tour"
"Next Turn","Tour Suivant"
"Previous Turn","Tour Précédent"
"Unknown Combatant","Combattant inconnu"
"Represented Actor","Personnage représenté"
"Create Combatant","Créer combattant"
"Defeated","Vaincu"
"Hidden","Caché"
"Thumbnail Image","Vignette"
"Initiative Value","Valeur d'initiative"
"Combatant Status","Statut du combattant"
"Update Combatant","Mettre à jour le combattant"
"Displayed Name","Nom affiché"
"Remove Combatant","Enlever le combattant"
"Clear Initiative","Réinitialiser l'initiative"
"Re-roll Initiative","Relancer l'initiative"
"Represented Token","Token lié"
"The Combatant {name} is not present in your currently viewed Scene","Le combattant {name} n'est pas présent sur la scène active que vous affichez."
"Compendium Name","Nom du Compendium"
"Create Compendium","Créer un Compendium"
"Create a new Compendium pack in your current World.","Créer un nouveau Compendium pour le Monde actuel."
"Delete Compendium","Supprimer le Compendium"
"Delete Entry","Supprimer l'Entité"
"Duplicate Compendium","Dupliquer le Compendium"
"New Compendium Title","Nouveau Titre"
"You may duplicate this compendium into your World to have a local copy of its content which is safe to edit.","Permet d'avoir une copie du compendium lié à ce monde en local et de pouvoir le modifier en toute sécurité."
"You must provide a title to create a World Compendium pack.","Vous devez donner un titre au nouveau Compendium de Monde."
"Import All Content","Importer tout le contenu"
"All of the content from this Compendium pack will be imported into your World to a Folder which you may name.","Tout le contenu de ce Compendium sera importé dans votre monde dans un dossier que vous pourrez nommer."
"Importing {number} {type} entries into the {folder} folder. Please be patient.","Importation en cours de {number} {type} dans le dossier {folder}. Soyez patient."
"Successfully imported {number} {type} entries into the {folder} folder.","Importation réussie de {number} {type} dans le dossier {folder}."
"Import Entry","Importer l'Entité"
"Document Type","Type d'Entité"
"Each Compendium pack contains a specific type of Document.","Chaque Compendium ne porte qu'un type spécifique d'Entité."
"Toggle Visibility","Modifier la visibilité"
"Toggle Edit Lock","Modifier le verrouillage"
"You are attempting to unlock for editing a compendium that does not belong to this World. Any changes you make in this compendium pack may be lost if the system or module which owns it is updated. You may wish to duplicate the compendium to your world instead. Do you wish to proceed?","Vous allez débloquer l'édition de ce compendium qui n'est pas lié à ce Monde. Toute modification que vous apportez à ce compendium peut être perdue si le système ou le module qui en est propriétaire est mis à jour. Vous pouvez dupliquer ce compendium pour en avoir une version liée à votre monde et donc indépendante des évolutions de systèmes ou de modules. Souhaitez-vous poursuivre ?"
"Game Controls Reference","Liste des Raccourcis"
"This form describes common keyboard and mouse commands used to control various aspects of the Foundry Virtual Tabletop environment. Some controls are only available to a Game Master user, those are highlighted in light purple.","Décrit les commandes courantes du clavier et de la souris. Certaines commandes surlignées ne sont accessibles qu'à un utilisateur ayant les droits de niveau 'Maître du Jeu' "
"Token Controls","Contrôles des Tokens"
"Select Tokens","Sélection de Token"
"Select Targets","Sélection de Cible"
"Measure Distance","Règle"
"Measurement Controls","Outils de Gabarits"
"Template Type","Type de gabarit"
"Border Color","Couleur de la bordure"
"Configure the placement and display of the measurement template.","Configurer le placement et l'affichage du gabarit."
"Circle Template","Gabarit circulaire"
"Cone Template","Gabarit conique"
"Rectangle Template","Gabarit rectangulaire"
"Ray Template","Gabarit linéaire"
"Clear Templates","Supprimer tous les Gabarits"
"Template Texture","Texture du Gabarit"
"Tile Controls","Outils de Tuile"
"Select Tiles","Sélection de Tuile"
"Place Tile","Poser une Tuile"
"Foreground Layer","Calque au premier plan"
"Tile Browser","Bibliothèque des Tuiles"
"Drawing Tools","Outils de Dessin"
"Select Drawings","Sélection de Dessin"
"Draw Rectangle","Rectangle"
"Draw Ellipse","Ellipse"
"Draw Polygon","Polygone"
"Draw Freehand","Main levée"
"Draw Text","Texte"
"Clear Drawings","Supprimer tous les Dessins"
"Configure Drawing","Configurer l'outil de Dessin"
"Wall Controls","Outils de Mur"
"Draw Walls","Mur Simple"
"Invisible Walls","Mur Invisible"
"Terrain Walls","Mur de Terrain"
"Ethereal Walls","Mur Éthéré"
"Draw Doors","Porte"
"Secret Doors","Porte secrète"
"Rectangular Select Walls","Sélection de Murs rectangulaire"
"Force Snap to Grid","Forcer le positionnement sur la grille"
"Clone Walls","Cloner les Murs"
"Clear Walls","Supprimer tous les Murs"
"Lighting Controls","Outils de Lumière"
"Draw Light Source","Créer une Source de Lumière"
"Clear Lights","Supprimer toutes les Lumières"
"Reset Fog of War","Réinitialiser le Brouillard de Guerre"
"Transition to Daylight","Transition vers la lumière du jour"
"Transition to Darkness","Transition vers l'obscurité"
"Reset Fog of War Exploration?","Réinitialiser le Brouillard de Guerre Exploré"
"This will reset fog of war for this Scene for all players.","Cela va réinitialiser les brouillards de guerre pour cette scène et pour tous les Joueurs."
"Ambient Sound Controls","Outils de Son d'Ambiance"
"Draw Ambient Sound","Créer une source Sonore"
"Preview Ambient Sounds","Aperçu des sons d'ambiance"
"Clear Sounds","Supprimer tous les Sons"
"Journal Notes","Notes"
"Select Notes","Sélection de Note"
"Toggle Notes Display","Afficher les Notes"
"Clear Notes","Supprimer toutes les Notes"
"Clear All Objects","Supprimer tous les Objets"
"Permanently delete all {type} objects from this Scene?","Supprimer définitivement tous les Objets de type {type} de la Scène?"
"General Game Controls","Raccourcis - Général"
"These controls generally apply across all aspects of Foundry functionality.","Raccourcis s'appliquant aux fonctionnalités de FVTT."
"Canvas Layer Controls","Raccourcis - Scènes"
"These controls apply when interacting with a specific Canvas layer.","Raccourcis s'appliquant aux interactions avec les différents objets/calques (layer) de la scène"
"Placeable Object Controls","Outils de Positionnement"
"These controls apply when interacting with an Object placed on the Canvas.","Raccourcis s'appliquant avec les objets placés sur la scène."
"Specialized Controls","Raccourcis spécifiques"
"These controls apply only during specific interactions.","Raccourcis dédiés spécifiquement à certaines interactions."
"Mouse Controls","Souris"
"Keyboard Controls","Clavier"
"Toggle Main Menu","Ouvrir le Menu"
"Close Open Windows","Fermer les Fenêtres ouvertes"
"Toggle Game Pause","Mettre en Pause (MJ)"
"Cancel Pending Move","Annuler les déplacements en attente"
"Move Object","Déplacer un objet"
"Pan Canvas","Positionner la scène"
"Select Object","Sélectionner un Objet"
"Add or Remove Selected Objects","Ajouter ou Supprimer les Objets sélectionnés"
"Use Active Tool","Utiliser l'outil actif"
"Cancel Left-Drag Operation","Annule l'utilisation en cours (clic-gauche+glisser)"
"Zoom Canvas","Zoomer sur la scène"
"Left Click","Clic gauche"
"Double Left Click","Double clic gauche"
"Left-Click Drag","Clic gauche glissé-déplacé"
"Double","Double"
"Right-Click","Clic droit"
"Drag","Glisser"
"Drop","Déposer"
"during","pendant"
"Highlight Canvas Objects","Identifier les objets"
"Pan Canvas","Déplacer la scène"
"Zoom In","Zoom Avant"
"Zoom Out","Zoom Arrière"
"Cycle Tokens or Reset View","Ràz Vue ou aller au token (cycle)"
"Keyboard Movement (Tokens or Tiles)","Déplacer au clavier (Tokens ou Tuiles)"
"Diagonal Movement","Mouvement en diagonal"
"Face Direction","Orientation"
"Delete Selected Objects","Supprimer les objets sélectionnés"
"Copy Canvas Elements","Copier les éléments de la scène"
"Paste Canvas Elements","Coller les éléments de la scène"
"Undo Canvas Operation","Annuler la dernière opération sur la scène"
"Activate Hotbar Slot","Raccourcis de la barre de lancement rapide"
"Ruler Measurement","Affichage des distances"
"Measure Distance with Ruler","Afficher la distance avec une règle"
"Place Measurement Waypoint","Placer un point intermédiaire de mesure de distance"
"Move Token on Measured Path","Déplacer le Token en suivant le chemin défini et mesuré"
"while measuring from a Token","En maintenant le chemin mesuré"
"Open Referenced Object Sheet","Ouvrir la feuille (pj/pnj/items...) associée à l'objet"
"Display Object HUD (If Applicable)","Afficher les détails attachés à l'objet (HUD) "
"Open Object Configuration Sheet","ouvrir la configuration de l'objet"
"Move Controlled Objects","Déplacer l'objet contrôlé"
"Cancel Drag Workflow","Annuler l'action sur la scène en cours"
"Rotate Object (Slow)","Tourner l'objet (précis)"
"Rotate Object (Fast)","Tourner l'objet (rapide)"
"Bypass Snap-to-Grid","Ne pas tenir compte du positionnement attaché à la grille"
"Mouse-Wheel","Molette"
"Drag and Drop","Glisser-déposer"
"Token Controls","Contrôles des Tokens"
"Place Hidden Token","Placer un Token caché (MJ)"
"Set (non-Owned) Token as Target","Sélectionner un Token comme cible (non possédé)"
"when creating a Token.","lors de la création d'un Token."
"Walls Layer Controls","Contrôles des murs"
"Chain Wall Creation","Ajouter des murs contigus"
"Select Chained Segments","Sélectionner des murs contigus"
"Drawing Tool Controls","Contrôles des outils de dessin"
"Confirm Drawing Text","Confirmer le texte du dessin saisis"
"Cancel Drawing Text","Annuler le texte de dessins saisis "
"The dice roll formula {formula} did not produce a numeric outcome.","L'expression de construction du lancer de dés {formula} n'a pas produit de résultat numérique."
"The attribute {match} was not present in the provided roll data.","Le paramètre {match} n'était pas dans la liste des données fournies."
"Create New {type}","Créer un nouveau {type}"
"Delete {type}","Supprimer {type}"
"New {type}","Nouveau {type}"
"Update {type}","Mettre à jour {type}"
"Import Data","Importer les données"
"You did not upload a data file!","Vous n'avez pas téléchargé de fichier de données!"
"You may import data for this {document} from an exported JSON file.","Vous pouvez importer les données de ce {document} à partir d'un fichier JSON exporté."
"This operation will update the data for {name} and cannot be un-done.","Cette opération met à jour les données de {name} et ne peut être annulée."
"Source Data","Données sources"
"You do not have permission to view this {document} sheet.","Vous n'avez pas la permission de voir cette feuille de {document}."
"You do not have permission to use this {document}.","Vous n'avez pas la permission d'utiliser ce {document}."
"Active Effect","Effet actif"
"Actor","Personnage"
"Ambient Light","Lumière ambiante"
"Ambient Sound","Son ambiant"
"Chat Message","Message de discussion"
"Combat Encounter","Rencontre de combat"
"Combatant","Combattant"
"Drawing","Dessin"
"Folder","Dossier"
"Item","Objet"
"Journal Entry","Article"
"Macro","Macro"
"Measured Template","Gabarit de mesure"
"Note","Note"
"Playlist","Playlist"
"Playlist Sound","Piste de la playlist"
"Scene","Scene"
"Setting","Paramètres"
"Rollable Table","Tables aléatoires"
"Table Result","Résultat de la table"
"Tile","Tuile"
"Token","Token"
"User","Joueur"
"Wall","Mur"
"Drawing Configuration","Configuration de l'outil Dessin"
"Default Drawing Configuration","Configuration par défaut du Dessin"
"Configure Default","Sauvegarder"
"Create Drawing","Créer un Dessin"
"Update Drawing","Mettre à jour le Dessin"
"Reset Defaults","Configuration par défaut"
"Position","Position"
"Lines","Lignes"
"Fill","Remplissage"
"Text","Texte"
"Adjust the position and visibility of the Drawing.","Ajuster les paramètres de position et de visibilité du Dessin."
"Adjust the outer line work for the Drawing.","Ajuster les paramètres du contour extérieur du Dessin."
"Adjust the interior fill preferences for this Drawing.","Ajuster les paramètres de remplissage intérieur du Dessin."
"Adjust the text label applied to this Drawing (if any).","Ajuster les paramètres de libellé texte appliqué au Dessin (si existant)."
"Author","Auteur"
"X-Position","Position X"
"Y-Position","Position Y"
"Width","Largeur"
"Height","Hauteur"
"Rotation","Rotation"
"Z-Index","Index Z"
"Line Width","Largeur du trait"
"Stroke Color","Couleur du trait"
"Line Opacity","Opacité du trait"
"Smoothing Factor","Facteur de lissage"
"For freehand drawing, the smoothing factor controls the amount of spline smoothing.","Pour le Dessin à main levée, le facteur de lissage contrôle l'intensité du lissage appliqué aux courbes."
"Fill Types","Types de Remplissage"
"None","Aucun"
"Solid","Solide"
"Pattern","Motif"
"Fill Color","Couleur de Remplissage"
"Fill Opacity","Opacité du Remplissage"
"Fill Texture","Texture du Remplissage"
"Text Label","Libellé du Texte"
"Font Family","Famille de la police"
"Font Size","Taille de la police"
"Text Color","Couleur du Texte"
"Text Opacity","Opacité du Texte"
"Custom","Personnalisation"
"Multiply","Multiplier"
"Add","Ajouter"
"Downgrade","Baisser"
"Upgrade","Augmenter"
"Override","Surcharger"
"Configure Active Effect","Configurer les effets visuels"
"Details","Détails"
"Duration","Durée"
"Effects","Effets"
"Effect Label","Libellé de l'effet"
"Effect Icon","Icône de l'effet"
"Icon Tint Color","Teinte des icônes"
"Effect Suspended","Effet Suspendu"
"Effect Origin","Origine de l'effet"
"Transfer Effect to Actor","Transférer l'effet au personnage"
"Effect Duration (Seconds)","Durée de l'effet (secondes)"
"Effect Start Time","Début de l'effet"
"Effect Duration (Turns)","Durée de l'effet (tours)"
"Combat Encounter","Rencontre"
"Effect Start Turn","tour de départ de l'effet"
"Attribute Key","Clé d'attribut"
"Change Mode","Changer le mode"
"Effect Value","Valeur de l'effet"
"Submit Changes","Appliquer les changements"
"Asleep","Endormi"
"Dead","Mort"
"Unconscious","Inconscient"
"Stunned","Etourdi"
"Prone","À terre"
"Restrained","Entravé"
"Paralyzed","Paralysé"
"Flying","En vol"
"Blind","Aveugle"
"Deaf","Sourd"
"Silenced","Réduit au silence"
"Afraid","Apeuré"
"Burning","Brûlant"
"Frozen","Gelé"
"Shocked","Choqué"
"Corroding","Corrodé"
"Bleeding","Saignement"
"Diseased","Malade"
"Poisoned","Empoisonné"
"Radioactive","Radioactif"
"Regeneration","Régénère"
"Degeneration","Dégénère"
"Empowered","Amélioré"
"Weakened","Affaibli"
"Targeted","Ciblé"
"Marked","Marqué"
"Cursed","Maudit"
"Blessed","Béni"
"Fire Shield","Protection contre le feu"
"Ice Shield","Protection contre le froid"
"Magic Shield","Protection magique"
"Holy Shield","Protection sacrée"
"Actor","Personnage"
"Chat Message","Message"
"Combat Encounter","Rencontre"
"Item","Objet"
"Folder","Dossier"
"Journal Entry","Article"
"Macro Command","Macro"
"Audio Playlist","Playlist"
"Scene","Scène"
"Rollable Table","Table Aléatoire"
"User","Joueur"
"Create New {entity}","Créer un(e) nouveau/nouvel(le) {entity}"
"New {entity}","Nouveau/nouvel(le) {entity}"
"Create New","Créer un nouveau"
"Foundry Virtual Tabletop uses modern JavaScript features which are unsupported on {browser} version less than {minimum}. You are using {browser} version {version}. Please update or use a different browser.","Foundry Virtual Tabletop nécessite les dernières fonctions JavaScript qui ne sont pas prises en charge pouur la version de {browser} inférieure à {minimum}. Vous utilisez la version {version} de {browser}. Veuillez mettre à jour ou utiliser un autre navigateur."
"Foundry Virtual Tabletop requires a minimum screen resolution of {reqWidth}px by {reqHeight}px or greater. Your display currently has an effective resolution of {width}px by {height}px, as a result many features of the software may not work properly.","Foundry Virtual Tabletop exige une résolution d'écran minimale de {reqWidth}px par {reqHeight}px ou plus. Votre écran est actuellement de largeur {width}px par hauteur {height}px. Avec vos paramètres d'affichage actuels, de nombreuses fonctions peuvent ne pas fonctionner correctement."
"Your browser does not currently support WebGL rendering which is required by Foundry Virtual Tabletop. Ensure that you have hardware rendering and WebGL enabled in your browser.","Votre navigateur ne prend actuellement pas en charge le rendu WebGL, qui est requis par Foundry Virtual Tabletop. Le rendu matériel et WebGL doivent être activés dans le navigateur."
"You are using a Scene background texture with dimensions {width}px by {height}px. One or both of these dimensions exceeds the maximum texture size of {max}px supported by your device.","L'image de fond de la scène mesure {width}&times;{height}px. L'une de ces dimensions ou les deux dépassent la taille maximale autorisée de {max}px."
"The provided server administrator password is invalid. If you have forgotten your configured password you will need to manually delete the <strong>Config/admin.txt</strong> file from your user data location.","Le mot de passe Administrateur fournie n'est pas valide. Si vous avez oublié votre mot de passe, vous devrez supprimer manuellement le fichier <strong>Config/admin.txt</strong> du répertoire des données utilisateur.</p>"
"The attempted Token movement collides with at least one Wall.","Déplacement impossible : le mouvement demandé au Token se heurte au moins à un mur."
"The request to browse existing packages failed to connect with the Foundry server. Make sure your application allows outbound connections.","Impossible de se connecter au serveur de FoundryVTT pour lister les packages. Assurez-vous que votre application autorise les connexions sortantes"
"No target users exist for this whisper. Check your spelling or try ""/w [User Name]"" instead.","Destinataire non reconnu pour ce chuchotement. Vérifiez l'orthographe ou essayez ""/w [Nom d'utilisateur]"" à la place."
"You do not have permission to send whispered chat messages to other players.","Vous n'avez pas la permission d'envoyer des messages chuchotés à d'autres joueurs."
"You are using the grid configuration tool for a scene with no background image. This is not currently recommended and may produce unpredictable results.","Vous utilisez l'outil de configuration de la grille pour une scène sans image de fond. Cela n'est pas recommandé actuellement et peut produire des résultats imprévisibles."
"The dimensions of your configured Foreground Layer image do not match the dimensions of the Background Layer image for this scene. The foreground has been resized which may have undesired results.","Les dimensions de votre image du calque de premier plan configurée ne correspondent pas aux dimensions de l'image d'arrière-plan pour cette scène. Le premier plan a été redimensionné, ce qui peut avoir des résultats indésirables."
"Acknowledge Agreement","Description du CLUF "
"Agree","Accepter le CLUF"
"I agree to these terms","J'accepte les accords définis par le CLUF"
"Decline","Je refuse"
"Create Directory","Créer un dossier"
"Toggle Privacy Mode","Basculer en mode privé cette arborescence"
"Display Mode","Mode d'affichage"
"List View","Liste"
"Tiles View","Tuiles"
"Thumbnail View","Vignettes"
"Images View","Images"
"Filter Results","Filtrer"
"S3 Bucket","compartiment S3 (S3 Bucket) "
"Selected","Sélection"
"Select File","Sélectionner le fichier"
"Select Directory","Sélectionner le répertoire"
"Asset Grid Size","Taille de la grille pour l'élément (asset)"
"Specify the pixel grid size of source tile artwork so it will be automatically resized when placed onto your active Scene.","Indiquez la taille de la grille en pixels de la tuile d'origine afin qu'elle soit automatiquement redimensionnée lorsqu'elle est placée sur votre scène active."
"No matching results found in this location.","Aucun résultat dans ce répertoire"
"Upload","Télécharger"
"Search","Rechercher"
"The file you have attempted to upload is too large for your proxy server to handle.","Le fichier que vous avez tenté de télécharger est trop volumineux pour le serveur proxy ."
"Something went wrong with your file upload request.","Il y a eu un problème avec la demande de téléchargement de fichiers."
"You have uploaded files into a module or system directory. This is generally <strong>unsafe</strong> because updates to the system or module will delete your files.","Vous avez téléchargé des fichiers dans un répertoire de module ou de système. Généralement c'est <strong>dangereux</strong> car les mises à jour du système ou du module vont supprimer ces fichiers."
"Directory Browser","Liste des répertoires"
"Image or Video Browser","Explorateur d'Images ou de Vidéos"
"Image Browser","Explorateur d'Images"
"Video Browser","Explorateur de Vidéos"
"Audio Browser","Explorateur de fichiers Audio"
"User Data","Données de l'Utilisateur"
"Core Data","Données du Core"
"Amazon S3","Amazon S3"
"Browse Files","Parcourir les Fichiers"
"Game Paused","Jeu en Pause"
"You cannot take this action while the game is currently paused.","Vous ne pouvez pas effectuer cette action tant que le jeu est en pause."
"Game invitation link copied to clipboard","Le lien d'invitation a été copié dans le presse-papier"
"Share the below invitation links with users who you wish to have join your game. The local invitation link is for users on your local network while the internet link connects via internet on the configured port.","Partager les liens d'invitation ci-dessous avec les utilisateurs. Le lien d'invitation local est destiné aux utilisateurs de votre réseau local tandis que le lien Internet se connecte via Internet sur le port configuré."
"Internet","Internet"
"Local Network","Réseau local"
"Game Invitation Links","Liens d'invitations à la partie"
"Create Item","Créer un Objet"
"Delete Item","Effacer un Objet"
"Search Items","Chercher un Objet"
"View Item Artwork","Voir l'image de l'Objet"
"Toggle Visibility State","Basculer la Visibilité"
"Toggle Locked State","Basculer le Verrouillage"
"Bring to Front","Avancer au premier plan"
"Send to Back","Reculer au second plan"
"Overhead Tile","Tuile aérienne"
"Underfoot Tile","Tuile de sol"
"Play Tile Video","Jouer la vidéo"
"Pause Tile Video","Mettre en pause la vidéo"
"Journal","Journal"
"Search Journal Entries","Chercher dans les Articles du journal"
"Create Entry","Créer un Article"
"Text","Texte"
"Image","Image"
"Show Players","Montrer aux joueurs "
"Showed the {mode} content of {title} to {which} players."," {title} ({mode}) a été montré à/aux {which} les joueurs."
"Save Entry","Sauvegarder la saisie"
"Center","Centrer"
"Bottom","En bas"
"Top","En haut"
"Left","A gauche"
"Right","A droite"
"Light Animation Type","Type d'animation de la Lumière"
"Animation Speed","Vitesse de l'animation"
"Animation Intensity","Intensité de l'animation"
"Torch","Torche"
"Pulse","Pulsation"
"Chroma","Chroma"
"Pulsing Wave","Onde pulsante"
"Swirling Fog","Brouillard tourbillonnant"
"Sunburst","Rayonnement solaire"
"Light Dome","Dôme de lumière"
"Mysterious Emanation","Emanation mystérieuse"
"Energy Field","Champ énergétique"
"Hexa Dome","Dôme d'hexagones"
"Ghostly Light","Lumière fantomatique"
"Roiling Mass (Darkness)","Masse tournante (Obscurité)"
"Black Hole (Darkness)","Trou noir (Ténèbres)"
"Light Source Configuration","Configuration de la Lumière"
"Configure the position, radius, angle, color, and animation of this ambient light source.","Configurer la position, le rayon, l'angle, la couleur et l'animation de cette source de lumineuse d'ambiance."
"Create Light Source","Créer une source lumineuse"
"Dim Light Radius","Rayon d'éclairage faible"
"Bright Light Radius","Rayon d'éclairage vif"
"Emission Angle","Angle d'émission"
"Light Color","Couleur de la lumière"
"Color Intensity","Intensité de la couleur"
"Light Rotation Angle","Angle de rotation de la Lumière"
"Light Type","Type de Lumière"
"Local Light","Lumière locale"
"Global Light","Lumière globale"
"Universal Light","Lumière universelle"
"Update Light Source","Mettre à jour la lumière"
"Create Macro","Créer une Macro"
"Delete Macro","Effacer la Macro"
"Edit Macro","Editer la Macro"
"Execute Macro","Exécuter la Macro"
"Remove Macro","Enlever la Macro"
"Save Macro","Sauvegarder la Macro"
"Search Macros","Chercher une Macro"
"Reload Application","Recharger"
"Log Out","Se déconnecter"
"User Management","Configurer les joueurs"
"Return to Setup","Menu Accueil"
"Bug or Issue Reports","Rapports sur les bugs ou les problèmes"
"Deactivate All Modules","Désactiver tous les Modules"
"Module Documentation","Documentation du Module"
"Module Management","Gestion des Modules"
"Use this form to configure which Modules are active within your current World. Submitting changes to active modules will cause the current session to reload.","Toute modification des modules actifs rechargera la session en cours."
"The Modules listed below are currently active within this World.","Les Modules listés ci-dessous sont actuellement actifs dans ce monde."
"No Modules are available within this World. You can view, but do not have permission to modify this list.","Aucun Module n'est disponible dans ce monde. Vous pouvez consulter cette liste, mais vous n'avez pas la permission de la modifier."
"Filter Modules","Filtrer les Modules"
"Save Module Settings","Sauvegarder les paramètres de Modules"
"Dependencies","Dépendances"
"This module has {number} inactive dependencies which are required for it to function properly:","Ce Module a {number} dépendances requises pour son bon fonctionnement. Souhaitez-vous également les activer ?"
"Enable module and its dependencies?","Activer le module et ses dépendances ?"
"This module had {number} dependencies which may no longer be required:","Ce Module a {number} dépendances qui ne sont potentiellement plus requises. Souhaitez-vous également les désactiver ?"
"Would you like to disable them also?","Voulez-vous les désactiver également ?"
"The dependency {missing} is not installed!","La dépendance {missing} n'est pas installée !"
"You have enabled the module {module}, but it's dependencies {missing} are not enabled!","Vous avez activé le Module {module}, mais ses dépendances {missing} ne sont pas activées !"
"All Modules","Tous les Modules"
"Active Modules","Modules actifs"
"Inactive Modules","Modules inactifs"
"Text Anchor Point","Point d'ancrage du texte"
"Map Note Configuration","Configuration de la note"
"Create Map Note","Créer une note sur la scène"
"Entry Icon","Icône affiché"
"Font Size","Taille de la police"
"Font Family","Famille de la police"
"Icon Size","Taille de l'icône"
"Icon Tint","Teinte de l'icône"
"Text Label","Titre affiché de la note"
"Text Color","Couleur du texte"
"Update Map Note","Mise à jour de la note"
"You do not have sufficient permission to create a Note for {name}.","Vous n'avez pas les autorisations suffisantes pour créer une Note pour {name}."
"Players","Joueurs"
"Select Character","Sélectionner un Personnage"
"Selected Character","Personnage sélectionné"
"Release Character","Libérer le Personnage"
"User Configuration","Configuration du Joueur "
"Player Color","Couleur du Joueur"
"Player Avatar","Avatar du Joueur"
"Pull To Scene","Amener à la Scène"
"Save Configuration","Sauvegarder la Configuration"
"View Player Avatar","Avatar du Joueur"
"Kick Player","Ejecter le joueur"
"Ban Player","Bannir le joueur"
"Un-Ban Player","Enlever le bannissement du joueur"
"Create Playlist","Créer Playlist"
"Delete Playlist","Supprimer la Playlist"
"Edit Playlist","Éditer la Playlist"
"Search Playlists","Recherche de Playlists"
"Global Volume Controls","Contrôle du volume général"
"Currently Playing","En cours de lecture"
"Soundboard Only","Soundboard seulement"
"Sequential Playback","Jouer dans l'ordre"
"Shuffle Tracks","Jouer aléatoirement"
"Simultaneous Playback","Jouer en simultané"
"Play Playlist","Jouer la Playlist"
"Stop Playlist","Stopper la Playlist"
"Next Sound","Suivant"
"Previous Sound","Précédent"
"Playlists","Playlists"
"Ambient","Ambiance"
"Interface","Interface"
"Playlist Name","Nom de la Playlist"
"Playback Mode","Mode de lecture"
"Fade Duration (ms)","Durée du fondu (ms)"
"Playlist Description","Description de la Playlist"
"Update Playlist","Mettre à jour la Playlist"
"Create Sound","Créer une piste"
"Edit Sound","Éditer la piste"
"Delete Sound","Effacer la piste"
"Loop Sound","Jouer en boucle"
"Track Name","Nom de la piste"
"Audio Source","Source audio"
"Sound Description","Description de la piste"
"Repeat","Répéter"
"Large File Streaming","Streaming de fichier volumineux"
"Update Track","Mettre à jour la piste"
"Play Sound","Jouer la piste"
"Pause Sound","Pause"
"Preload Sound","Précharger la piste"
"Resume Sound","Resume Sound"
"Sound Volume","Volume de la piste"
"Sound Stop","Couper le son de la piste"
"Bulk Import","Importation en masse"
"No valid Playlist Sounds were imported from the requested ""{path}"" directory","Aucun son de liste de lecture n'a été importé depuis le répertoire demandé  ""{path}"" "
"Accessibility","Restriction d'accès"
"GM Only","MJ Uniquement"
"All Players","Tous les Joueurs"
"Activate","Activer"
"Audio Playlist","Playlist Audio"
"A Playlist which should automatically begin playing when this Scene is activated.","Playlist qui commence à jouer lorsque cette Scène est activée."
"Background Color","Couleur d'arrière-plan"
"Background Image","Image d'arrière-plan"
"Configure the background image and dimensions of the scene's primary map.","Configurer l'image d'arrière-plan et les dimensions de la carte principale de la scène"
"Foreground Image","Image de premier plan"
"An optional foreground image which is drawn above other objects in the Scene.","Une image de premier plan facultative qui est dessinée au-dessus des autres objets de la scène."
"Background Image Scale","Échelle de l'image d'arrière-plan"
"Use SHIFT+Mousewheel or SHIFT+Up Arrow and SHIFT+Down Arrow to adjust the background image size.","Utilisez SHIFT+Molette de la souris ou SHIFT+Flèche vers le haut et SHIFT+Flèche vers le bas pour régler la taille de l'image d'arrière-plan."
"Configure","Configurer"
"Configure Scene","Configuration de la Scène"
"Darkness Level","Niveau d'obscurité"
"Apply an overlay which darkens the Scene and diminishes light sources to simulate nighttime or dim conditions.","Configurer un calque d'obscurité qui assombrit la scène pour simuler des conditions de nuit ou de faible luminosité."
"Scene Dimensions","Dimensions de la Scène"
"Change Scene Dimensions?","Changer les dimensions de la scène ?"
"You are changing the underlying dimensions of this Scene, if you have already placed objects in this Scene this operation may cause those objects to shift position relative to the background image.","Vous modifiez les dimensions primaires de cette scène. Si vous avez déjà placé des objets dans cette scène, cette opération peut entraîner un déplacement de la position de ces objets par rapport à l'image d'arrière-plan."
"Fog Exploration","Exploration du Brouillard"
"Track the exploration progress of Tokens in this Scene, revealing fog of war for areas which have been explored.","Suivre l'exploration du brouillard dans cette scène, le brouillard de guerre se dissipe durant l'exploration."
"Regenerate Thumbnail Image","Régénérer la miniature"
"Unrestricted Vision Range","Illumination Globale"
"Reveal all areas that controlled Tokens have direct line of sight to observe. If disabled, vision is restricted to illuminated areas.","Illumine toute la scène, les Tokens contrôlés par un joueur et ayant un champ de vision ont une ligne de vue"
"Vision Limitation Threshold","Seuil d'Illumination Globale"
"Automatically disable the Unrestricted Vision Range setting when the Darkness Level of the Scene exceeds a threshold value.","Désactive automatiquement l'Illumination Globale lorsque le niveau d'obscurité dépasse une certaine valeur de seuil."
"Grid Color","Couleur de la Grille"
"Grid Configuration Tool","Outils de configuration de la grille"
"Configure the grid and background image position using the mousewheel and arrow keys, or by manually setting the following fields.","Configurez la position de la grille et de l'image de fond à l'aide de la molette de la souris et des touches fléchées, ou en définissant manuellement les champs suivants."
"Grid Opacity","Opacité de la Grille"
"Grid Type","Type de Grille"
"Gridless","Sans Grille"
"Square","Carrée"
"Hexagonal Rows - Odd","Lignes hexagonales - impaires"
"Hexagonal Rows - Even","Lignes hexagonales - paires"
"Hexagonal Columns - Odd","Colonnes hexagonales - impaires"
"Hexagonal Columns - Even","Colonnes hexagonales - paires"
"Grid Size","Taille d'une case"
"Use ALT+Mousewheel or ALT+Up Arrow and ALT+Down Arrow to adjust the grid size.","Utilisez ALT+Molette de la souris ou ALT+Flèche vers le haut et ALT+Flèche vers le bas pour ajuster la taille de la grille."
"Grid Offset Position","Position de l'Offset de la Grille"
"Use the Arrow Keys to shift the grid offset.","Utilisez les flèches pour déplacer le décalage de la grille."
"Grid Scale","Echelle de la grille"
"Distance","Intervalle"
"Units","Unité"
"Ambience and Atmosphere","Ambiance et atmosphère"
"Configure additional integrations between this scene and Journal Entries, Audio Playlists, or Weather Effects.","Permet de configurer des détails supplémentaires liés à cette scène : articles de journal, playlist audio ou effets météorologiques."
"Details and Dimensions","Détails et dimensions"
"Configure the basic details for this scene and permissions which control its visibility.","Permet de configurer les détails de base pour cette scène et les autorisations qui contrôlent sa visibilité."
"Grid Configuration","Configuration de la grille"
"Configure the grid dimensions which are used to measure token movement in this scene.","permet de configurer les dimensions de la grille et les valeurs utilisées pour mesurer les mouvements des Tokens de la scène."
"Vision and Lighting","Vision et éclairage"
"Configure the vision, lighting, and fog of war settings which apply to this Scene.","Permet de configurer les paramètres de vision, d'éclairage et de brouillard de guerre qui s'appliquent à cette scène."
"Initial View Position","Position initiale de la vue"
"Capture Current View","Capture de la vue actuelle"
"Set a default camera position that is displayed the first time this Scene is viewed.","Définit la position par défaut de la caméra lors de la première ouverture de la scène."
"Loading {name}","Chargement de {name}"
"Navigation Name","Nom de Navigation"
"An alternative name for the Scene that is displayed in the Navigation Bar instead of the actual Scene name.","Un nom alternatif pour la scène qui sera affiché dans la barre de navigation (en remplacement du nom réel de la scène)."
"Scene Notes","Article de la Scène"
"Padding Percentage","Pourcentage de remplissage"
"pixels","pixels"
"Preload Scene","Précharger"
"Scene Name","Nom de Scène"
"View Scene","Afficher la Scène"
"Journal Notes","Article de journal"
"A linked Journal Entry which provides notes for the Game Master about this Scene.","Une entrée de journal liée qui fournit des articles pour le maître de jeu sur cette scène."
"Playlist Sound","Piste de la playlist"
"You may choose a specific Playlist Sound which should play when this Scene is active, otherwise the entire Playlist will play.","Vous pouvez choisir une piste spécifique de la playlist qui doit être diffusé lorsque cette scène est active, sinon la playlist entière sera jouée."
"Navigation","Afficher dans la Navigation"
"Offset Background","Décalage (offset) de la grille"
"Horizontal","Décalage Horizontal"
"Vertical","Décalage Vertical"
"Token Vision","Vision du Token"
"Restrict visibility within this Scene to the shared vision of all controlled Tokens. If disabled, the entire Scene is visible.","Limiter la visibilité dans cette scène en fonction des Tokens contrôlés et de leur vision."
"Toggle Navigation","Masquer Navigation "
"units","Unités"
"Weather Effect","Effet Météorologique"
"Configure an active Weather Effect which is present within this Scene.","Ajouter un Effet Météorologique sur la scène."
"Configure Settings","Configuration des options"
"Controls Reference","Raccourcis"
"Demo Mode","Mode Démo"
"View Documentation","Voir la documentation"
"Invitation Links","Liens d'invitation"
"Manage Modules","Gestion des modules"
"View Active Modules","Modules actifs"
"Configure Game Settings","Configuration des options de la partie"
"Update Software","Mettre à jour le logiciel"
"Log Out","Déconnexion"
"User Management","Configuration des Joueurs"
"Reset Defaults","Réinitialiser"
"Save Changes","Sauvegarder"
"Return to Setup","Accueil de FoundryVTT"
"General Information","Informations générales"
"Game Settings","Configuration"
"Help and Documentation","Aide & Documentation"
"Game Access","Invitations"
"Community Wiki Pages","Wiki Communautaire"
"Token Vision Animation","Vision l'animation du token"
"Animate Token vision and light changes during Token movement animations. Disabling this will improve performance for lower-end machines.","Animer le token et les changements de lumière lors des déplacements des tokens. Désactiver cette option peut améliorer les performances pour les petites configurations."
"Light Source Animation","Animation des lumières"
"Allow light source animations. Disabling this will improve performance for lower-end machines.","Autoriser les animations de lumières. Désactiver cette option améliorera les performances pour les petites configurations."
"Language Preference","Choix de la Langue"
"Change the displayed language for Foundry Virtual Tabletop.","Change la Langue utilisée par Foundry Virtual Tabletop."
"Left-Click to Release Objects","Clic gauche pour relacher les objets"
"When enabled, a left click on empty canvas space will release any currently controlled objects. If disabled, objects are released by selecting an empty space, shift-clicking the object, or pressing the escape key.","Quand cette option est activée, effectuer un clic gauche sur la scène relachera tout objet actuellement contrôlé. Si cette option est désactivée, les objets sont relachés lors de la sélection d'un emplacement vide, via un clic avec la touche Shift enfoncée ou en appuyant sur la touche Esc."
"Disable Game Canvas","Scène du jeu désactivée"
"The game canvas which provides a visual representation of the virtual tabletop can be disabled. This allows for low-end machines to use a subset of software features.","La scène du jeu qui simule une représentation visuelle de la table virtuelle peut être désactivée. Cela permet aux ordinateurs bas de gamme de pouvoir utiliser une partie des fonctionnalitées du logiciel."
"Enable Chat Bubbles","Activer les bulles de discussion"
"Configure whether or not chat bubbles will be displayed above Tokens for in-character and emote type chat messages.","Active ou non les bulles de discussion qui s'afficheront au-dessus des Tokens pour les messages de types in-character et emote."
"Pan to Token Speaker","Déplacer la vue sur le Token"
"Configure whether to automatically pan the camera to a speaking token when it displays a chat bubble.","Configurer si la caméra doit automatiquement se déplacer vers un Token lorsqu'une bulle de discussion s'affiche."
"Maximum Framerate","Framerate Maximum"
"Limit the maximum framerate at which Foundry Virtual Tabletop will render canvas updates. Lowering this value may improve application performance for less powerful hardware.","Limiter le Framerate maximum auquel Foundry Virtual Tabletop rafraichit les scènes. L'abaissement de cette valeur peut améliorer les performances pour les petites configurations."
"Zoomed Texture Antialiasing","Anti-crénelage de la texture zoomée"
"Compute mipmaps to antialias sprite textures at lower levels of zoom. This is a client setting as different users may prefer different visual styles.","Calculer les mipmaps pour améliorer le rendu des textures de sprites en zooms faibles. Il s'agit d'un paramètre utilisateur, chacun peut modifier le rendu."
"Enable Soft Shadows","Activer les ombres douces"
"Enable soft shadows for more beautiful dynamic lighting, or disable it for improved performance on machines with lower-end hardware.","Activer les ombres douces pour un plus bel éclairage dynamique ou désactiver pour améliorer les performances pour les petites configurations."
"Core Settings","Configuration générale"
"Module Settings","Modules"
"System Settings","Système de jeu"
"Token Drag Vision","Vision des tokens lors du glisser"
"When enabled, vision and lighting for a Token is previewed in real time during a left-click drag workflow. This is disabled by default because it may promote undesirable meta-gaming behaviors.","Lorsque cette option est activée, la vision et l'éclairage d'un Token sont générées en temps réel lors d'une opération de glisser-déposer. Cette option est désactivée par défaut car elle peut occasionner des comportements indésirables de meta-jeu."
"Default Token Configuration","Configuration par défaut des tokens"
"Configure Default Token Settings","Configurer les paramètres par défaut des tokens"
"Configure default Token values for newly created Actors.","Configurer les valeurs par défaut des tokens pour les personnages nouvellement créés."
"Reset User role permission configuration to default values.","Réinitialiser les autorisations du rôle aux valeurs par défaut."
"Updated User role permission configuration.","Mettre à jour la configuration des autorisations des rôles."
"Core Software Version","Version du logiciel (core)"
"If an update to the core Foundry Virtual Tabletop software is available, you may apply it here. You are currently using version {coreVersion}.","Si une mise à jour du logiciel (core) de Foundry Virtual Tabletop est disponible, vous pouvez l'appliquer ici. Vous utilisez actuellement la version {coreVersion}."
"Default Language","Langue par défaut"
"You may choose a default language for the application by choosing a module which provides the core translation files for that language.","Vous pouvez choisir une langue par défaut pour l'application en choisissant un module qui fournit les fichiers de traduction de base pour cette langue."
"Software Configuration","Configuration du logiciel FVTT"
"You must install a game System before you can create a new World","Vous devez installer un système de jeu avant de pouvoir créer un nouveau monde."
"Software Update","Mise à jour de FoundryVTT"
"A {type} update to {channel} version {version} is now available!","Une mise à jour du core version {version} est disponible sur le canal {channel} !"
"Configuration","Configuration"
"These fields customize the behavior of the Foundry Virtual Tabletop application. Changes will require the server to restart.","Les paramètres suivants personnalisent le comportement de Foundry Virtual Tabletop. Les modifications nécessiteront le redémarrage du serveur."
"Optimize Static Files","Optimiser les fichiers statiques"
"Reduce network traffic by serving minified static JavaScript and CSS files. Enabling this setting is recommended for most users, but module developers may wish to disable it.","Réduire le trafic réseau en proposant des fichiers CSS et JavaScript minifiés. Option recommandée pour la plupart des joueurs. Les développeurs de modules peuvent vouloir la désactiver."
"Add-on Modules","Modules"
"Game Systems","Systèmes"
"Configuration and Setup","Configuration et Paramètres"
"Update Software","Mise à jour"
"Update System","Mise à jour du système"
"An update to the Core Software is available, Return to Setup in order to apply it!","Une mise à jour du logiciel de base (core) est disponible, retournez dans le menu principal, onglet mise à jour pour l'appliquer !"
"An update to the System is available, Return to Setup in order to apply it!","Une mise à jour du système est disponible, retournez dans le menu principal, onglet Systèmes pour l'appliquer !"
"Update All","Tout mettre à jour"
"Software Update Channel","Canal de mise à jour de FVTT"
"You may choose an update channel to control the types of updates you wish to receive for the core Foundry Virtual Tabletop software. If you do not have a specific reason to change this, it is recommended to consume the Release channel.","Vous pouvez choisir un canal de mise à jour en fonction du type de mises à jour que vous souhaitez recevoir pour Foundry Virtual Tabletop. Si vous n'avez pas de raison particulière de changer cela, il est recommandé de rester sur le canal de mise à jour 'release'."
"Update","Vérifier MàJ"
"Check For Update","Vérifier les mises à jour"
"Alpha (Unstable)","Alpha (Instable)"
"Beta (Release Candidate)","Beta (Release Candidate)"
"Release (Stable)","Release (Stable)"
"Checking the Force Update box will force your version to the requested channel. Do not use this option unless you know exactly what you are doing.","Si vous cochez la case ""Forcer la mise à jour"", votre version sera forcée en mise à jour sur le canal demandé. N'utilisez cette option que si vous savez exactement ce que vous faites."
"Uninstall","Désinstaller"
"Create World","Créer un Monde"
"Delete World","Supprimer"
"Edit World","Modifier"
"Launch World","Lancer"
"Game Worlds","Mondes"
"Requires Update","Mise à jour nécessaire"
"Requires System Update","Mise à jour du Système de Jeu nécessaire"
"Requires Dependency","Nécessite une (des) dépendance(s)"
"Requires Core Update","Nécessite une mise à jour du Core FVTT"
"Locking a Package prevents it from being uninstalled or updated","Le verrouillage d'un Package empêche qu'il soit désinstallé ou mis à jour"
"Updated version available at new installation URL","Mise à jour de l'URL d'installation"
"A newer version of ""{package}"" is available at a different installation URL. This happens when the package hosting location or the author has changed.","L'URL d'installation de ""{package}"" a été mise à jour. Cela se produit lorsque l'hébergement du source packagé ou l'auteur a changé."
"Prior Manifest URL (Version {version})","URL du manifest antérieur"
"Updated Manifest URL (Version {version})","URL du manifest mis à jour"
"Would you like to switch to the new manifest URL? (this is recommended)","Voulez-vous passer à la nouvelle URL du manifest ? (vivement recommandé)"
"Save Application Configuration","Sauvegarder la configuration"
"Modifying these configuration options will cause the server to be shut down and require that you restart the server manually. Do you wish to continue?","La modification de ces options de configuration entraînera l'arrêt du serveur et vous devrez le redémarrer. Souhaitez-vous continuer ?"
"The Foundry Virtual Tabletop server has been terminated to apply changes. You must restart manually.","Le serveur de Foundry Virtual Tabletop a été stoppé pour appliquer les changements. Vous devez le redémarrer."
"Current Version","Version actuelle"
"Force Update?","Forcer la màj"
"Compatibility Unknown","Compatibilité inconnue"
"Compatibility Risk","Risque de compatibilité"
"Compatibility Risk ({version})","Risque de compatibilité ({version})"
"Manifest URL"," URL du Manifest"
"You can install any package by providing a direct link to its JSON manifest URL.","Vous pouvez installer un package en fournissant un lien vers son manifest JSON."
"Install Module","Installer un Module"
"Install System","Installer un Système de jeu"
"{type} {name} was installed successfully","Le {type} {name} a été installé correctement"
"Installation failed: {message}","L'installation a échoué. {message}"
"Install World","Installer un Monde"
"uninstalled successfully","La désinstallation a réussie"
"Uninstallation failed","La désinstallation a échoué."
"updated successfully","La mise à jour a réussi"
"Update failed","La mise à jour a échoué."
"Loading Available Packages","Chargement des packages Disponibles"
"Filter Packages","Filtre"
"You can filter available packages by name.","Les packages disponibles peuvent être filtrés par leur nom ou par leur titre"
"Package Categories","Catégories de Packages"
"Installed","Installés"
"Not Owned","Non détenus"
"Package Name","Nom du Package"
"All Packages","Tous les Packages"
"Installed Only","Installés"
"Uninstalled Only","Disponibles"
"{title} has {number} dependencies which are not yet installed.","Le package que vous venez d'installer / mettre à jour nécessite {number} dépendance(s) qui n'est / ne sont pas présentes dans le répertoire FoundryVTT."
"Install Package Dependencies","Installer les dépendances du package"
"You may not be able to use this package if these dependencies are not present. Do you wish to install them automatically?","Vous ne serez peut-être pas en mesure d'utiliser ce package si ces dépendances ne sont pas présente. Souhaitez-vous les installer automatiquement ?"
"You have chosen not to install the required dependency packages for {title}. You will need to install them manually.","Vous avez choisi de ne pas installer les dépendances requises par {title}, vous devrez les installer manuellement pour pouvoir l'utiliser."
"Successfully installed {title} and {number} dependencies.","Installation de {title} et de {number} dépendances réussie."
"An update is available for {name} but cannot be installed because it requires core software version {vreq} and you are currently using version {vcur}.","Une mise à jour est disponible pour {name} mais ne peut être installée car elle nécessite la version de base du logiciel {vreq} et vous utilisez actuellement la version {vcur}."
"Delete {type}: {title}","Supprimer {type}: {title}"
"Are you sure you want to delete the {type} <strong>{title}</strong>?","Êtes-vous sûr de vouloir supprimer le {type} <strong>{title}</strong>?"
"<strong>Warning:</strong> This will permanently delete your world content and <strong>can not</strong> be un-done. Are you sure you wish to do this?</strong>.","<strong>Attention:</strong> Cela supprimera définitivement le contenu de votre monde et il <strong>ne pourra pas</strong> être restauré. Êtes-vous sûr de vouloir continuer ?</strong>."
"Type the exact title of your world <strong>{title}</strong> in the box below to proceed.","Tapez le titre exact de votre monde <strong>{titre}</strong> dans la case ci-dessous pour continuer."
"<strong>Warning:</strong> This operation cannot be un-done.","<strong>Attention:</strong> Cette opération ne pourra pas être annulée."
"You must enter the exact World name to confirm the deletion request.","Vous devez entrer le nom exact du monde pour confirmer la demande de suppression."
"Update","Vérifier les mises à jours"
"Blocked","Geler"
"Update","Mise à jour"
"Current","À jour"
"Updating","En cours"
"Updated","Mis à jour"
"Downloading Update","Téléchargement de la mise à jour"
"Download Complete","Téléchargement complet"
"Extracting Update","Extraction de la mise à jour"
"Extraction Complete","Extraction complète"
"Cleaning Directory","Nettoyage des fichiers"
"Cleaning Complete","Nettoyage complet"
"Installing Update","Installation de la mise à jour"
"Installation Complete","Installation complète"
"In order to update Foundry Virtual Tabletop you will need to be connected to the internet and have a valid software license.","Pour mettre à jour Foundry Virtual Tabletop, vous devez être connecté à internet et posséder une licence valide"
"This update is a new major version of the Foundry Virtual Tabletop software. Installing this update will require some installed modules which may not yet be compatible to be disabled.","Cette mise à jour est une nouvelle version majeure de Foundry Virtual Tabletop. Son installation nécessitera la désactivation de certains modules potentiellement incompatible sans mise à jour de ceux-ci."
"Download Update {version}","Télécharger la mise à jour {version}"
"An update to Foundry Virtual Tabletop version {version} is available!","une mise à jour de Foundry Virtual Tabletop en version {version} est disponible !"
"You are not allowed to update this instance of Foundry Virtual Tabletop because it was launched in --noupdate mode.","Vous n'êtes pas autorisé à mettre à jour cette instance de Foundry Virtual Tabletop car elle a été lancée en mode --noupdate."
"No software update is currently available on the requested update channel.","Aucune mise à jour du logiciel n'est actuellement disponible sur le canal de mise à jour demandé."
"Package Update Log","Log de mise à jour des Packages"
"Package","Packages"
"Version Change","Changement de version"
"World Data Migration Required","Migration des données du Monde requise"
"<p>Launching the world <strong>{world}</strong> will migrate its data model from an older core software version {oldVersion} to the currently installed version {newVersion}.</p><p>As part of this process, <strong>{nIncompatible} out of {nModules} installed modules</strong> which may not yet be compatible with the new version will be automatically disabled. You may re-enable them manually if you wish.</p><p>Please check for any available updates to your game systems and modules, and please be sure to periodically back up your critical world data. Would you like to proceed?</p>","<p>En chargeant le monde<strong>{world}</strong>, celui-ci va migrer son modèle de données d'une ancienne version du logiciel core-{oldVersion} vers la version core-{newVersion} actuellement installé.</p><p>Le processus va également désactiver <strong>{nIncompatible} des {nModules} modules installés </strong> qui pourraient ne pas encore être compatible avec cette nouvelle version. Vous pouvez les réactiver manuellement si vous le souhaitez.</p><p>Veuillez vérifier si des mises à jour sont disponibles pour vos systèmes et modules de jeu, et veillez à sauvegarder périodiquement vos données essentielles liées à votre monde. Souhaitez-vous continuer ?</p>"
"Foundry Virtual Tabletop &bull; Administrator Access","Foundry Virtual Tabletop &bull; Accès Administrateur"
"Administrator Password","Mot de passe Administrateur"
"You must provide the administrator password in order to access application setup.","Vous devez fournir le mot de passe Admininistrateur afin d'accéder à la configuration."
"You may assign a special administrator password which is required in order to access this setup screen.","Un mot de passe restreint l'accès à cet écran de configuration."
"Admin Log Out","Déconnection (Admin)"
"AWS Configuration Path","Chemin de Configuration AWS"
"You may provide an AWS configuration file for S3 integration. The path is absolute or relative to the Config subdirectory of user data.","Le chemin vers ce fichier de configuration AWS pour l'intégration S3 doit être absolu ou relatif au sous-répertoire 'Config' des données utilisateur."
"Port","Port"
"You may choose which port Foundry Virtual Tabletop uses for TCP connection traffic and enable or disable Universal Plug and Play (UPnP).","Foundry Virtual Tabletop utilise ce port pour le trafic de connexion TCP."
"Enable UPnP?","Activer UPnP ?"
"User Data Path","Chemin des données utilisateur"
"Configure the location where your user data including worlds, systems and modules are stored.","Endroit où sont stockées vos données d'utilisateur, y compris les mondes, les systèmes et les modules."
"Default World","Monde par défaut"
"You may choose one of your available worlds to automatically launch when the software is started.","Choisir un des mondes de jeu disponibles qui sera lancé automatiquement au démarrage du logiciel."
"SSL Certificate","Certificat SSL (Secure Socket Layer)"
"SSL Private Key","Clé privée SSL (Secure Socket Layer)"
"You may run the server using secure socket layer (SSL) encryption by providing paths to certificate and key files. Paths are absolute or relative to the Config subdirectory in user data.","Activer le SSL en fournissant les chemins d'accès aux fichiers de certificats et de clés. Ces chemins sont absolus ou relatifs au sous-répertoire Config dans les données utilisateur."
"JavaScript","JavaScript"
"CSS","CSS"
"Compendium","Compendium"
"Localization","Localisation"
"Version","Version"
"Core Version","Version du Core"
"Timed Out","Ne répond pas (expiration de l'attente)"
"Current Players","Joueurs présents"
"Join Game Session","Rejoindre la partie"
"Game Details","Détails de la Session"
"Return to Setup","Retour au menu d'accueil"
"World Description","Description du monde"
"Next Session","Prochaine partie"
"Select User","Sélectionner le Joueur"
"User Password","Mot de passe"
"You are authenticated as a server administrator user.","Vous êtes authentifié en tant qu'administrateur du serveur."
"The requested User, ""{user}"", does not exist!","Le joueur demandé, ""{user}"", n'existe pas !"
"Invalid password provided for {user}!","Mot de passe invalide pour {user}!"
"{user} does not have permission to access this World!","{user} n'a pas la permission d'accéder à ce monde !"
"Login as {user} successful, joining game!","Connexion en tant que {utilisateur} réussie, chargement du monde !"
"This Sheet","Cette feuille de personnage"
"Default Sheet","Feuille de personnage par défaut"
"Override which sheet type you would like to use for this specific entity.","Remplacer avec une feuille de personnage type pour ce personnage."
"Set the default sheet type used for this entity type (GM Only).","Définir la feuille de personnage type pour ce personnage (réservé au MJ)."
"You do not have sufficient permissions to view this entity sheet.","Vous n'avez pas les droits suffisants pour voir cette feuille de personnage."
"Save Sheet Configuration","Sauver la configuration de la feuille"
"View Character Artwork","Voir l'image du Personnage"
"Collapse or Expand","Réduire ou étendre"
"Delete","Supprimer"
"Duplicate","Dupliquer"
"Export Data","Exporter Données"
"Ambient Sound Configuration","Configuration de l'ambiance sonore"
"Configure the ambient sound to play an audio file when tokens move within it's radius.","Configurer l'ambiance sonore à diffuser lorsque des tokens rentrent dans son rayon."
"Create Ambient Sound","Créer une ambiance sonore"
"Update Ambient Sound","Mettre à jour l'ambiance"
"Source File Path","Chemin vers le fichier source"
"path/to/audio.mp3","arborescence/vers/audio.mp3"
"Effect Radius","Rayon sonore"
"Sound Type","Type de son"
"Local Sound","Ambiance locale"
"Global Sound","Ambiance globale"
"Volume Easing","Atténuation du volume"
"Adjust the volume level of the sound as Tokens move closer to the origin.","Ajustement du volume sonore de l'ambiance en fonction de la distance du token par rapport à la source."
"Maximum Volume","Volume maximal"
"Define the maximum volume of the sound at it's origin point (if easing) or everywhere in the area.","Volume maximal de l'ambiance sonore à son point d'origine si l'atténuation est activée ou partout dans la zone dans le cas contraire."
"New Sound","Nouveau son"
"Darkness Activation Range","Portée d'activation de l'obscurité"
"You may specify a range of darkness levels during which this ambient sound will be audible.","Vous pouvez spécifier une portée d'activation due à l'obscurité pour laquelle ce son ambiant sera audible."
"Clear Folder","Effacer le Dossier"
"Folder Color","Couleur du Dossier"
"Create Folder","Créer un Dossier"
"Collapse All Folders","Réduire tous les Dossiers"
"Delete All","Supprimer TOUT"
"This folder and its contents will be permanently deleted and cannot be recovered.","Ce dossier et son contenu seront définitivement supprimés et ne pourront pas être récupérés."
"Edit Folder","Éditer le Dossier"
"Export to Compendium","Exporter vers le Compendium"
"Folder Name","Nom du Dossier"
"Remove Folder","Supprimer le Dossier"
"Alphabetical","Alphabétique"
"Manual","Manuel"
"Sorting Mode","Tri"
"Update Folder","Mettre à jour le Dossier"
"Export Content","Exporter"
"You may export contained entities from this folder into an unlocked Compendium pack of the appropriate type.","Vous pouvez exporter les entités contenues dans ce dossier vers un Compendium débloqué du type approprié."
"Destination Pack","Compendium de Destination "
"Merge By Name?","Fusionner par le nom ?"
"There are no unlocked compendium packs available for {type} entities which you can export to.","Il n'y a pas de compendium débloqués disponibles pour les entités {type} vers lesquelles vous voulez exporter."
"Create Rollable Table","Créer une table aléatoire"
"Create a new Rollable Table entity using the contents of this Folder as table results?","Créer une nouvelle table aléatoire en utilisant le contenu de ce dossier comme résultat de la table ?"
"None","Aucun"
"Limited","Limité"
"Observer","Observateur"
"Owner","Propriétaire"
"Default","Par défaut"
"No Change","Pas de changement"
"All Players","Tous les joueurs"
"Configure Permissions","Configurer les Droits"
"Open Permission Configuration","Ouvrir la Configuration des droits"
"Fine tune the permitted actions which are allowed to Users for each role.","Ajuster les actions permises aux utilisateurs pour chaque rôle."
"Permission Configuration","Configuration des Droits"
"Configure which User role has permission to perform which action. Note that some actions cannot be disabled for Game Master users. Some changes may not take effect until the game is reloaded.","Configurer quel rôle a la permission d'effectuer quelle action. Certaines actions ne peuvent pas être désactivées pour les utilisateurs de rôle Maître du Jeu (GameMaster). Certaines modifications peuvent ne pas prendre effet avant que le jeu ne soit rechargé."
"Configure access for all Entities within this Folder. Changes will be applied to all contained Entities, excluding the contents of sub-folders.","Configurez l'accès pour toutes les entités de ce dossier. Les modifications seront appliquées à toutes les entités contenues, à l'exclusion du contenu des sous-dossiers."
"Configure access to this specific Entity, allowing each User to be assigned a different level of visibility.","Configurer l'accès à cette entité spécifique, en permettant à chaque utilisateur de se voir attribuer un niveau de visibilité différent"
"Permission","Droit"
"User Role Permissions","Droits attachés aux différents rôles"
"Reset Defaults","Réinitialiser"
"Save Configuration","Sauvegarder"
"Allow Broadcasting Audio","Autoriser la diffusion Audio"
"Allow players with this role to broadcast audio when using A/V chat integration.","Permettre aux joueurs ayant ce rôle de diffuser de l'audio lorsqu'ils utilisent l'intégration du chat A/V."
"Allow Broadcasting Video","Autoriser la diffusion Video"
"Allow players with this role to broadcast video when using A/V chat integration.","Permettre aux joueurs ayant ce rôle de diffuser de la video lorsqu'ils utilisent l'intégration du chat A/V.."
"Create New Actors","Créer de nouveaux Personnages"
"Allow players with this role to create new Actors in the World.","Permettre aux joueurs ayant ce rôle de créer de nouveaux personnages dans le monde."
"Use Drawing Tools","Utiliser les outils de dessin"
"Allow players with this role to create Drawings using the drawing tools.","Permettre aux joueurs ayant ce rôle de créer des dessins en utilisant les outils de dessin."
"Create New Items","Créer de nouveaux Objets"
"Allow players with this role to create new Items in the World.","Permettre aux joueurs ayant ce rôle de créer de nouveaux objets dans le monde."
"Use File Browser","Parcourir l'explorateur de fichiers"
"Allow players with this role to browse through available files in the File Browser.","Permettre aux joueurs ayant ce rôle de parcourir les fichiers disponibles dans l'explorateur de fichiers."
"Upload New Files","Télécharger de nouveaux fichiers"
"Allow players with this role to upload content to the server using the File Browser.","Permettre aux joueurs ayant ce rôle de télécharger du contenu SUR le serveur à l'aide de l'explorateur de fichiers"
"Create Journal Entries","Créer de nouveaux Articles"
"Allow players with this role to create new Journal Entries in the Journal sidebar.","Permettre aux joueurs ayant ce rôle de créer de nouveaux articles dans la barre latérale du journal."
"Use Script Macros","Autoriser les Macros scriptée"
"Allow players with this role to use JavaScript macros which access the API.","Permettre aux joueurs ayant ce rôle d'utiliser des macros JavaScript qui accèdent à l'API."
"Whisper Private Messages","Chuchoter des messages privés"
"Allow players with this role whisper private messages that the Game Master cannot see.","Permettre aux joueurs ayant ce rôle de chuchoter des messages privés que le maître de jeu ne peut pas voir."
"Create Map Notes","Créer des notes sur les scènes"
"Allow users with this role to create Note objects from Journal Entries which they own.","Permettre aux joueurs ayant ce rôle de créer des notes à partir des articles dont ils sont propriétaires."
"Modify Configuration Settings","Modifier les paramètres de configuration"
"Allow players with this role to modify game settings and enable or disable modules.","Permettre aux joueurs ayant ce rôle de modifier les paramètres du jeu et d'activer ou de désactiver des modules."
"Display Mouse Cursor","Afficher le curseur de la souris"
"Display the position of the player's mouse cursor which illustrates where the user is looking on the canvas.","Afficher la position du curseur de la souris du joueur quand celui-ci est sur la scène active"
"Display Ruler Measurement","Afficher la règle de mesure des distances"
"Display measurement using the ruler tool to other connected players.","Afficher pour les autres joueurs connectés les mesures de distances à l'aide de la règle ."
"Create Measured Template","Créer de nouveaux Gabarits"
"Allow players with this role to create templates for area-of-effect measurement.","Permettre aux joueurs ayant ce rôle de créer des gabarits pour mesurer les zones d'effets."
"Create New Tokens","Créer de nouveaux Tokens"
"Allow players with this role to place Tokens for Actors they own on the game canvas.","Permettre aux joueurs ayant ce rôle de placer des Tokens pour les personnages qu'ils possèdent sur la scène."
"Configure Token Settings","Configurer les paramètres du Token"
"Allow players with this role to configure the settings for Tokens that they own.","Permettre aux joueurs ayant ce rôle de configurer les paramètres des tokens qu'ils possèdent."
"Open and Close Doors","Ouvrir et fermer les portes"
"Allow players with this role interact with doors defined on the Walls Layer.","Permettre aux joueurs ayant ce rôle d'interagir avec les portes (définies sur le calque des murs)."
"Import Data","Importer Données"
"Create Scene","Créer une Scène"
"Search Scenes","Chercher une Scène"
"Chat Log","Conversation"
"Combat Tracker","Suivi des combats"
"Scenes Directory","Scènes"
"Actors Directory","Personnages"
"Items Directory","Objets"
"Journal Entries","Articles"
"Audio Playlists","Playlists"
"Compendium Packs","Compendium"
"Game Settings","Paramètres"
"Rollable Tables","Tables Aléatoires"
"View Token Artwork","Voir l'image du Token"
"Jump To Pin","Aller à l'épingle"
"Animate Roll Tables?","Animation des tables aléatoires"
"Configure whether to display a roulette-style animation when drawing from a Roll Table.","Un lancer sur une table aléatoire affiche une animation de style 'roulette'"
"Create Table","Créer une Table"
"Table Description","Description de la Table"
"Display Roll to Chat?","Afficher le jet dans le fil de discussion"
"Roll Table Formula","Formule du jet de dé"
"Search Tables","Chercher une table"
"Table Configuration","Configuration de la table aléatoire"
"Normalize Result Weights","Normaliser le poids des résultats"
"Draw with Replacement?","Relancer sur toute la table (sinon les résultats précédents sont retirés)"
"Reset","Réinitialiser"
"Add New Result","Ajouter un nouveau Résultat"
"Result Type","Type de Résultat"
"Result Details","Détail du Résultat"
"Result Description","Description du Résultat"
"Delete Result","Supprimer le Résultat"
"Weight","Poids"
"Range","Intervalle"
"Roll","Lancer"
"Toggle Drawn Status","Retirer des résultats possibles"
"Update","Mettre à jour"
"Cone Template Type","Type de gabarit Cône"
"Choose how the area of effect for cone templates should be defined.","Définit la zone d'effet pour les gabarits en cône."
"Flat","Plat"
"Round","Rond"
"Tile Configuration","Configuration de la tuile"
"Basic","Général"
"Configure this tile sprite which is displayed above the Scene background.","Configuration de la tuile affichée au-dessus de l'arrière-plan de la scène."
"Overhead","Transparence"
"Additional attributes which apply if the Tile is overhead in the Foreground.","Configuration complémentaire si la tuile est en surimpression au premier plan."
"Animation","Animation"
"Additional attributes which apply if the Tile uses an animated video texture.","Configuration complémentaire si la Tuile est une vidéo."
"Tile Image or Video","Image ou Video"
"Tile Opacity","Opacité de la tuile"
"Tint Color","Couleur de la teinte"
"Is Overhead?","Est-elle transparente ?"
"Occlusion Mode","Mode d'occultation"
"None (Always Visible)","Aucun (toujours visible)"
"Fade (Entire Tile)","Fondu (Tuile complète)"
"Roof (Blocks Vision and Lighting)","Toit (Affecte la vision et la vue)"
"Radial (Surrounding Token)","Radial (Surrounding Token)"
"Occlusion Alpha","Alpha (occultation)"
"Loop Video","Vidéo en boucle"
"Autoplay Video","Lecture automatique de la vidéo"
"Video Volume","Volume de la vidéo"
"Assign Token","Assigner le Token"
"You must select one existing Token to assign as the new prototype configuration.","Vous devez sélectionner un token existant pour l'attribuer comme nouvelle configuration du prototype."
"Updated prototype Token configuration for {name}","Mise à jour du prototype de configuration des tokens pour {name}"
"Attribute Bars","Barres d'attributs"
"Single Values","Valeurs Individuelles"
"Represented Actor","Personnage représenté"
"Token Disposition","Disposition du Token"
"Configure which Actor this Token is associated with.","Définir le Personnage lié à ce Token."
"Link Actor Data","Lié au Personnage"
"Token Name","Plaque d'identification"
"Display Name","Montrer la plaque d'identification"
"Alternate Actor Tokens","Alterner les Tokens du Personnage"
"Configure the Token image and its displayed size and scale.","Configurer l'image du Token, sa taille ainsi que son échelle."
"Token Image Path","Image du Token"
"Mirror Image Horizontally","Symétrie Horizontale"
"Mirror Image Vertically","Symétrie Verticale"
"Token Opacity","Opacité du token"
"Configure the Token's position, orientation, and elevation.","Configurer la position, l'orientation et l'élévation du Token"
"Lock Rotation","Verrouiller la rotation"
"Randomize Wildcard Images","Choisir aléatoirement une image"
"Configure the resource bars which are tracked for the Token.","Configurer les barres de ressources suivies pour le Token."
"Bar 1 Attribute","Attribut de la barre 1"
"Bar 1 Data","Valeur de la barre 1"
"Bar 2 Attribute","Attribut de la barre 2"
"Bar 2 Data","Valeur de la barre 2"
"Display Bars","Afficher les barres"
"Token Configuration","Configuration du Token"
"Prototype Token","Configuration du Prototype de(s) Token(s)"
"Tint Color","Teinte"
"Update Token","Mettre à jour le Token"
"Configure the vision capability and light emission of this Token.","Configurer le champ de vision et l'émission de lumière de ce Token."
"Has Vision","Peut voir"
"Bright Vision","Vision normale"
"Dim Vision","Vision réduite"
"Sight Angle","Angle de vue"
"This Token references an Actor which no longer exists within the World.","Ce Token référence un Personnage qui n'existe plus dans ce Monde."
"You do not own any Token with vision in this Scene","Vous ne possédez aucun Token avec de la ""vision"" sur cette scène"
"Hostile","Hostile"
"Neutral","Neutre"
"Friendly","Amical"
"Never Displayed","Jamais affiché"
"When Controlled","Lorsqu'il est contrôlé"
"Hovered by Owner","Survolé par le propriétaire"
"Hovered by Anyone","Survolé par n'importe qui"
"Always for Owner","Toujours pour le propriétaire"
"Always for Everyone","Toujours pour tout le monde"
"None","Aucun"
"Player","Joueur (Player)"
"Trusted Player","Joueur de confiance (Trusted Player)"
"Assistant GM","Assistant MJ (Assistant GM)"
"Game Master","Maître du Jeu (Game Master)"
"Password","Code d'accès"
"User Role","Rôle du Joueur"
"User Name","Nom du Joueur"
"Show Password","Voir le code d'accès"
"Create Additional User","Ajouter un Joueur"
"Delete User","Supprimer le Joueur"
"Save and Return","Lancer la session de jeu"
"User Management","Gestion des Joueurs"
"Game users updated successfully, returning to the game World.","Mise à jour des Joueurs réussie, retour au Monde de jeu."
"You must have at least one Game Master user within your World.","Vous devez avoir au moins un Maître de Jeu (Game Master) de configuré pour votre Monde."
"This user will be permanently deleted from the game world.","Ce joueur sera définitivement supprimé de l'univers du jeu."
"You are about to delete a Game Master user!","Vous êtes sur le point de supprimer un Maître du Jeu !"
"Wall Configuration","Configuration du Mur"
"Wall Configuration [Multiple]","Configuration des Murs[Multiple]"
"Customize how this wall segment restricts movement or senses.","Définir les règles d'obstruction du Mur pour la Vision et le mouvement"
"Wall Coordinates","Coordonnées du Mur"
"Movement Restrictions","Obstruction du Mouvement"
"Sight Restriction","Restriction du champ de vision"
"Sound Restriction","Restriction du champ sonore"
"Wall Direction","Direction du Mur"
"Is Door?","Porte"
"Door State","État de la Porte"
"Update Wall","Mettre à jour le Mur"
"World Details","Details du Monde"
"World Description","Description du Monde"
"Audio/Video Configuration","Configuration Audio/Video"
"Configure Audio/Video","Configurer Audio/Video"
"Configure settings specific to the integrated Audio/Video WebRTC component","Configurer les paramètres spécifiques de la solution WebRTC intégrée d'Audio/Vidéo"
"<Unknown Device>","<Périphérique inconnu>"
"Video Capture Device","Périphérique de capture vidéo"
"Select which video capture device you wish to use, if any.","Sélectionner le périphérique de capture vidéo souhaité, le cas échéant."
"Audio Capture Device","Périphérique de capture audio"
"Select which audio capture device you wish to use, if any.","Sélectionner le périphérique de capture audio souhaité, le cas échéant."
"Audio Output Device","Périphérique de sortie audio"
"Select which audio output device you wish to use.","Sélectionner le périphérique de sortie audio souhaité."
"Audio/Video communication was unable to start because one of the configured input devices was unavailable.","La communication audio/video n'a pas pû demarrer car un des périphérique d'entrée sélectionnés n'était pas disponible."
"Disable Sending Camera","Désactiver la diffusion vidéo"
"Disable Sending Audio","Désactiver la diffusion audio"
"Disable Audio Output","Désactiver la sortie audio"
"Default Device","Périphérique par défaut"
"Unavailable Device (will use Default)","Périphérique indisponible (utilisé par défaut)"
"Choose Signalling Server","Choisir le serveur de mise en relation (signaling server)"
"Signalling Server URL","URL du serveur de mise en relation (signaling server)"
"Foundry VTT","Foundry VTT"
"Custom Server","Serveur personnalisé"
"Signalling Server Username","Nom d'utilisateur du serveur de mise en relation (signaling server)"
"Signalling Server Password","Mot de passe du serveur de mise en relation (signaling server)"
"Relay Server Configuration","Configuration du serveur relais"
"Provided by Signalling Server","Fourni par le serveur de mise en relation (signaling server)"
"Custom Relay Server","Serveur de relais (relay server) personnalisé"
"Relay Server URL","URL du serveur de relais (relay server)"
"Relay Server Username","Nom d'utilisateur du serveur de relais (relay server)"
"Relay Server Password","Mot de passe du serveur de relais (relay server)"
"General","Général"
"Devices","Périphériques"
"Server","Serveur"
"General Audio/Video Conferencing Settings can only be modified by the GM","Les paramètres généraux audio/vidéo de la conférence ne peuvent être modifiés que par le MJ."
"Audio/Video Conferencing Mode","Mode de conférence audio/vidéo"
"Only a Game Master user may change this setting, which will require Foundry VTT to reload.","Seul un utilisateur Maître du Jeu (MJ) peut modifier ce paramètre, ce qui nécessitera le rechargement de Foundry VTT."
"Toggle video","Basculer la vidéo"
"Configure Settings","Paramétrer"
"Send to Dock","Réinitialiser (fenêtre attachée au dock en bas à gauche)"
"Pop out","Fenêtre flottante"
"Push-to-Talk/Mute Key","Touche Appuyer pour parler/couper le son"
"Assign a keyboard key which, in PTT mode, enables voice while held. If not in PTT mode, the same key mutes while pressed.","Avec le mode Appuyer pour parler (push-to-talk), cette touche permet d'activer la voix lorsqu'elle est maintenue enfoncée. Si le mode n'est pas en Appuyer pour parler (push-to-talk), la même touche coupe le son lorsqu'elle est enfoncée."
"Voice Broadcasting Mode","Mode de capture de la voix"
"Choose how your voice is broadcast in AV calls.","Choisir comment votre voix est diffusée dans les appels AV."
"Allow User Video","Autoriser la vidéo de l'utilisateur"
"Block User Video","Bloquer la vidéo de l'utilisateur"
"Allow User Audio","Autoriser l'audio utilisateur"
"Block User Audio","Bloquer l'audio de l'utilisateur"
"Enable Your Video","Activer la vidéo"
"Disable Your Video","Désactiver la vidéo"
"Enable Your Audio","Activer l'Audio"
"Mute Your Audio","Couper l'Audio"
"Mute Others' Audio","Désactiver le son pour les autres"
"Unmute Others' Audio","Désactiver la coupure du son pour les autres personnes"
"Show Players List","Afficher la liste des Joueurs"
"Hide Players List","Masquer la liste des Joueurs"
"Cycle Video Size","Modifier la taille de la vidéo"
"Unable to capture from your Audio devices; Sharing Video only","Impossible de capturer à partir de vos périphériques audio ; Partage de vidéo uniquement"
"Unable to capture from your Video devices; Sharing Audio only","Impossible de capturer à partir de vos périphériques vidéo ; Partage audio uniquement"
"Unable to capture from your Audio & Video devices","Impossible de capturer à partir de vos appareils audio et vidéo"
"Unable to capture from your Video devices","Impossible de capturer à partir de vos périphériques vidéo"
"Unable to capture from your Audio devices","Impossible de capturer à partir de vos périphériques audio"
"Error connection to Audio/Video Signalling Server","Erreur de connexion au serveur de mise en relation (signalling server) audio/vidéo"
"Lost connection to the Audio/Video Signalling server. Trying to re-establish connection.","Connexion perdue au serveur de mise en relation (signalling server) audio/vidéo. Tentative de rétablir la connexion."
"WebRTC Error : ","Erreur WebRTC : "
"You cannot use Audio/Video calls unless your Foundry VTT server is using SSL certificates. See the online documentation for instructions.","Impossible d'utiliser les appels Audio/Vidéo, les certificats SSL ne sont pas configurés correctement sur le serveur FoundryVTT. Voir la documentation en ligne pour les instructions."
"You cannot enable your camera because you do not have permission to broadcast your video feed.","Vous ne pouvez pas activer votre caméra car vous ne disposez pas des droits suffisants pour diffuser votre flux vidéo."
"You cannot enable your microphone because you do not have permission to broadcast your audio feed.","Vous ne pouvez pas activer votre microphone car vous ne disposez pas des droits suffisants pour diffuser votre flux audio."
"World Title","Titre du Monde"
"Data Path","Chemin des données"
"Game System","Système de Jeu"
"Background Image","Image d'accueil"
"Next Session","Prochaine partie"
"Reset Active Modules","Réinitialisation des modules actifs"
"Reset User Passwords","Réinitialisation des mots de passe des utilisateurs"
"Launch in Safe Configuration","Lancement en mode sans échec"
"Disables all modules and active scenes, and stops any playing audio","Désactive tous les modules et les scènes actives, et arrête toute lecture audio"
"World Description","Description du Monde"