"en","it"
"Activate","Attiva"
"Angle","Angolo"
"Author","Autore"
"Are You Sure?","Sei sicuro?"
"and","e"
"Between","Tra"
"Cancel","Annulla"
"Character","Personaggio"
"Configure","Configura"
"Command","Comando"
"Close","Chiudi"
"Degrees","Gradi"
"Default","Predefinito"
"Delete","Elimina"
"Description","Descrizione"
"Distance","Distanza"
"Direction","Direzione"
"Documentation","Documentazione"
"Duplicate","Duplica"
"Error","Errore"
"Grid Units","Unità Griglia"
"Install","Installazione"
"Elevation","Elevazione"
"Foundry Virtual Tabletop","Foundry Virtual Tabletop"
"File Path","Percorso File"
"Height","Altezza"
"Hidden","Nascosto"
"Hold","Tieni premuto"
" Name"," Nome"
"No","No"
"Notes","Note"
"Preload","Precaricamento"
"Token","Token"
"Minimum","Minimo"
"Maximum","Massimo"
"Image","Immagine"
"None","Nessuno"
"Path","Percorso"
"Packs","Pacchetto"
"Permissions","Permessi"
"Position","Posizione"
"Pixels","Pixels"
"Ratio","Rapporto"
"Resources","Risorse"
"Result","Risultato"
"Rotation","Rotazione"
"Roll Formula","Formula per il Tiro"
"Commit Changes","Conferma modifiche"
"Reset Changes","Ripristina modifiche"
"Save Changes","Salva Le Modifiche"
"Scale","Scala"
"Scope","Ambito"
"Seconds","Secondi"
"Sheet","Scheda"
"System","Sistema"
"Software","Software"
"Template","Modello"
"Type","Tipo"
"Uninstall","Disinstalla"
"Update","Aggiorna"
"URL","URL"
"Vision","Vista"
"Warning","Attenzione"
"Width","Larghezza"
"X-Coordinate","Coordinate X"
"Y-Coordinate","Coordinate Y"
"Yes","Si"
"Actors Directory","Elenco Personaggi"
"Create Actor","Nuovo PG/PNG"
"Search Actors","Ricerca Personaggi"
"Are you sure you want to exit the Foundry Virtual Tabletop game?","Sei sicuro di voler uscire da Foundry Virtual Tabletop?"
"Clear Chat Log","Pulisci Chat"
"Export Chat Log","Esporta Chat"
"Flush Chat Log","Invia Chat"
"All messages within the chat log will be permanently deleted.","Tutti i messaggi della chat verranno eliminati definitivamente."
"{command} is not a valid chat message command.","{command} non è un comando chat valido."
"Chat Log","Chat"
"To","A"
"Pop Out Message","Mostra Messaggio"
"Reveal To Everyone","Rivela a tutti"
"Make Private","Nascondi"
"Blind GM Roll","Tiro Nascosto (DM)"
"Default Roll Mode","Modalità Predefinita Tiro"
"Public Roll","Tiro Pubblico"
"Private GM Roll","Tiro Privato (DM)"
"Self Roll","Tiro Personale"
"Rollable Tables","Tabelle"
"{user} privately rolled some dice","{user} ha tirato dei dadi in privato"
"Begin Combat","Inizia Combattimento"
"Create Encounter","Nuovo Incontro"
"Delete Encounter","Elimina Incontro"
"Encounter","Incontro"
"Activate Previous Encounter","Attiva Incontro Precedente"
"Activate Next Encounter","Attiva Incontro Successivo"
"End Combat","Termina Combattimento"
"Roll Initiative","Tiro Per l'Iniziativa"
"Reset Initiative","Ripristina Iniziativa"
"End Combat Encounter?","Terminare Incontro di Combattimento?"
"End this combat encounter and empty the turn tracker?","Terminare l'incontro di combattimento corrente e azzerare l'indicatore dei turni?"
"No Active Encounter","Nessun Incontro"
"There is no active Combat Encounter in your currently viewed Scene.","Non ci sono incontri attivi nella scena attualmente visualizzata."
"There are no Combatants remaining in this Encounter which are not defeated.","In questo incontro non son rimasti combattenti non sconfitti."
"Not Started","Non Iniziato"
"Tracked Resource","Risorsa Tracciata"
"Choose an attribute to track for each combatant.","Scegli un attributo da tracciare per ogni combattente."
"Round","Round"
"Rounds","Rounds"
"Previous Round","Round Precedente"
"Next Round","Round Successivo"
"Roll NPCs","Tiro Iniziativa PNG"
"Roll All","Tiro Iniziativa per tutti"
"{name} rolls for Initiative!","{name} tira per l'iniziativa!"
"Combat Tracker Settings","Impostazioni Combat Tracker"
"Save Tracker Settings","Salva Impostazioni Tracker"
"Skip Defeated?","Salta gli sconfitti?"
"Automatically bypass combatants marked as defeated?","Bypassare automaticamente i combattenti contrassegnati come sconfitti?"
"Toggle Visibility","Attiva/disattiva visibilità"
"Mark Defeated","Contrassegna Sconfitti"
"Turn","Turno"
"Turns","Turni"
"End Turn","Fine Turno"
"Next Turn","Turno Successivo"
"Previous Turn","Turno Precedente"
"Unknown Combatant","Combattente Sconosciuto"
"Represented Actor","Personaggio Rappresentato"
"Create Combatant","Crea Combattente"
"Defeated","Sconfitto"
"Hidden","Nascosto"
"Thumbnail Image","Miniatura Immagine"
"Initiative Value","Valore Iniziativa"
"Combatant Status","Stato Combattente"
"Update Combatant","Aggiorna Combattente"
"Displayed Name","Nome Visualizzato"
"Remove Combatant","Rimuovi Combattente"
"Clear Initiative","Azzera Iniziativa"
"Re-roll Initiative","Ri-tira Iniziativa"
"Represented Token","Token Rappresentato"
"The Combatant {name} is not present in your currently viewed Scene","Il Combattente {name} non è presente nella scena attualmente visualizzata"
"Compendium Name","Nome Compendium"
"Create Compendium","Nuovo Compendium"
"Create a new Compendium pack in your current World.","Crea un nuovo Compendium nell'attuale Mondo Di Gioco."
"Delete Compendium","Elimina Compendium"
"This Compendium Pack will be permanently deleted and cannot be recovered.","Questo Compendium verrà eliminato definitivamente e non potrà essere recuperato."
"Delete Entry","Elimina Voce"
"This Compendium entry and its data will be permanently deleted.","Questa voce del Compendium e i suoi dati verranno eliminati definitivamente."
"Duplicate Compendium","Duplica Compendium"
"New Compendium Title","Nuovo Titolo del Compendium"
"You may duplicate this compendium into your World to have a local copy of its content which is safe to edit.","E’ possibile duplicare questo compendio nel tuo mondo per averne una copia locale e modificarne in modo sicuro il suo contenuto."
"You must provide a title to create a World Compendium pack.","Devi fornire un titolo per creare un Compendium.."
"Import All Content","Importa Tutto il Contenuto"
"All of the content from this Compendium pack will be imported into your World to a Folder which you may name.","Tutto il contenuto di questo Compendium verrà importato nel tuo mondo in una cartella che portai poi rinominare."
"Importing {number} {type} entries into the {folder} folder. Please be patient.","Importazione di {number} {type} voci nella cartella {folder}. Per favore sii paziente."
"Successfully imported {number} {type} entries into the {folder} folder.","{nuber} {type} voci importate correttamente nella cartella {folder}."
"Import Entry","Importa Voce"
"Document Type","Tipo Documento"
"Each Compendium pack contains a specific type of Document.","Ogni Compendium contiene un tipo specifico di Documento."
"Toggle Visibility","abilita/disabilita visibilità"
"Toggle Edit Lock","abilita/disabilita blocco modifica"
"You are attempting to unlock for editing a compendium that does not belong to this World. Any changes you make in this compendium pack may be lost if the system or module which owns it is updated. You may wish to duplicate the compendium to your world instead. Do you wish to proceed?","Stai tentando di sbloccare un compendium che non appartiene a questo mondo per modificarlo. Eventuali modifiche apportate a questo compendium potrebbero andare perse se il sistema o il modulo proprietario lo aggiorna. Potresti invece duplicare il compendium nel tuo mondo. Desideri procedere?"
"Game Controls Reference","Elenco Controlli di Gioco"
"This form describes common keyboard and mouse commands used to control various aspects of the Foundry Virtual Tabletop environment. Some controls are only available to a Game Master user, those are highlighted in light purple.","Questo elenco descrive i comandi comuni della tastiera e del mouse utilizzati per controllare vari aspetti dell'ambiente Foundry Virtual Tabletop. Alcuni controlli sono disponibili solo per l'utente Game Master, evidenziati in viola chiaro."
"Token Controls","Controlli Token"
"Select Tokens","Seleziona Tokens"
"Select Targets","Seleziona Obiettivi"
"Measure Distance","Misura Distanza"
"Measurement Controls","Controlli di Misurazione"
"Template Type","Tipo Modello"
"Border Color","Colore Bordo"
"Configure the placement and display of the measurement template.","Configura il posizionamento e la visualizzazione del modello di misurazione."
"Circle Template","Modello Cerchio"
"Cone Template","Modello Cono"
"Rectangle Template","Modello Rettangolo"
"Ray Template","Modello Raggio"
"Clear Templates","Cancella Modelli"
"Template Texture","Texture Modello"
"Tile Controls","Controlli Oggetto"
"Select Tiles","Seleziona Oggetti"
"Place Tile","Posiziona Oggetto"
"Foreground Layer","Livello in Primo Piano"
"Tile Browser","Tile Browser"
"Drawing Tools","Strumenti di Disegno"
"Select Drawings","Seleziona Disegno"
"Draw Rectangle","Rettangolo"
"Draw Ellipse","Ellisse"
"Draw Polygon","Poligono"
"Draw Freehand","Mano Libera"
"Draw Text","Testo"
"Clear Drawings","Cancella Disegni"
"Configure Drawing","Configura Disegni"
"Wall Controls","Controlli Mura"
"Draw Walls","Disegna Mura"
"Invisible Walls","Mura Invisibili"
"Terrain Walls","Mura Terreno"
"Ethereal Walls","Mura Eteree"
"Draw Doors","Posiziona Porta"
"Secret Doors","Porta Segreta"
"Rectangular Select Walls","Selezione Rettangolare Mura"
"Force Snap to Grid","Forza Allinea a Griglia"
"Clone Walls","Clona Porte"
"Clear Walls","Cancella Porte"
"Lighting Controls","Controlli Illuminazione"
"Draw Light Source","Posiziona Sorgente di Luce"
"Clear Lights","Rimuovi Luci"
"Reset Fog of War","Azzera Nebbia di Guerra"
"Transition to Daylight","Transizione alla luce del giorno"
"Transition to Darkness","Transizione all'oscurità"
"Reset Fog of War Exploration?","Azzerare l'esplorazione effettuata mediante Nebbia di Guerra?"
"This will reset fog of war for this Scene for all players.","Verrà azzerata la Nebbia di Guerra per questa Scene per tutti i giocatori."
"Ambient Sound Controls","Controlli Suoni Ambientali"
"Draw Ambient Sound","Posiziona Suono Ambientale"
"Preview Ambient Sounds","Anteprima Suoni Ambientali"
"Clear Sounds","Rimuovi Suoni"
"Journal Notes","Annotazioni"
"Select Notes","Seleziona Annotazione"
"Toggle Notes Display","Attiva/Disattiva Visualizzazione Annotazioni"
"Clear Notes","Rimuovi Annotazione"
"Clear All Objects","Cancella tutti gli Oggetti"
"Permanently delete all {type} objects from this Scene?","Eliminare definitivamente tutti gli oggetti {type} da questa scena?"
"General Game Controls","Controlli Di Gioco Generali"
"These controls generally apply across all aspects of Foundry functionality.","I controlli seguenti sono generalmente applicabili nei vari aspetti delle funzionalità di Foundry."
"Canvas Layer Controls","Controlli Livello Area di Gioco"
"These controls apply when interacting with a specific Canvas layer.","Questi controlli sono applicabili quando si interagisce con uno specifico livello dell'Area di Gioco"
"Placeable Object Controls","Controlli Oggetti Posizionabili"
"These controls apply when interacting with an Object placed on the Canvas.","Questi controlli sono applicabili quando si interagisce con un oggetto posizionato nell'Area di Gioco."
"Specialized Controls","Controlli Specializzati"
"These controls apply only during specific interactions.","Questi controlli sono applicabili solo durante specifiche interazioni."
"Mouse Controls","Controlli Mouse"
"Keyboard Controls","Controlli Tastiera"
"Toggle Main Menu","Attiva/Disattiva il Menu Principale"
"Close Open Windows","Chiudi le Finestre Aperte"
"Toggle Game Pause","Attiva/Disattiva la Pausa di Gioco"
"Cancel Pending Move","Annulla la Mossa in Sospeso"
"Move Object","Muovi gli Oggetti"
"Pan Canvas","Ruota Area di Gioco"
"Select Object","Seleziona gli Oggetti"
"Add or Remove Selected Objects","Aggiungi o Rimuovi gli Oggeti Selezionati"
"Use Active Tool","Usa lo Strumento Attivo"
"Cancel Left-Drag Operation","Annulla l'Operazione di Trascinamento"
"Zoom Canvas","Zoom sull'Area di Gioco"
"Left Click","Click Sinistro"
"Double Left Click","Doppio Click Sinistro"
"Left-Click Drag","Click Sinistro e Trascina"
"Double","Doppio"
"Right-Click","Click Destro"
"Drag","Trascina"
"Drop","Rilascia"
"during","durante"
"Highlight Canvas Objects","Evidenzia gli Oggetti sull'Area di Gioco"
"Pan Canvas","Ruota Area di Gioco"
"Zoom In","Ingrandisci"
"Zoom Out","Rimpicciolisci"
"Cycle Tokens or Reset View","Cicla sui Token o Annulla Vista"
"Keyboard Movement (Tokens or Tiles)","Movimento Tastiera (Tokens o Tiles)"
"Diagonal Movement","Movimento Diagonale"
"Face Direction","Direzione Frontale"
"Delete Selected Objects","Elimina gli Oggetti Selezionati"
"Copy Canvas Elements","Copia gli Elementi sull'Area di Gioco"
"Paste Canvas Elements","Incolla gli Elementi sull'Area di Gioco"
"Undo Canvas Operation","Annulla Operazione sull'Area di Gioco"
"Activate Hotbar Slot","Attiva Hotbar"
"Ruler Measurement","Misurazioni Righello"
"Measure Distance with Ruler","Misura Distanza con il Righello"
"Place Measurement Waypoint","Posiziona Punto di Misurazione"
"Move Token on Measured Path","Sposta il Token sul Percorso Misurato"
"while measuring from a Token","mentre si misura da un Token"
"Open Referenced Object Sheet","Apri la Scheda dell'Oggetto Referenziato"
"Display Object HUD (If Applicable)","Visualizza l'HUD dell'Oggetto (Se Applicabile)"
"Open Object Configuration Sheet","Apri la Scheda di Configurazione dell'Oggetto"
"Move Controlled Objects","Sposta gli Oggetti Controllati"
"Cancel Drag Workflow","Annulla Trascinamento"
"Rotate Object (Slow)","Ruota Oggetto (Lento)"
"Rotate Object (Fast)","Ruota Oggetto (Veloce)"
"Bypass Snap-to-Grid","Bypassa Allinea-Alla-Griglia"
"Mouse-Wheel","Rotella del Mouse"
"Drag and Drop","Trascina e Rilascia"
"Token Controls","Controlli Token"
"Place Hidden Token","posiziona Token Nascosto"
"Set (non-Owned) Token as Target","Imposta Token (non in controllo) come Obiettivo"
"when creating a Token.","durante la creazione di un token."
"Walls Layer Controls","Controlli Livello Pareti"
"Chain Wall Creation","Concatena Posizionamento Pareti"
"Select Chained Segments","Seleziona Segmenti Concatenati"
"Drawing Tool Controls","Controlli Strumenti di Disegno"
"Confirm Drawing Text","Conferma Testo Inserito"
"Cancel Drawing Text","Annulla Testo Inserito"
"The dice roll formula {formula} did not produce a numeric outcome.","La formula del tiro di dado {formula} non ha prodotto un risultato numerico."
"The attribute {match} was not present in the provided roll data.","L'attributo {match} non era presente nei dati del tiro forniti."
"Create New {type}","Crea Nuovo {type}"
"Delete {type}","Elimina {type}"
"New {type}","Nuovo {type}"
"Update {type}","Aggiorna {type}"
"Import Data","Importa Dati"
"You did not upload a data file!","Non hai caricato un file di dati!"
"You may import data for this {document} from an exported JSON file.","Puoi importare i dati per questo {document} da un file JSON esportato."
"This operation will update the data for {name} and cannot be un-done.","Questa operazione aggiornerà i dati per {name} e non può essere annullata."
"Source Data","Dati di origine"
"You do not have permission to view this {document} sheet.","Non sei autorizzato a visualizzare questa scheda {document}."
"You do not have permission to use this {document}.","Non disponi dell'autorizzazione per utilizzare questo {documento}."
"Active Effect","Effetto Attivo"
"Actor","Personaggio"
"Ambient Light","Luce Ambientale"
"Ambient Sound","Suono Ambientale"
"Chat Message","Messaggio Chat"
"Combat Encounter","Incontro di Combattimento"
"Combatant","Combattente"
"Drawing","Disegno"
"Folder","Cartella"
"Item","Oggetto"
"Journal Entry","Voce Diario"
"Macro","Macro"
"Measured Template","Modello di Misurazione"
"Note","Nota"
"Playlist","Playlist"
"Playlist Sound","Suono Playlist"
"Scene","Scena"
"Setting","Impostazione"
"Rollable Table","Tabella"
"Table Result","Risultato Tabella"
"Tile","Tile"
"Token","Token"
"User","Utente"
"Wall","Parete"
"Drawing Configuration","Configurazione del disegno"
"Default Drawing Configuration","Configurazione predefinita del disegno"
"Configure Default","Imposta come Predefinite"
"Create Drawing","Crea Disegno"
"Update Drawing","Aggiorna Disegno"
"Reset Defaults","Ripristina Impost. Predefinite"
"Position","Posizione"
"Lines","Linea"
"Fill","Riempimento"
"Text","Testo"
"Adjust the position and visibility of the Drawing.","Imposta la posizione e la visibilità del disegno."
"Adjust the outer line work for the Drawing.","Imposta la linea di contorno per il disegno."
"Adjust the interior fill preferences for this Drawing.","Imposta le preferenze di riempimento interno per questo disegno."
"Adjust the text label applied to this Drawing (if any).","Imposta l'etichetta di testo applicata a questo disegno (se presente)."
"Author","Autore"
"X-Position","coordinate X"
"Y-Position","coordinate Y"
"Width","Larghezza"
"Height","Altezza"
"Rotation","Rotazione"
"Z-Index","Z-Index"
"Line Width","Spessore Linea"
"Stroke Color","Colore Tratto"
"Line Opacity","Opacità Linea"
"Smoothing Factor","Fattore Smusso"
"For freehand drawing, the smoothing factor controls the amount of spline smoothing.","Per il disegno a mano libera, il fattore di smusso controlla la quantità di 'arrotondamento' della spline."
"Fill Types","Tipi Riempimento"
"None","Nessuno"
"Solid","Solido"
"Pattern","Motivo"
"Fill Color","Colore Riempimento"
"Fill Opacity","Opacità Riempimento"
"Fill Texture","Texture Riempimento"
"Text Label","Etichetta Testo"
"Font Family","Famiglia Font"
"Font Size","Dimensione Font"
"Text Color","Colore Testo"
"Text Opacity","Opacità Testo"
"Custom","Personalizzato"
"Multiply","Moltiplica"
"Add","Aggiungi"
"Downgrade","Decrementa"
"Upgrade","Incrementa"
"Override","Sovrascrivi"
"Configure Active Effect","Configura effetto attivo"
"Details","Dettagli"
"Duration","Durata"
"Effects","Effetti"
"Effect Label","Etichetta Effetto"
"Effect Icon","Icona Effetto"
"Icon Tint Color","Colore Icona"
"Effect Suspended","Disabilita Effetto"
"Effect Origin","Origine Effetto"
"Transfer Effect to Actor","Trasferisci Effetti all'Attore"
"Effect Duration (Seconds)","Durata Effetto (Secondi)"
"Effect Start Time","Tempo Inizio Effetto"
"Effect Duration (Turns)","Durata Effetto (Turni)"
"Combat Encounter","Incontro di Combattimento"
"Effect Start Turn","Inizio Turno Effetto"
"Attribute Key","Chiave Attributo"
"Change Mode","Cambia Modalità"
"Effect Value","Valore Effetto"
"Submit Changes","Invia Modifiche"
"Asleep","Addormentato"
"Dead","Morto"
"Unconscious","incosciente"
"Stunned","Stordito"
"Prone","Prono"
"Restrained","Trattenuto"
"Paralyzed","Paralizato"
"Flying","In Volo"
"Blind","Cieco"
"Deaf","Sordo"
"Silenced","Muto"
"Afraid","Spaventato"
"Burning","In Fiamme"
"Frozen","Congelato"
"Shocked","Scioccato"
"Corroding","Corroso"
"Bleeding","Sanguinante"
"Diseased","Infetto"
"Poisoned","Avvelenato"
"Radioactive","Radioattivo"
"Regeneration","Rigenerazione"
"Degeneration","Degenerazione"
"Empowered","Potenziato"
"Weakened","Indebolito"
"Targeted","Sotto Mira"
"Marked","Marcato"
"Cursed","Maledetto"
"Blessed","Benedatto"
"Fire Shield","Scudo di fuoco"
"Ice Shield","Scudo di Ghiaccio"
"Magic Shield","Scudo Magico"
"Holy Shield","Scudo Benedetto"
"Actor","Personaggio"
"Chat Message","Messaggio Chat"
"Combat Encounter","Incontro di Combattimento"
"Item","Oggetto"
"Folder","Cartella"
"Journal Entry","Voce Diario"
"Macro Command","Comando Macro"
"Audio Playlist","Playlist Audio"
"Scene","Scena"
"Rollable Table","Tabella"
"User","Utente"
"Create New {entity}","Crea nuovo/a {entity}"
"New {entity}","Nuovo/a {entity}"
"Create New","Crea Nuovo/a"
"Foundry Virtual Tabletop uses modern JavaScript features which are unsupported on {browser} version less than {minimum}. You are using {browser} version {version}. Please update or use a different browser.","Foundry Virtual Tabletop utilizza moderne funzionalità JavaScript che non sono supportate per versioni di {browser} inferiori a {minimum}. Stai utilizzando {browser} versione {versione}. Aggiorna o utilizza un browser diverso."
"Foundry Virtual Tabletop requires a minimum screen resolution of {reqWidth}px by {reqHeight}px or greater. Your display currently has an effective resolution of {width}px by {height}px, as a result many features of the software may not work properly.","Foundry Virtual Tabletop richiede una risoluzione minima dello schermo di 1366px per 768px o superiore. La tua risoluzione è attualmente {width}px per {height}px. Con le impostazioni di visualizzazione correnti, molte funzioni del software potrebbero non funzionare correttamente."
"Your browser does not currently support WebGL rendering which is required by Foundry Virtual Tabletop. Ensure that you have hardware rendering and WebGL enabled in your browser.","Al momento il tuo browser non supporta il rendering WebGL richiesto da Foundry Virtual Tabletop. Assicurati di avere il rendering hardware e WebGL abilitati nel tuo browser."
"You are using a Scene background texture with dimensions {width}px by {height}px. One or both of these dimensions exceeds the maximum texture size of {max}px supported by your device.","Stai utilizzando un’immagine di sfondo della scena con dimensioni {width} px per {height} px. Una o entrambe queste dimensioni superano la dimensione massima dell’immagine di {max} px supportata dal tuo dispositivo."
"The provided server administrator password is invalid. If you have forgotten your configured password you will need to manually delete the <strong>Config/admin.txt</strong> file from your user data location.","La password dell'amministratore del server fornita non è valida. Se hai dimenticato la password configurata dovrai eliminare manualmente il file <strong>Config/admin.txt</strong>dalla posizione dei dati dell'utente."
"The attempted Token movement collides with at least one Wall.","Il tentativo di movimento del Token è bloccato da almeno una Parete."
"The request to browse existing packages failed to connect with the Foundry server. Make sure your application allows outbound connections.","La richiesta di connessione al server di Foundry per elencare i pacchetti esistenti non è riuscita. Assicurarsi che l'applicazione consenta connessioni in uscita."
"No target users exist for this whisper. Check your spelling or try ""/w [User Name]"" instead.","Non esistono utenti target per questo messaggio sussurrato. Controlla la correttezza oppure prova ""/w [Nome utente]""."
"You do not have permission to send whispered chat messages to other players.","Non sei autorizzato a inviare messaggi di chat sussurrati ad altri giocatori."
"You are using the grid configuration tool for a scene with no background image. This is not currently recommended and may produce unpredictable results.","Stai utilizzando lo strumento di configurazione della griglia per una scena senza immagine di sfondo. Questa operazione non è raccomandata e può produrre risultati imprevedibili."
"The dimensions of your configured Foreground Layer image do not match the dimensions of the Background Layer image for this scene. The foreground has been resized which may have undesired results.","Le dimensioni dell'immagine del livello di primo piano configurata non corrispondono alle dimensioni dell'immagine del livello di sfondo per questa scena. Il primo piano è stato ridimensionato, il che potrebbe avere risultati indesiderati."
"Acknowledge Agreement","Riconoscimenti"
"Agree","Accetta"
"I agree to these terms","Accetto i termini"
"Decline","Rifiuta"
"Create Directory","Crea Cartella"
"Toggle Privacy Mode","Attiva/disattiva modalità privata"
"Display Mode","Modalità di visualizzazione"
"List View","Visualizzazione elenco"
"Tiles View","Visualizzazione tiles"
"Thumbnail View","Visualizzazione Miniature"
"Images View","Visualizzazione Immagini"
"Filter Results","Filtra i risultati"
"S3 Bucket","S3 Bucket"
"Selected","Selezionato"
"Select File","Seleziona File"
"Select Directory","Seleziona Cartella"
"Asset Grid Size","Dimensione griglia Risorse"
"Specify the pixel grid size of source tile artwork so it will be automatically resized when placed onto your active Scene.","Specificare le dimensioni della griglia in pixel dell'immagine di origine in modo che vengano ridimensionate automaticamente quando posizionate sulla scena attiva."
"No matching results found in this location.","Nessun risultato corrispondente trovato in questa posizione."
"Upload","Carica"
"Search","Cerca"
"The file you have attempted to upload is too large for your proxy server to handle.","Il file che hai cercato di caricare è troppo grande per essere gestito dal tuo server proxy."
"Something went wrong with your file upload request.","Si è verificato un problema con la richiesta di caricamento del file."
"You have uploaded files into a module or system directory. This is generally <strong>unsafe</strong> because updates to the system or module will delete your files.","Hai caricato dei file in un modulo o in una directory di sistema. Questo è generalmente <strong>non sicuro</strong> perché gli aggiornamenti al sistema o al modulo elimineranno i tuoi file."
"Directory Browser","Esplora Cartelle"
"Image or Video Browser","Browser Immagini o Video"
"Image Browser","Browser Immagini"
"Video Browser","Browser Video"
"Audio Browser","Browser Audio"
"User Data","Dati Utente"
"Core Data","Dati Principali"
"Amazon S3","Amazon S3"
"Browse Files","Sfoglia Files"
"Game Paused","Gioco In Pausa"
"You cannot take this action while the game is currently paused.","Non puoi eseguire questa azione mentre il gioco è in pausa"
"Game invitation link copied to clipboard","Link di invito al gioco copiato negli appunti"
"Share the below invitation links with users who you wish to have join your game. The local invitation link is for users on your local network while the internet link connects via internet on the configured port.","Condividi i link qui sotto con gli utenti che desideri partecipino al gioco. Usa il link contrassegnato come 'Rete Locale' per gli utenti all'interno della tua rete, usa invece il link 'Internet' per gli utenti che accedono dall'esterno sulla porta configurata."
"Internet","Internet"
"Local Network","Rete Locale"
"Game Invitation Links","Link di Invito al Gioco"
"Create Item","Nuovo Oggetto"
"Delete Item","Elimina Oggetto"
"Search Items","Ricerca Oggetti"
"View Item Artwork","Visualizza Immagine Oggetto"
"Toggle Visibility State","Attiva/Disattiva Visibilità"
"Toggle Locked State","Attiva/Disattiva Stato Blocco"
"Bring to Front","Porta in Primo Piano"
"Send to Back","Porta in Secondo Piano"
"Overhead Tile","Overhead Tile"
"Underfoot Tile","Underfoot Tile"
"Play Tile Video","Riproduci Tile Video"
"Pause Tile Video","Metti in Pausa Tile Video"
"Journal","Diario"
"Search Journal Entries","Ricerca Voci di Diario"
"Create Entry","Nuova Voce"
"Text","Testo"
"Image","Immagine"
"Show Players","Mostra ai Giocatori"
"Showed the {mode} content of {title} to {which} players.","Il contenuto {mode} di {title} è stato mostrato ai giocatori {which}."
"Save Entry","Salva Voce"
"Center","Al Centro"
"Bottom","In Basso"
"Top","In Alto"
"Left","A Sinistra"
"Right","A Destra"
"Light Animation Type","Tipo di Animazione Luce"
"Animation Speed","Velocità Animazione"
"Animation Intensity","Intensità Animazione"
"Torch","Torcia"
"Pulse","Pulsazione"
"Chroma","Cromatica"
"Pulsing Wave","Onda Pulsante"
"Swirling Fog","Nebbia Vorticosa"
"Sunburst","Tempesta Solare"
"Light Dome","Cupola di Luce"
"Mysterious Emanation","Emanazione Misteriosa"
"Energy Field","Campo di Energia"
"Hexa Dome","Cupola Esagonale"
"Ghostly Light","Luce Spettrale"
"Roiling Mass (Darkness)","Massa Torbida (Oscurità)"
"Black Hole (Darkness)","Buco Nero (Oscurità)"
"Light Source Configuration","Configurazione Sorgente Luminosa"
"Configure the position, radius, angle, color, and animation of this ambient light source.","Configura la posizione, il raggio, l'angolo, il colore e l'animazione di questa sorgente di luce ambientale."
"Create Light Source","Crea Sorgente di Luce"
"Darkness Activation Range","Gamma Attivazione Oscurità"
"You may specify a range of darkness levels during which this light source will be visible.","È possibile specificare una gamma di livelli di oscurità durante la quale questa fonte di luce sarà visibile."
"Dim Light Radius","Raggio di Luce Fioca"
"Bright Light Radius","Raggio di Luce Intensa"
"Emission Angle","Angolo di Emissione"
"Light Color","Colore Luce"
"Color Intensity","Intensità Colore"
"Light Rotation Angle","Angolo di rotazione Luce"
"Light Type","Tipo Luce"
"Local Light","Luce locale"
"Global Light","Luce Globale"
"Universal Light","Luce Universale"
"Update Light Source","Aggiorna Sorgente Luminosa"
"Create Macro","Crea Macro"
"Delete Macro","Elimina Macro"
"This Macro will be permanently deleted for all Users.","Questa macro verrà eliminata definitivamente per tutti gli utenti."
"Edit Macro","Modifica Macro"
"Execute Macro","Esegui Macro"
"Remove Macro","Rimuovi Macro"
"Save Macro","Salva Macro"
"Search Macros","Cerca Macro"
"Reload Application","Ricarica Applicazione"
"Log Out","Disconnetti"
"User Management","Gestione Utenti"
"Return to Setup","Ritorna al Setup"
"Bug or Issue Reports","Segnalazioni di Bug o Problemi"
"Deactivate All Modules","Disattiva Tutti i Moduli"
"Module Documentation","Documentazione del Modulo"
"Module Management","Gestione Moduli"
"Use this form to configure which Modules are active within your current World. Submitting changes to active modules will cause the current session to reload.","Usa questa sezione per configurare quali moduli sono attivi nel mondo di gioco attuale. L'invio delle modifiche ai moduli attivi farà ricaricare la sessione corrente."
"The Modules listed below are currently active within this World.","Di seguito l’elenco dei moduli attivi in questo mondo."
"No Modules are available within this World. You can view, but do not have permission to modify this list.","Nessun modulo disponibile in questo mondo. È possibile visualizzare, ma non si dispone dell'autorizzazione necessaria a modificare questo elenco."
"Filter Modules","Filtra Moduli"
"Save Module Settings","Salva Impostazioni Modulo"
"Dependencies","Dipendenze"
"This module has {number} inactive dependencies which are required for it to function properly:","Questo modulo ha {numero} dipendenze inattive necessarie perché funzioni correttamente:"
"Enable module and its dependencies?","Abilitare il modulo e le sue dipendenze?"
"This module had {number} dependencies which may no longer be required:","Questo modulo aveva {numero} dipendenze che potrebbero non essere più necessarie:"
"Would you like to disable them also?","Vuoi disabilitare anche queste?"
"The dependency {missing} is not installed!","La dipendenza {missing} non è installata!"
"You have enabled the module {module}, but it's dependencies {missing} are not enabled!","Hai abilitato il modulo {module}, ma le sue dipendenze {missing} non sono abilitate!"
"All Modules","Tutti i Moduli"
"Active Modules","Moduli Attivi"
"Inactive Modules","Moduli Disabilitati"
"Text Anchor Point","Punto di Ancoraggio del Testo"
"Map Note Configuration","Configurazione Note della Mappa"
"Create Map Note","Crea Annotazione Mappa"
"Entry Icon","Icona"
"Font Size","Dimensione Font"
"Font Family","Famiglia Font"
"Icon Size","Dimensione Icona"
"Icon Tint","Colore Icona"
"Text Label","Testo Etichetta"
"Text Color","Colore Testo"
"Update Map Note","Aggiorna Nota della Mappa"
"You do not have sufficient permission to create a Note for {name}.","Non disponi di autorizzazioni sufficienti per creare una nota per {nome}."
"Players","Giocatori"
"Select Character","Seleziona Personaggio"
"Selected Character","Personaggio Selezionato"
"Release Character","Rilascia Personaggio"
"User Configuration","Configurazione Utente"
"Player Color","Colore Giocatore"
"Player Avatar","Avatar Giocatore"
"Pull To Scene","Passa Alla Scena"
"Save Configuration","Salva Configurazione"
"View Player Avatar","Visualizza Avatar Giocatore"
"Kick Player","Espelli Giocatore"
"Ban Player","Blocca Giocatore"
"Un-Ban Player","Sblocca Giocatore"
"Create Playlist","Crea Playlist"
"Delete Playlist","Elimina Playlist"
"Edit Playlist","Modifica Playlist"
"Search Playlists","Cerca Playlists"
"Global Volume Controls","Controlli Volume Globali"
"Currently Playing","In Riproduzione"
"Soundboard Only","Solo Soundboard"
"Sequential Playback","Playback Sequenziale"
"Shuffle Tracks","Tracce In Ordine Casuale"
"Simultaneous Playback","Playback Simultaneo"
"Play Playlist","Avvia Playlist"
"Stop Playlist","Arresta Playlist"
"Next Sound","Suono Successivo"
"Previous Sound","Suono Precedente"
"Playlists","Playlists"
"Ambient","Ambiente"
"Interface","Interfaccia"
"Playlist Name","Nome Playlist"
"Playback Mode","Modalità Playback"
"Fade Duration (ms)","Durata Dissolvenza (ms)"
"Playlist Description","Descrizione Playlist"
"Update Playlist","Aggiorna Playlist"
"Create Sound","Creata Suono"
"Edit Sound","Modifica Audio"
"Delete Sound","Elimina Audio"
"Loop Sound","Ciclo Continuo"
"Track Name","Name Traccia"
"Audio Source","Sorgente Audio"
"Sound Description","Descrizione Suono"
"Repeat","Ripeti"
"Large File Streaming","Streaming di Grandi Dimensioni"
"Update Track","Aggiorna Traccia"
"Play Sound","Riproduci Audio"
"Pause Sound","Pausa Suono"
"Preload Sound","Precarica Suono"
"Resume Sound","Riprendi Suono"
"Sound Volume","Volume Audio"
"Sound Stop","Arresta Audio"
"Bulk Import","Importazione in Blocco"
"No valid Playlist Sounds were imported from the requested ""{path}"" directory","Nessun suono di playlist valido è stato importato dalla cartella ""{path}"" richiesta"
"Accessibility","Accessibilità"
"GM Only","Solo DM"
"All Players","Tutti i Giocatori"
"Activate","Attiva"
"Audio Playlist","Playlist Audio"
"A Playlist which should automatically begin playing when this Scene is activated.","Playlist che dovrebbe iniziare automaticamente a suonare quando questa scena è attivata"
"Background Color","Colore Sfondo"
"Background Image","Immagine di Sfondo"
"Configure the background image and dimensions of the scene's primary map.","Configura l'immagine di sfondo e le dimensioni della mappa principale della scena."
"Foreground Image","Immagine in Primo Piano"
"An optional foreground image which is drawn above other objects in the Scene.","Immagine opzionale in primo piano che verrà disegnata sopra altri oggetti nella scena."
"Background Image Scale","Scala Immagine di Sfondo"
"Use SHIFT+Mousewheel or SHIFT+Up Arrow and SHIFT+Down Arrow to adjust the background image size.","Utilizza MAIUSC+rotellina del mouse o MAIUSC+Freccia su e MAIUSC+Freccia giù per regolare la dimensione dell'immagine di sfondo."
"Configure","Configura"
"Configure Scene","Configura Scena"
"Darkness Level","Livello di Oscurità"
"Apply an overlay which darkens the Scene and diminishes light sources to simulate nighttime or dim conditions.","Applicare una sovrapposizione che scurisce la scena e diminuisce le fonti di luce per simulare condizioni notturne o di scarsa illuminazione."
"Scene Dimensions","Dimensione Scena"
"Change Scene Dimensions?","Modificare le dimensioni della scena?"
"You are changing the underlying dimensions of this Scene, if you have already placed objects in this Scene this operation may cause those objects to shift position relative to the background image.","Stai cambiando le dimensioni di questa scena, se hai già posizionato degli oggetti, questa operazione potrebbe far sì che cambino posizione rispetto all'immagine di sfondo."
"Fog Exploration","Esplorazione Nebbia di Guerra"
"Track the exploration progress of Tokens in this Scene, revealing fog of war for areas which have been explored.","Tieni traccia del progresso dell'esplorazione dei token in questa scena, rivelando la nebbia di guerra per le aree che sono state esplorate."
"Regenerate Thumbnail Image","Rigenera la miniatura dell'immagine"
"Unrestricted Vision Range","Raggio Visivo Illimitato"
"Reveal all areas that controlled Tokens have direct line of sight to observe. If disabled, vision is restricted to illuminated areas.","Rivela tutte le aree per le quali i token controllati hanno una visuale diretta da osservare. Se disabilitato, la vista è limitata alle aree illuminate."
"Vision Limitation Threshold","Soglia di Limitazione Vista"
"Automatically disable the Unrestricted Vision Range setting when the Darkness Level of the Scene exceeds a threshold value.","Disattiva automaticamente il Raggio Visivo Limitato quando il livello di oscurità supera un determinato valore di soglia."
"Grid Color","Colore Griglia"
"Grid Configuration Tool","Strumento di configurazione della griglia"
"Configure the grid and background image position using the mousewheel and arrow keys, or by manually setting the following fields.","Configura la posizione della griglia e dell'immagine di sfondo utilizzando la rotellina del mouse e i tasti freccia, oppure impostando manualmente i seguenti campi."
"Grid Opacity","Opacità Griglia"
"Grid Type","Tipo Griglia"
"Gridless","Disabilita Griglia"
"Square","Quadrata"
"Hexagonal Rows - Odd","Righe Esagonali - Pari"
"Hexagonal Rows - Even","Righe Esagonali - Dispari"
"Hexagonal Columns - Odd","Colonne Esagonali - Pari"
"Hexagonal Columns - Even","Colonne Esagonali - Dispari"
"Grid Size","Dimensione Griglia"
"Use ALT+Mousewheel or ALT+Up Arrow and ALT+Down Arrow to adjust the grid size.","Utilizza ALT + rotellina del mouse o ALT Freccia su e ALT Freccia giù per regolare la dimensione della griglia."
"Grid Offset Position","Posizione di Offset della Griglia"
"Use the Arrow Keys to shift the grid offset.","Utilizza i tasti freccia per spostare l'offset della griglia."
"Grid Scale","Scala della Griglia"
"Distance","Distanza"
"Units","Unità"
"Ambience and Atmosphere","Ambiente e Atmosfera"
"Configure additional integrations between this scene and Journal Entries, Audio Playlists, or Weather Effects.","Configura le integrazioni aggiuntive tra questa scena e voci di diario, playlist audio o effetti meteo."
"Details and Dimensions","Dettagli e Dimensioni"
"Configure the basic details for this scene and permissions which control its visibility.","Configura i dettagli di base per questa scena e le autorizzazioni che ne controllano la visibilità."
"Grid Configuration","Configurazione Griglia"
"Configure the grid dimensions which are used to measure token movement in this scene.","Configura le dimensioni della griglia utilizzate per misurare il movimento del token in questa scena."
"Vision and Lighting","Visione e Illuminazione"
"Configure the vision, lighting, and fog of war settings which apply to this Scene.","Configura le impostazioni di visione, illuminazione e Fog of War da applicare a questa scena."
"Initial View Position","Posizione Iniziale Vista"
"Capture Current View","Cattura Vista Corrente"
"Set a default camera position that is displayed the first time this Scene is viewed.","Imposta una posizione predefinita della camera che viene visualizzata la prima volta che viene visualizzata questa scena."
"Loading {name}","Caricamento {name}"
"Navigation Name","Nome Navigazione"
"An alternative name for the Scene that is displayed in the Navigation Bar instead of the actual Scene name.","Nome Scena alternativo che viene visualizzato ai giocatori nella barra di navigazione."
"Scene Notes","Annotazioni"
"Padding Percentage","Percentuale Margini"
"pixels","Pixels"
"Preload Scene","Precarica Scena"
"Scene Name","Nome Scena"
"View Scene","Visualizza Scena"
"Journal Notes","Voci Diario"
"A linked Journal Entry which provides notes for the Game Master about this Scene.","Voce di diario collegata contenente le note per il Game Master su questa scena."
"Playlist Sound","Suono Playlist"
"You may choose a specific Playlist Sound which should play when this Scene is active, otherwise the entire Playlist will play.","Puoi scegliere un suono specifico della playlist che dovrebbe essere riprodotto quando questa scena è attiva, altrimenti verrà riprodotta l'intera playlist."
"Navigation","Mostra nella Navigazione"
"Offset Background","Offset Sfondo"
"Horizontal","Offset Orizz."
"Vertical","Offset Verticale"
"Token Vision","Vista Token"
"Restrict visibility within this Scene to the shared vision of all controlled Tokens. If disabled, the entire Scene is visible.","Limita la visibilità all'interno di questa scena in base ai token controllati e alla loro visione. Se disabilitato, l'intera scena sarà visibile."
"Toggle Navigation","Attiva/Disattiva Navigazione"
"units","Unità"
"Weather Effect","Effetti Meteo"
"Configure an active Weather Effect which is present within this Scene.","Configura gli effetti atmosferici applicati alla scena."
"Configure Settings","Impostazioni"
"Controls Reference","Controlli di Gioco"
"View Documentation","Mostra Documentazione"
"Invitation Links","Link Di Invito"
"Manage Modules","Gestisci Moduli"
"View Active Modules","Visualizza i Moduli Attivi"
"Configure Game Settings","Impostazioni Di Gioco"
"Update Software","Aggiornamento Software"
"Log Out","Disconnetti"
"User Management","Gestione Utenti"
"Reset Defaults","Ripristinare le Impostazioni Predefinite"
"Save Changes","Salvare le modifiche"
"Return to Setup","Ritorna al Setup"
"General Information","Informazioni Generali"
"Game Settings","Impostazioni di Gioco"
"Help and Documentation","Documentazione di Aiuto"
"Game Access","Accesso Gioco"
"Community Wiki Pages","Community Wiki"
"Token Vision Animation","Animazione Visione Token"
"Animate Token vision and light changes during Token movement animations. Disabling this will improve performance for lower-end machines.","Animare la visione e l'illuminazione dei token durante le animazioni dei movimenti. Disattivare questa opzione migliorerà le prestazioni per le macchine di fascia bassa."
"Light Source Animation","Animazione Fonti Luce"
"Allow light source animations. Disabling this will improve performance for lower-end machines.","Consenti animazioni per le sorgenti luminose. Disattivare questa opzione migliorerà le prestazioni per le macchine di fascia bassa."
"Disable Pixel Resolution Scaling","Disabilita Ridimensionamento Risoluzione Pixel"
"Disable automatic scaling of the canvas resolution to the pixel density of the display device. This will result in a reduction in visual quality but an improvement in application performance for high-density displays.","Disattiva il ridimensionamento automatico della risoluzione del canvas in base alla densità dei pixel del monitor. Ciò si tradurrà in una riduzione della qualità visiva ma in un miglioramento delle prestazioni dell'applicazione per i display ad alta densità."
"Language Preference","Preferenze Lingua"
"Change the displayed language for Foundry Virtual Tabletop.","Cambia la lingua utilizzata in Foundry Virtual Tabletop."
"Left-Click to Release Objects","Click tasto sinistro per rilasciare gli oggetti"
"When enabled, a left click on empty canvas space will release any currently controlled objects. If disabled, objects are released by selecting an empty space, shift-clicking the object, or pressing the escape key.","Se abilitato, un click sinistro su uno spazio vuoto dell'area di gioco rilascerà tutti gli oggetti attualmente controllati. Se disabilitato, gli oggetti vengono rilasciati selezionando uno spazio vuoto, facendo clic sull'oggetto tenendo premuto il tasto Maiusc o premendo il tasto Esc."
"Disable Game Canvas","Disabilita Game Canvas"
"The game canvas which provides a visual representation of the virtual tabletop can be disabled. This allows for low-end machines to use a subset of software features.","Il Game Canvas che fornisce una rappresentazione visiva del piano del tavolo virtuale può essere disabilitato. Ciò consente alle macchine di fascia bassa di utilizzare un sottoinsieme di funzionalità software."
"Enable Chat Bubbles","Abilita Chat Bubbles"
"Configure whether or not chat bubbles will be displayed above Tokens for in-character and emote type chat messages.","Configura se visualizzare le chat bubbles sopra i token per i messaggi di chat di tipo in-character e emote."
"Pan to Token Speaker","Focus al Token Che Sta Parlando"
"Configure whether to automatically pan the camera to a speaking token when it displays a chat bubble.","Configurare se eseguire automaticamente il focus della telecamera su un token che sta parlando quando viene visualizzata una chat bubble."
"Maximum Framerate","FPS Massimi"
"Limit the maximum framerate at which Foundry Virtual Tabletop will render canvas updates. Lowering this value may improve application performance for less powerful hardware.","Limitare il framerate massimo in corrispondenza del quale Foundry eseguirà il rendering degli aggiornamenti sul canvas. La riduzione di questo valore può migliorare le prestazioni dell'applicazione su hardware meno potente."
"Zoomed Texture Antialiasing","Antialiasing sulle Texture durante lo Zoom"
"Compute mipmaps to antialias sprite textures at lower levels of zoom. This is a client setting as different users may prefer different visual styles.","Calcola mipmap usando l'antialising per le textures sugli sprite a livelli di zoom inferiori. Questa impostazione è a livello client poiché utenti diversi potrebbero preferire stili di visualizzazione differenti."
"Enable Soft Shadows","Abilita Ombreggiatura Sfumata"
"Enable soft shadows for more beautiful dynamic lighting, or disable it for improved performance on machines with lower-end hardware.","Abilita l'ombreggiatura sfumata per una migliore illuminazione dinamica o disattivala per prestazioni migliori su macchine con hardware di fascia bassa."
"Core Settings","Impostazioni di Base"
"Module Settings","Impostazioni Modulo"
"System Settings","Impostazioni di Sistema"
"Token Drag Vision","Vista Token durante Trascinamento"
"When enabled, vision and lighting for a Token is previewed in real time during a left-click drag workflow. This is disabled by default because it may promote undesirable meta-gaming behaviors.","Se abilitato, la vista e l'illuminazione di un token vengono mostrate in anteprima in tempo reale durante il trascinamento tramite clic sinistro. Viene disabilitato di default perché potrebbe promuovere comportamenti di meta-gioco indesiderati."
"Default Token Configuration","Configurazione Token Personalizzata"
"Configure Default Token Settings","Configura Impostazioni Personalizzate Token"
"Configure default Token values for newly created Actors.","Configura i valori token predefiniti per gli personaggi appena creati."
"Reset User role permission configuration to default values.","Reimposta la configurazione dei permessi sui valori predefiniti."
"Updated User role permission configuration.","Configurazione dei permessi aggiornata."
"Core Software Version","Versione Software Principale"
"If an update to the core Foundry Virtual Tabletop software is available, you may apply it here. You are currently using version {coreVersion}.","Se è disponibile un aggiornamento a Foundry Virtual Tabletop, è possibile applicarlo qui. Attualmente stai utilizzando la versione {coreVersion}."
"Default Language","Lingua Predefinita"
"You may choose a default language for the application by choosing a module which provides the core translation files for that language.","È possibile scegliere una lingua predefinita per l'applicazione selezionando il modulo che fornisce i file di traduzione principali per quella lingua."
"Software Configuration","Configurazione Programma"
"You must install a game System before you can create a new World","Devi installare un sistema di gioco prima di poter creare un nuovo mondo"
"Software Update","Aggiornamento Programma"
"A {type} update to {channel} version {version} is now available!","L'aggiornamento {type} alla versione {version}  {channel} è ora disponibile!"
"Configuration","Configurazione"
"These fields customize the behavior of the Foundry Virtual Tabletop application. Changes will require the server to restart.","I seguenti attributi personalizzano il comportamento del server di Foundry. Apportare le modifiche con cautela. Sarà necessario riavviare il software affinché queste modifiche abbiano effetto"
"Optimize Static Files","Ottimizza i File Statici"
"Reduce network traffic by serving minified static JavaScript and CSS files. Enabling this setting is recommended for most users, but module developers may wish to disable it.","Riduci il traffico di rete esponendo file JavaScript e CSS statici minimizzati. L'abilitazione di questa impostazione è consigliata per la maggior parte degli utenti, ma gli sviluppatori di moduli potrebbero desiderare di disabilitarla."
"Add-on Modules","Moduli Aggiuntivi"
"Game Systems","Sistemi di Gioco"
"Configuration and Setup","Configurazione e Setup"
"Update Software","Aggiorna Software"
"Update System","Aggiorna Sistema"
"An update to the Core Software is available, Return to Setup in order to apply it!","È disponibile un aggiornamento del software principale, torna alla configurazione iniziale per applicarlo!"
"An update to the System is available, Return to Setup in order to apply it!","È disponibile un aggiornamento del sistema, torna alla configurazione iniziale per applicarlo!"
"Update All","Aggiorna Tutto"
"Software Update Channel","Canale di Aggiornamento Software"
"You may choose an update channel to control the types of updates you wish to receive for the core Foundry Virtual Tabletop software. If you do not have a specific reason to change this, it is recommended to consume the Release channel.","Puoi scegliere un canale di aggiornamento per controllare i tipi di aggiornamenti che desideri ricevere per Foundry. Se non si dispone di un motivo specifico per modificarlo, si consiglia di utilizzare il canale di rilascio."
"Update","Aggiorna"
"Check For Update","Ricerca Aggiornamenti"
"Alpha (Unstable)","Alpha (Instabile)"
"Beta (Release Candidate)","Beta (Candidata al Rilascio)"
"Release (Stable)","Release (Stabile)"
"Checking the Force Update box will force your version to the requested channel. Do not use this option unless you know exactly what you are doing.","Fornire una chiave di accesso all'aggiornamento per procedere."
"Uninstall","Disinstalla"
"Create World","Nuovo Mondo di Gioco"
"Delete World","Elimina"
"Edit World","Modifica"
"Launch World","Avvia"
"Game Worlds","Mondi di Gioco"
"Requires Update","Richiede Aggiornamento"
"Requires System Update","Richiede Aggiornamento di Sistema"
"Requires Dependency","Richiede Dipendenza"
"Requires Core Update","Richiede Aggiornamento Principale"
"Locking a Package prevents it from being uninstalled or updated","Il blocco di un Pacchetto ne impedisce la disinstallazione o l'aggiornamento"
"Updated version available at new installation URL","E' disponibile una versione aggiornata al nuovo URL di installazione"
"A newer version of ""{package}"" is available at a different installation URL. This happens when the package hosting location or the author has changed.","Una versione più recente di ""{package}"" è disponibile ad un URL di installazione diverso. Ciò accade quando la posizione di hosting del pacchetto o l'autore è cambiato."
"Prior Manifest URL (Version {version})","URL manifest precedente (Versione {version})"
"Updated Manifest URL (Version {version})","URL manifest aggiornato (Versione {version})"
"Would you like to switch to the new manifest URL? (this is recommended)","Passare al nuovo URL manifest? (consigliato)"
"Save Application Configuration","Salva Configurazione dell'Applicazione"
"Modifying these configuration options will cause the server to be shut down and require that you restart the server manually. Do you wish to continue?","La modifica delle opzioni di configurazione causerà l'arresto del server e richiederà il riavvio manuale. Vuoi continuare?"
"The Foundry Virtual Tabletop server has been terminated to apply changes. You must restart manually.","Il server Foundry Virtual Tabletop è stato chiuso per applicare le modifiche. È necessario riavviare manualmente."
"Current Version","Versione Corrente"
"Force Update?","Aggiornamento Forzato?"
"Compatibility Unknown","Compatibilità Non Specificata"
"Compatibility Risk","Rischio Incompatibilità"
"Compatibility Risk ({version})","Rischio di Compatibilità ({version})"
"Manifest URL","Manifest URL"
"You can install any package by providing a direct link to its JSON manifest URL.","È possibile installare un pacchetto fornendo un collegamento al suo JSON manifest."
"Install Module","Installa Modulo"
"Install System","Installa Sistema"
"{type} {name} was installed successfully","installato correttamente"
"Installation failed: {message}","Installazione fallita. Per ulteriori dettagli, consultare i messaggi di errore nella console."
"Install World","Installa Mondo di Gioco"
"uninstalled successfully","disinstallato correttamente"
"Uninstallation failed","Disinstallazione non riuscita. Per ulteriori dettagli, consultare i messaggi di errore nella console."
"updated successfully","aggiornato correttamente"
"Update failed","Aggiornamento non riuscito. Per ulteriori dettagli, consultare i messaggi di errore nella console."
"Loading Available Packages","Caricamento dei Pacchetti Disponibili"
"Filter Packages","Filtra i Pacchetti"
"You can filter available packages by name.","Puoi filtrare i pacchetti disponibili, cercando per nome o titolo del pacchetto"
"Package Categories","Categorie Pacchetti"
"Installed","Installato"
"Not Owned","Non Installato"
"Package Name","Nome Pacchetto"
"All Packages","Tutti i Pacchetti"
"Installed Only","Solo Installati"
"Uninstalled Only","Solo Non Installati"
"{title} has {number} dependencies which are not yet installed.","{title} ha {number} dipendenze che non sono ancora installate."
"Install Package Dependencies","Installa le dipendenze del pacchetto"
"You may not be able to use this package if these dependencies are not present. Do you wish to install them automatically?","Potrebbe non essere possibile utilizzare questo pacchetto se le sue dipendenze non sono presenti. Desideri installarle automaticamente?"
"You have chosen not to install the required dependency packages for {title}. You will need to install them manually.","Hai scelto di non installare i pacchetti di dipendenze richiesti per {title}. Dovrai installarli manualmente."
"Successfully installed {title} and {number} dependencies.","{title} e {number} dipendenze sono stati installati con successo."
"An update is available for {name} but cannot be installed because it requires core software version {vreq} and you are currently using version {vcur}.","È disponibile un aggiornamento per {name} ma non può essere installato perché richiede la versione software di base {vreq} e attualmente stai utilizzando la versione {vcur}."
"Delete {type}: {title}","Elimina {type}: {title}"
"Are you sure you want to delete the {type} <strong>{title}</strong>?","Sei sicuro di voler eliminare il {type} <strong>{title}</strong>?"
"<strong>Warning:</strong> This will permanently delete your world content and <strong>can not</strong> be un-done. Are you sure you wish to do this?</strong>.","<strong>Attenzione:</strong> Questo eliminerà definitivamente i tuoi contenuti del mondo e <strong>non sarà possibile</strong>tornare indietro. Sei sicuro di volerlo fare?</strong>."
"Type the exact title of your world <strong>{title}</strong> in the box below to proceed.","Digita il titolo esatto del tuo mondo <strong>{title}</strong> nella casella sottostante per procedere."
"<strong>Warning:</strong> This operation cannot be un-done.","Attenzione:</strong> Questa operazione non potrà essere annullata."
"You must enter the exact World name to confirm the deletion request.","È necessario inserire il nome esatto del mondo per confermare la richiesta di eliminazione."
"Update","Aggiorna"
"Blocked","Bloccato"
"Update","Aggiorna"
"Current","Corrente"
"Updating","Aggiornamento"
"Updated","Aggiornato"
"Downloading Update","Download Aggiornamento"
"Download Complete","Download Completato"
"Extracting Update","Estrazione Aggiornamento"
"Extraction Complete","Estrazione Completata"
"Cleaning Directory","Pulizia Cartelle"
"Cleaning Complete","Pulizia Completata"
"Installing Update","Installazione Aggiornamento"
"Installation Complete","Installazione Completata"
"In order to update Foundry Virtual Tabletop you will need to be connected to the internet and have a valid software license.","Per aggiornare Foundry Virtual Tabletop devi essere connesso a Internet e disporre di una licenza software valida"
"This update is a new major version of the Foundry Virtual Tabletop software. Installing this update will require some installed modules which may not yet be compatible to be disabled.","Questo aggiornamento corrisponde a una nuova versione principale di Foundry Virtual Tabletop. La sua installazione richiederà la disabilitazione di alcuni moduli già installati che potrebbero non essere ancora compatibili."
"Download Update {version}","Scarica aggiornamento {version}"
"An update to Foundry Virtual Tabletop version {version} is available!","È disponibile un aggiornamento di Foundry Virtual Tabletop alla versione {version}!"
"You are not allowed to update this instance of Foundry Virtual Tabletop because it was launched in --noupdate mode.","Non sei autorizzato ad aggiornare questa istanza di Foundry Virtual Tabletop perché è stata avviata in modalità --update."
"No software update is currently available on the requested update channel.","Nessun aggiornamento software è attualmente disponibile sul canale di aggiornamento richiesto."
"Package Update Log","Log Aggiornamento Pacchetto"
"Package","Pacchetto"
"Version Change","Cambio di versione"
"World Data Migration Required","Richiesta Migrazione Dati del Mondo"
"<p>Launching the world <strong>{world}</strong> will migrate its data model from an older core software version {oldVersion} to the currently installed version {newVersion}.</p><p>As part of this process, <strong>{nIncompatible} out of {nModules} installed modules</strong> which may not yet be compatible with the new version will be automatically disabled. You may re-enable them manually if you wish.</p><p>Please check for any available updates to your game systems and modules, and please be sure to periodically back up your critical world data. Would you like to proceed?</p>","<p> All'avvio del mondo di gioco <strong> {world} </strong>, il suo modello dati verrà migrato dalla versione software precedente {oldVersion} alla versione attualmente installata {newVersion}. </p> <p> Come parte di questo processo, <strong> {nIncompatible} su {nModules} moduli installati </strong> che potrebbero non essere ancora compatibili con la nuova versione verranno automaticamente disabilitati. Puoi riattivarli manualmente se lo desideri. </p> <p> Controlla eventuali aggiornamenti disponibili per i tuoi sistemi e moduli di gioco e assicurati di eseguire periodicamente il backup dei dati critici del tuo mondo. Vuoi continuare? </p>"
"Foundry Virtual Tabletop &bull; Administrator Access","Foundry Virtual Tabletop &bull; Accesso amministratore"
"Administrator Password","Chiave di Accesso dell'Amministratore"
"You must provide the administrator password in order to access application setup.","È necessario fornire la password dell'amministratore per accedere alla configurazione dell'applicazione."
"You may assign a special administrator password which is required in order to access this setup screen.","È possibile assegnare una chiave di accesso speciale necessaria per accedere a questa schermata di configurazione."
"Admin Log Out","Disconnetti Amministratore"
"AWS Configuration Path","Configurazione Percorso AWS"
"You may provide an AWS configuration file for S3 integration. The path is absolute or relative to the Config subdirectory of user data.","È possibile fornire un file di configurazione AWS per l'integrazione S3. Il percorso è assoluto o relativo alla sottodirectory Config dei dati utente."
"Port","Porta"
"You may choose which port Foundry Virtual Tabletop uses for TCP connection traffic and enable or disable Universal Plug and Play (UPnP).","Puoi scegliere quale porta Foundry Virtual Tabletop utilizza per il traffico di connessione TCP e abilitare o disabilitare Universal Plug and Play (UPnP)."
"Enable UPnP?","Abilitare UPnP?"
"User Data Path","Percorso Dati Utente"
"Configure the location where your user data including worlds, systems and modules are stored.","Configura la posizione in cui sono archiviati i tuoi dati utente, inclusi mondi, sistemi e moduli."
"Default World","Mondo Predefinito"
"You may choose one of your available worlds to automatically launch when the software is started.","Puoi scegliere uno dei mondi disponibili da avviare automaticamente all'avvio del programma."
"SSL Certificate","Certificato SSL"
"SSL Private Key","Chiave Privata SSL"
"You may run the server using secure socket layer (SSL) encryption by providing paths to certificate and key files. Paths are absolute or relative to the Config subdirectory in user data.","È possibile eseguire il server utilizzando la crittografia SSL (Secure Socket Layer) fornendo i percorsi ai certificati e alle chiavi. I percorsi sono assoluti o relativi alla sottodirectory Config nei dati utente."
"JavaScript","JavaScript"
"CSS","CSS"
"Compendium","Compendium"
"Localization","Localizzazione"
"Version","Versione"
"Core Version","Versione Principale"
"Current Players","Giocatori Collegati"
"Join Game Session","Partecipa alla Sessione di Gioco"
"Game Details","Dettagli Gioco"
"Return to Setup","Torna alla Configurazione"
"World Description","Descrizione Mondo"
"Next Session","Prossima Sessione"
"Select User","Seleziona Utente"
"User Password","Password Utente"
"You are authenticated as a server administrator user.","Sei autenticato come utente amministratore del server."
"The requested User, ""{user}"", does not exist!","L'utente richiesto, ""{user}"", non esiste!"
"Invalid password provided for {user}!","La password fornita per {utente} non valida!"
"{user} does not have permission to access this World!","{user} non ha il permesso di accedere a questo mondo!"
"Login as {user} successful, joining game!","Accesso come {utente} riuscito, entra nel gioco!"
"This Sheet","Questa Scheda"
"Default Sheet","Scheda Predefinita"
"Override which sheet type you would like to use for this specific entity.","Sovrascrivi quale scheda desideri utilizzare per questa specifica entità."
"Set the default sheet type used for this entity type (GM Only).","Imposta il tipo di scheda predefinita utilizzata per questo tipo di entità (Solo DM)."
"You do not have sufficient permissions to view this entity sheet.","Non disponi delle autorizzazioni sufficienti per visualizzare questa scheda."
"Save Sheet Configuration","Salva Configurazione Scheda"
"View Character Artwork","Mostra Immagine Personaggio"
"Collapse or Expand","Comprimi o espandi"
"Delete","Elimina"
"This {type} will be permanently deleted and cannot be recovered.","Questo {tipo} verrà eliminato definitivamente e non potrà essere recuperato."
"Duplicate","Duplica"
"Export Data","Esporta Dati"
"Ambient Sound Configuration","Configurazione del Suono Ambientale"
"Configure the ambient sound to play an audio file when tokens move within it's radius.","Configura il suono ambientale per riprodurre un file audio quando i token si muovono all'interno del suo raggio."
"Create Ambient Sound","Crea Suono Ambientale"
"Update Ambient Sound","Aggiorna Souno Abientale"
"Source File Path","Percorso File"
"path/to/audio.mp3","percorso/a/audio.mp3"
"Effect Radius","Raggio dell'Effetto"
"Sound Type","Tipo Suono"
"Local Sound","Suono Locale"
"Global Sound","Suono Globale"
"Volume Easing","Riduzione del Volume"
"Adjust the volume level of the sound as Tokens move closer to the origin.","Imposta il livello del volume del suono quando i token si avvicinano all'origine."
"Maximum Volume","Volume Massimo"
"Define the maximum volume of the sound at it's origin point (if easing) or everywhere in the area.","Definisci il volume massimo del suono nel suo punto di origine (se viene usata la riduzione) oppure ovunque all'interno dell'area."
"New Sound","Nuovo Suono"
"Darkness Activation Range","Gamma Attivazione Oscurità"
"You may specify a range of darkness levels during which this ambient sound will be audible.","Specificare una gamma di livelli di oscurità durante la quale questo suono ambientale sarà udibile."
"Clear Folder","Cancella Cartella"
"Folder Color","Colore Cartella"
"Create Folder","Nuova Cartella"
"Collapse All Folders","Comprimi Tutte le Cartelle"
"Delete All","Cancella tutto"
"This folder and its contents will be permanently deleted and cannot be recovered.","Questa cartella e il suo contenuto verranno eliminati definitivamente e non potranno essere recuperati."
"Edit Folder","Modifica Cartella"
"Export to Compendium","Esporta in un Compendium"
"Folder Name","Nome Cartella"
"Remove Folder","Rimuovi Cartella"
"This folder will be permanently deleted and its contents will be moved to its parent folder.","Questa cartella verrà eliminata definitivamente e il suo contenuto verrà spostato nella cartella principale."
"Alphabetical","Alfabetico"
"Manual","Manuale"
"Sorting Mode","Ordinamento"
"Update Folder","Aggiorna Cartella"
"Export Content","Esporta Contenuto"
"You may export contained entities from this folder into an unlocked Compendium pack of the appropriate type.","È possibile esportare le entità contenute in questa cartella in un Compendium sbloccato del tipo appropriato."
"Destination Pack","Compendium di Destinazione"
"Merge By Name?","Unisci per Nome?"
"There are no unlocked compendium packs available for {type} entities which you can export to.","Non sono disponibili compendium sbloccati per entità di tipo {type} in cui puoi esportare."
"Create Rollable Table","Crea tabella"
"Create a new Rollable Table entity using the contents of this Folder as table results?","Creare una nuova entità di tabella utilizzando il contenuto di questa cartella come insieme di risultati?"
"None","Nessuno"
"Limited","Limitato"
"Observer","Osservatore"
"Owner","Proprietario"
"Default","Predefinito"
"No Change","Nessuna Modifica"
"All Players","Tutti i Giocatori"
"Configure Permissions","Configura Autorizzazioni"
"Open Permission Configuration","Apri la Configurazione delle Autorizzazioni"
"Fine tune the permitted actions which are allowed to Users for each role.","Ottimizza le azioni consentite agli utenti per ciascun ruolo."
"Permission Configuration","Configurazione delle autorizzazioni"
"Configure which User role has permission to perform which action. Note that some actions cannot be disabled for Game Master users. Some changes may not take effect until the game is reloaded.","Configura quale ruolo utente dispone dell'autorizzazione per eseguire l'azione. Nota che alcune azioni non possono essere disabilitate per gli utenti di tipo Dungeon Master. Alcune modifiche potrebbero non avere effetto fino a quando il gioco non viene ricaricato."
"Configure access for all Entities within this Folder. Changes will be applied to all contained Entities, excluding the contents of sub-folders.","Configura l'accesso per tutte le entità all'interno di questa cartella. Le modifiche verranno applicate a tutte le Entità contenute, escluso il contenuto delle sottocartelle."
"Configure access to this specific Entity, allowing each User to be assigned a different level of visibility.","Configura l'accesso a questa specifica entità, consentendo a ciascun utente di essere assegnato un diverso livello di visibilità."
"Permission","Autorizzazione"
"User Role Permissions","Autorizzazioni Utente"
"Reset Defaults","Ripristina Valori di Default"
"Save Configuration","Salva Configurazione"
"Allow Broadcasting Audio","Consenti Trasmissione Audio"
"Allow players with this role to broadcast audio when using A/V chat integration.","Consenti ai giocatori con questo ruolo di trasmettere audio quando utilizzano la chat A/V."
"Allow Broadcasting Video","Consenti Trasmissione Video"
"Allow players with this role to broadcast video when using A/V chat integration.","Consenti ai giocatori con questo ruolo di trasmettere video quando utilizzano la chat A/V"
"Create New Actors","Crea Nuovi Personaggi"
"Allow players with this role to create new Actors in the World.","Consenti ai giocatori con questo ruolo di creare nuovi personaggi nel Mondo di Gioco"
"Use Drawing Tools","Utilizza Strumenti di Disegno"
"Allow players with this role to create Drawings using the drawing tools.","Consenti ai giocatori con questo ruolo di utilizzare gli strumenti di disegno."
"Create New Items","Crea Nuovi Oggetti"
"Allow players with this role to create new Items in the World.","Consenti ai giocatori con questo ruolo di creare nuovi oggetti nel Mondo di Gioco"
"Use File Browser","Usa il File Browser"
"Allow players with this role to browse through available files in the File Browser.","Consenti ai giocatori con questo ruolo di navigare tra i file disponibili nel File Browser."
"Upload New Files","Carica Nuovi Files"
"Allow players with this role to upload content to the server using the File Browser.","Consenti ai giocatori con questo ruolo di caricare contenuti sul server utilizzando il File Browser."
"Create Journal Entries","Crea Voci Diario"
"Allow players with this role to create new Journal Entries in the Journal sidebar.","Consenti ai giocatori con questo ruolo di creare nuove voci nella barra laterale Voci Diario."
"Use Script Macros","Utilizza Script Macro"
"Allow players with this role to use JavaScript macros which access the API.","Consenti ai giocatori con questo ruolo di utilizzare macro JavaScript con accesso alle API."
"Whisper Private Messages","Invia Messaggi Privati"
"Allow players with this role whisper private messages that the Game Master cannot see.","Consenti ai giocatori con questo ruolo di inviare messaggi privati che il Dungeon Master non può vedere."
"Create Map Notes","Crea Annotazioni Mappa"
"Allow users with this role to create Note objects from Journal Entries which they own.","Consenti agli utenti con questo ruolo di creare oggetti Nota dalle voci del diario di cui sono proprietari."
"Modify Configuration Settings","Modifica Impostazioni di Configurazione"
"Allow players with this role to modify game settings and enable or disable modules.","Consenti ai giocatori con questo ruolo di modificare le impostazioni di gioco e abilitare o disabilitare i moduli."
"Display Mouse Cursor","Visualizza Cursore del Mouse"
"Display the position of the player's mouse cursor which illustrates where the user is looking on the canvas.","Mostra la posizione del cursore del mouse del giocatore che visualizza dove l'utente sta guardando."
"Display Ruler Measurement","Visualizza Misurazione Righello"
"Display measurement using the ruler tool to other connected players.","Mostra la misurazione utilizzando lo strumento righello agli altri giocatori connessi."
"Create Measured Template","Crea Modello di Misurazione"
"Allow players with this role to create templates for area-of-effect measurement.","Consenti ai giocatori con questo ruolo di creare modelli per la misurazione dell'area di effetto."
"Create New Tokens","Crea Nuovi Tokens"
"Allow players with this role to place Tokens for Actors they own on the game canvas.","Consenti ai giocatori con questo ruolo di posizionare token per i personaggi di loro proprietà."
"Configure Token Settings","Configura Impostazioni Token"
"Allow players with this role to configure the settings for Tokens that they own.","Consenti ai giocatori con questo ruolo di configurare le impostazioni per i token di loro proprietà."
"Open and Close Doors","Apri/Chiudi Porte"
"Allow players with this role interact with doors defined on the Walls Layer.","Consenti ai giocatori con questo ruolo di interagire con le porte definite sul livello pareti."
"Import Data","Importa Dati"
"Create Scene","Nuova Scena"
"Search Scenes","Ricerca Scene"
"Chat Log","Chat"
"Combat Tracker","Combattimento"
"Scenes Directory","Elenco Scene"
"Actors Directory","Elenco Personaggi"
"Items Directory","Elenco Oggetti"
"Journal Entries","Voci Diario"
"Audio Playlists","Playlist Audio"
"Compendium Packs","Compendium"
"Game Settings","Impostazioni di Gioco"
"Rollable Tables","Tabelle Dinamiche"
"View Token Artwork","Mostra Immagine Token"
"Jump To Pin","Vai al Pin"
"Animate Roll Tables?","Animare le Tabelle Dinamiche?"
"Configure whether to display a roulette-style animation when drawing from a Roll Table.","Configurare se visualizzare un'animazione in stile roulette quando si tira su una Tabella."
"Create Table","Nuova Tabella"
"Table Description","Descrizione Tabella"
"Display Roll to Chat?","Visualizza il tiro nella Chat?"
"Roll Table Formula","Formula per il Tiro"
"Search Tables","Cerca Tabelle"
"Table Configuration","Configurazione Tabella"
"Normalize Result Weights","Normalizza i pesi dei risultati"
"Draw with Replacement?","Mostra sostituzione?"
"Reset","Ripristina"
"Add New Result","Aggiungi Risultato"
"Result Type","Tipo Risultato"
"Result Details","Dettaglio Risultato"
"Result Description","Descrizione Risultato"
"Delete Result","Elimina Risultato"
"Weight","Peso"
"Range","Intervallo"
"Roll","Tiro"
"Toggle Drawn Status","Attiva/disattiva stato visualizzato"
"Update","Aggiorna"
"Cone Template Type","Modelli di Cono"
"Choose how the area of effect for cone templates should be defined.","Scegli come definire l'area di effetto per i modelli di cono."
"Flat","Piatto"
"Round","Arrotondato"
"Tile Configuration","Configurazione Tile"
"Basic","Base"
"Configure this tile sprite which is displayed above the Scene background.","Configura questo Tile che viene visualizzato sopra lo sfondo della scena."
"Overhead","Overhead"
"Additional attributes which apply if the Tile is overhead in the Foreground.","Attributi aggiuntivi che si applicano se il tile è overhead in primo piano."
"Animation","Animazione"
"Additional attributes which apply if the Tile uses an animated video texture.","Attributi aggiuntivi che si applicano se il Tile utilizza una trama video animata."
"Tile Image or Video","Immagine Tile o Video"
"Tile Opacity","Opacità Tile"
"Tint Color","Colore Tinta"
"Is Overhead?","E' Overhead?"
"Occlusion Mode","Tipo Occlusione"
"None (Always Visible)","Nessuna (Sempre Visibile)"
"Fade (Entire Tile)","Dissolvenza (Tutto il Tile)"
"Roof (Blocks Vision and Lighting)","Tetto (Blocca Visione e Illuminazione)"
"Radial (Surrounding Token)","Radiale (Attorno al Token)"
"Occlusion Alpha","Occlusione Alpha"
"Loop Video","Loop Video"
"Autoplay Video","Autoplay Video"
"Video Volume","Volume Video"
"Assign Token","Assegna Token"
"You must select one existing Token to assign as the new prototype configuration.","È necessario selezionare un token esistente da assegnare come nuova configurazione del prototipo."
"Updated prototype Token configuration for {name}","La configurazione del token prototipo è stata aggiornata per {nome}"
"Attribute Bars","Barra degli Attributi"
"Single Values","Valori Singoli"
"Represented Actor","Personaggio Rappresentato"
"Token Disposition","Atteggiamento Token"
"Configure which Actor this Token is associated with.","Configura a quale personaggio è associato questo token."
"Link Actor Data","Collega I Dati Del Personaggio"
"Token Name","Etichetta"
"Display Name","Mostra Etichetta"
"Alternate Actor Tokens","Alterna Token Del Personaggio"
"Configure the Token image and its displayed size and scale.","Configura l'immagine del token, le dimensioni e la scala visualizzate."
"Token Image Path","Percorso Immagine Token"
"Mirror Image Horizontally","Rifletti in Orizzontale"
"Mirror Image Vertically","Rifletti in Verticale"
"Token Opacity","Opacità Token"
"Configure the Token's position, orientation, and elevation.","Configura la posizione, l'orientamento e l'elevazione del token."
"Lock Rotation","Blocca la rotazione"
"Randomize Wildcard Images","Immagini casuali"
"Configure the resource bars which are tracked for the Token.","Configura le barre delle risorse tracciate per il token."
"Bar 1 Attribute","Attributo Barra 1"
"Bar 1 Data","Dati Barra 1"
"Bar 2 Attribute","Attributo Barra 2"
"Bar 2 Data","Dati Barra 2"
"Display Bars","Visualizza Barre"
"Token Configuration","Configurazione Token"
"Prototype Token","Configurazione Token Prototipo"
"Tint Color","Colore Tinta"
"Update Token","Aggiorna Token"
"Configure the vision capability and light emission of this Token.","Configura la capacità di vista e l'emissione luminosa di questo token."
"Has Vision","Abilita Vista"
"Bright Vision","Luce Intensa"
"Dim Vision","Luce Fioca"
"Sight Angle","Angolo di Vista"
"This Token references an Actor which no longer exists within the World.","Questo Token fa riferimento a un personaggio che non esiste più nel mondo."
"You do not own any Token with vision in this Scene","Non possiedi alcun Token con visione in questa scena."
"Hostile","Ostile"
"Neutral","Neutrale"
"Friendly","Amichevole"
"Never Displayed","Mai"
"When Controlled","Quando In Controllo"
"Hovered by Owner","Mouse-over Solo Proprietario"
"Hovered by Anyone","Mouse-over Per Tutti"
"Always for Owner","Sempre Per il Proprietario"
"Always for Everyone","Sempre Per Tutti"
"None","Nessuno"
"Player","Giocatore"
"Trusted Player","Giocatore Fidato"
"Assistant GM","Assistente DM"
"Game Master","Dungeon Master"
"Password","Password"
"User Role","Ruolo Utente"
"User Name","Nome Utente"
"Show Password","Mostra Password"
"Create Additional User","Crea Utente Aggiuntivo"
"Delete User","Elimina Utente"
"Save and Return","Avvia Sessione di Gioco"
"User Management","Gestione Utenti"
"Game users updated successfully, returning to the game World.","Gli utenti del gioco sono stati aggiornati correttamente, ritorno al mondo di gioco."
"You must have at least one Game Master user within your World.","Devi avere almeno un utente Game Master nel tuo mondo."
"This user will be permanently deleted from the game world.","Questo utente verrà eliminato definitivamente dal mondo di gioco."
"You are about to delete a Game Master user!","Stai per eliminare un utente Game Master!"
"Wall Configuration","Configurazioni Parete"
"Wall Configuration [Multiple]","Configurazione Parete [Multipla]"
"Customize how this wall segment restricts movement or senses.","Personalizza il modo in cui questo segmento di muro limita il movimento o i sensi"
"Wall Coordinates","Coordinate Parete"
"Movement Restrictions","Restrizioni al movimento"
"Sight Restriction","Limitazioni Vista"
"Sound Restriction","Limitazioni Suono"
"Wall Direction","Direzione della Parete"
"Is Door?","E' una Porta?"
"Door State","Stato della Porta"
"Update Wall","Aggiorna Parete"
"World Details","Dettaglio Mondo"
"World Description","Descrizione Mondo"
"Audio/Video Configuration","Configurazione Audio/Video"
"Configure Audio/Video","Configura Audio/Video"
"Configure settings specific to the integrated Audio/Video WebRTC component","Configurare le impostazioni specifiche all'audio/video WebRTC integrato"
"<Unknown Device>","<Dispositivo Sconosciuto>"
"Video Capture Device","Dispositivo di Acquisizione Video"
"Select which video capture device you wish to use, if any.","Seleziona l'eventuale dispositivo di acquisizione video che desideri utilizzare."
"Audio Capture Device","Dispositivo di Acquisizione Audio"
"Select which audio capture device you wish to use, if any.","Seleziona l'eventuale dispositivo di acquisizione audio che desideri utilizzare."
"Audio Output Device","Dispositivo di Riproduzione Audio"
"Select which audio output device you wish to use.","Seleziona il dispositivo di riproduzione audio che desideri utilizzare."
"Audio/Video communication was unable to start because one of the configured input devices was unavailable.","Impossibile avviare la comunicazione audio / video perché uno dei dispositivi di input configurati non era disponibile."
"Disable Sending Camera","Disabilita Trasmissione Video"
"Disable Sending Audio","Disabilita Trasmissione Audio"
"Disable Audio Output","Disabilita Uscita Audio"
"Default Device","Dispositivo Predefinito"
"Unavailable Device (will use Default)","Dispositivo non disponibile (varrà usata l'impostazione predefinita)"
"Choose Signalling Server","Seleziona Signalling Server"
"Signalling Server URL","URL Signalling Server"
"Foundry VTT","Foundry VTT"
"Custom Server","Server Personalizzato"
"Signalling Server Username","Username Signalling Server"
"Signalling Server Password","Password Signalling Server"
"Relay Server Configuration","Configurazione Relay Server"
"Provided by Signalling Server","Fornito dal Signalling Server"
"Custom Relay Server","Relay Server Personalizzato"
"Relay Server URL","URL Relay Server"
"Relay Server Username","Username Relay Server"
"Relay Server Password","Password Relay Server"
"General","Generale"
"Devices","Dispositivi"
"Server","Server"
"General Audio/Video Conferencing Settings can only be modified by the GM","Le impostazioni generali di conferenza audio/video possono essere modificate solo dal GM"
"Audio/Video Conferencing Mode","Modalità Conferenza Audio/Video"
"Only a Game Master user may change this setting, which will require Foundry VTT to reload.","Solo un utente Game Master può modificare questa impostazione, il che richiederà il ricaricamento di Foundry VTT."
"Disabled","Disabilitato"
"Audio Only","Solo Audio"
"Video Only","Solo Video"
"Audio/Video Enabled","Audio/Video Abilitati"
"Toggle video","Attiva/Disattiva Video"
"Configure Settings","Configura Impostazioni"
"Send to Dock","Invia al Dock"
"Pop out","Pop out"
"Push-to-Talk/Mute Key","Tasto Push-to-Talk/Mute"
"Assign a keyboard key which, in PTT mode, enables voice while held. If not in PTT mode, the same key mutes while pressed.","Assegna un tasto che, in modalità PTT, abilita la voce mentre è in attesa. Se non in modalità PTT, lo stesso tasto la disattiva mentre viene premuto."
"Voice Broadcasting Mode","Modalità di Trasmissione Vocale"
"Choose how your voice is broadcast in AV calls.","Scegli la modalità di trasmissione della tua voce nelle chiamate AV."
"Always Enabled","Sempre Abilitata"
"Voice Activation","Attivazione Voce"
"Push-to-Talk","Push-to-Talk"
"Allow User Video","Consenti Video Utente"
"Block User Video","Blocca Video Utente"
"Allow User Audio","Consenti Audio Utente"
"Block User Audio","Blocca Audio Utente"
"Enable Your Video","Abilita Video"
"Disable Your Video","Disabilita Video"
"Enable Your Audio","Abilita Audio"
"Mute Your Audio","Disattiva Audio"
"Mute Others' Audio","Disattiva l'Audio degli Altri"
"Unmute Others' Audio","Attiva l'Audio degli Altri"
"Show Players List","Mostra l'Elenco dei Giocatori"
"Hide Players List","Nascondi l'Elenco dei Giocatori"
"Cycle Video Size","Ruota Dimensione Video"
"Unable to capture from your Audio devices; Sharing Video only","Impossibile acquisire dai tuoi dispositivi audio; Condivisione solo di video"
"Unable to capture from your Video devices; Sharing Audio only","Impossibile acquisire dai tuoi dispositivi video; Condivisione solo dell'audio"
"Unable to capture from your Audio & Video devices","Impossibile acquisire dai tuoi dispositivi audio e video"
"Unable to capture from your Video devices","Impossibile acquisire dai tuoi dispositivi video"
"Unable to capture from your Audio devices","Impossibile acquisire dai tuoi dispositivi audio"
"Error connection to Audio/Video Signalling Server","Errore di connessione Audio/Video dal Signalling Server"
"Lost connection to the Audio/Video Signalling server. Trying to re-establish connection.","Connessione persa al Signalling server audio/video. Prova a ristabilire la connessione."
"WebRTC Error : ","Errore WebRTC : "
"You cannot use Audio/Video calls unless your Foundry VTT server is using SSL certificates. See the online documentation for instructions.","Non è possibile utilizzare chiamate audio/video a meno che il server VTT Foundry non stia utilizzando certificati SSL. Consultare la documentazione online per maggiori informazioni."
"You cannot enable your camera because you do not have permission to broadcast your video feed.","Non è possibile abilitare la videocamera perché non si dispone dell'autorizzazione per trasmettere il feed video."
"You cannot enable your microphone because you do not have permission to broadcast your audio feed.","Non puoi abilitare il microfono perché non sei autorizzato a trasmettere il tuo feed audio."
"World Title","Titolo Mondo"
"Data Path","Percorso Dati"
"Game System","Sistema di Gioco"
"Background Image","Immagine Background"
"Next Session","Prossima Sessione"
"Reset Active Modules","Reimposta Moduli Attivi"
"Reset User Passwords","Reimposta Password Utente"
"Launch in Safe Configuration","Avvia in Configurazione Sicura"
"Disables all modules and active scenes, and stops any playing audio","Disabilita tutti i moduli e le scene attive e interrompe la riproduzione dell'audio"
"World Description","Descrizione Mondo"