"en","ja"
"Activate","有効化"
"Angle","角度"
"Author","作成者"
"Are You Sure?","よろしいですか？"
"and","と"
"Between","の間"
"Cancel","ｷｬﾝｾﾙ"
"Character","ｷｬﾗｸﾀｰ"
"Configure","設定"
"Command","コマンド"
"Close","閉じる"
"Degrees","度"
"Default","既定"
"Delete","削除"
"Description","説明"
"Distance","距離"
"Direction","向き"
"Documentation","説明書"
"Duplicate","複製"
"Error","エラー"
"Grid Units","距離"
"Install","ｲﾝｽﾄｰﾙ"
"Elevation","高度"
"Foundry Virtual Tabletop","オンセ工房 Foundry VTT"
"File Path","ファイル保存先"
"Height","高さ"
"Hidden","不可視,"
"Hold","保持"
" Name"," 名前"
"No","いいえ"
"Notes","メモ"
"Preload","先読み"
"Token","ﾄｰｸﾝ"
"Minimum","最小"
"Maximum","最大"
"Image","画像"
"None","ー"
"Path","保存先"
"Packs","辞典"
"Permissions","権限"
"Position","位置"
"Pixels","ﾋﾟｸｾﾙ"
"Ratio","比率"
"Resources","リソース"
"Result","結果"
"Rotation","回転"
"Roll Formula","ロール式"
"Commit Changes","変更を反映"
"Reset Changes","変更をリセット"
"Save Changes","変更内容を保存"
"Scale","縮尺"
"Scope","範囲"
"Seconds","秒"
"Sheet","シート設定"
"System","システム"
"Software","ｿﾌﾄｳｪｱ"
"Template","テンプレート"
"Type","種別"
"Uninstall","ｱﾝｲﾝｽﾄｰﾙ"
"Update","更新"
"URL","URL"
"Vision","視覚"
"Warning","警告"
"Width","幅"
"X-Coordinate","X座標"
"Y-Coordinate","Y座標"
"Yes","はい"
"Actors Directory","アクター一覧"
"Create Actor","アクター作成"
"Search Actors","アクター検索"
"Are you sure you want to exit the Foundry Virtual Tabletop game?","オンセ工房 FoundryVTTを終了してもよろしいですか？"
"Clear Chat Log","チャットログの消去"
"Export Chat Log","チャットログの書き出し"
"Flush Chat Log","チャットログの消去"
"All messages within the chat log will be permanently deleted.","チャットログ内の全てのメッセージを完全に削除します。"
"{command} is not a valid chat message command.","{command} は､有効なチャットメッセージコマンドではありません。"
"Chat Log","チャットログ"
"To","To"
"Pop Out Message","表示メッセージ"
"Reveal To Everyone","全て開示"
"Make Private","非公開"
"Blind GM Roll","ブラインドGMロール"
"Default Roll Mode","既定のロールモード"
"Public Roll","公開ロール"
"Private GM Roll","プライベートGMロール"
"Self Roll","セルフ･ロール"
"Rollable Tables","ロール表"
"{user} privately rolled some dice","{user} は個人的にダイスを振った"
"Begin Combat","戦闘開始"
"Create Encounter","遭遇を作成"
"Delete Encounter","遭遇を削除"
"Encounter","戦闘遭遇"
"Activate Previous Encounter","前の遭遇を有効化"
"Activate Next Encounter","次の遭遇を有効化"
"End Combat","終了"
"Roll Initiative","イニシアチブ･ロール"
"Reset Initiative","イニシアチブをリセット"
"End Combat Encounter?","戦闘終了？"
"End this combat encounter and empty the turn tracker?","この戦闘遭遇を終了して､イニシアチブ表を空にしますか？"
"No Active Encounter","非戦闘状態"
"There is no active Combat Encounter in your currently viewed Scene.","現在表示されているシーンに有効な戦闘遭遇はありません。"
"There are no Combatants remaining in this Encounter which are not defeated.","この遭遇で敗北していない参戦者はいません。"
"Not Started","-"
"Tracked Resource","リソースの表示"
"Choose an attribute to track for each combatant.","追跡する各参戦者のリソースを選択してください。"
"Round","ラウンド"
"Rounds","ラウンド"
"Previous Round","前のラウンド"
"Next Round","次のラウンド"
"Roll NPCs","NPCをロール"
"Roll All","全てロール"
"{name} rolls for Initiative!","{name} のイニシアチブ･ロール！"
"Combat Tracker Settings","イニシアチブ表の設定"
"Save Tracker Settings","変更内容を保存"
"Skip Defeated?","敗北者をスキップ"
"Automatically bypass combatants marked as defeated?","敗北マーク付きの参戦者を自動的にスキップしますか？"
"Toggle Visibility","可視/不可視の切替"
"Mark Defeated","敗北マーク"
"Turn","ターン"
"Turns","ターン"
"End Turn","ターン終了"
"Next Turn","次のターン"
"Previous Turn","前のターン"
"Unknown Combatant","不明な参戦者"
"Represented Actor","リンクされたアクター"
"Create Combatant","参戦"
"Defeated","敗北"
"Hidden","透明化"
"Thumbnail Image","サムネイル画像"
"Initiative Value","イニシアチブ値"
"Combatant Status","参戦者のステータス"
"Update Combatant","参戦者を更新"
"Displayed Name","表示名"
"Remove Combatant","参戦者を除名"
"Clear Initiative","イニシアチブをクリア"
"Re-roll Initiative","イニシアチブの再ロール"
"Represented Token","リンク中のトークン"
"The Combatant {name} is not present in your currently viewed Scene","{name} は､現在表示されているシーンに存在しません"
"Compendium Name","辞典名"
"Create Compendium","辞典を作成"
"Create a new Compendium pack in your current World.","現在のワールドに新しい辞典を作成します"
"Delete Compendium","辞典の削除"
"This Compendium Pack will be permanently deleted and cannot be recovered.","この辞典は永久的に削除され､元に戻すことはできません。"
"Delete Entry","削除"
"This Compendium entry and its data will be permanently deleted.","この辞典のデータは完全に削除されます。"
"Duplicate Compendium","辞典の複製"
"New Compendium Title","新規辞典のタイトル"
"You may duplicate this compendium into your World to have a local copy of its content which is safe to edit.","この辞典を自分のワールドに複製して､安全に編集可能なコピーが作成できます。"
"You must provide a title to create a World Compendium pack.","ワールドに辞典を作成するには､タイトルを入力する必要があります。"
"Import All Content","全ての項目をインポートする"
"All of the content from this Compendium pack will be imported into your World to a Folder which you may name.","この辞典の全ての項目は､名前を付けてフォルダにインポートされます。"
"Importing {number} {type} entries into the {folder} folder. Please be patient.","{number} {type} を {folder}フォルダにインポートします。しばらくお待ちください。"
"Successfully imported {number} {type} entries into the {folder} folder.","{number} {type} を {folder}フォルダに正常にインポートしました。"
"Import Entry","インポート"
"Document Type","辞典の種別"
"Each Compendium pack contains a specific type of Document.","各辞典には､特定の種別のデータが含まれます。"
"Toggle Visibility","可視/不可視の切替"
"Toggle Edit Lock","編集ロックの解除設定"
"You are attempting to unlock for editing a compendium that does not belong to this World. Any changes you make in this compendium pack may be lost if the system or module which owns it is updated. You may wish to duplicate the compendium to your world instead. Do you wish to proceed?","ロックを解除して､このワールドに属していない共有の辞典を編集しようとしています。この辞典に行なった変更は､それを使用するシステムまたはモジュールが更新されると失われる可能性があります。その代わりとして自分のワールドに､辞典を複製することもできます。 続行しますか？"
"Game Controls Reference","操作リファレンス"
"This form describes common keyboard and mouse commands used to control various aspects of the Foundry Virtual Tabletop environment. Some controls are only available to a Game Master user, those are highlighted in light purple.","ここでは､オンセ工房での一般的なキーボード､マウス操作について説明します。一部の操作は薄紫色で強調表示されており､ゲームマスターだけが使用可能です。"
"Token Controls","トークン操作"
"Select Tokens","トークン選択"
"Select Targets","目標選択"
"Measure Distance","距離測定"
"Measurement Controls","テンプレート操作"
"Template Type","テンプレート種別"
"Border Color","境界の色"
"Configure the placement and display of the measurement template.","定規テンプレートの配置と表示について設定します。"
"Circle Template","球形テンプレート"
"Cone Template","円錐テンプレート"
"Rectangle Template","矩形テンプレート"
"Ray Template","直線テンプレート"
"Clear Templates","テンプレート消去"
"Template Texture","テンプレート･テクスチャ"
"Tile Controls","タイル操作"
"Select Tiles","タイル選択"
"Place Tile","タイル設置"
"Foreground Layer","前景レイヤー"
"Tile Browser","タイルブラウザ"
"Drawing Tools","図形描画ツール"
"Select Drawings","図形選択"
"Draw Rectangle","矩形描画"
"Draw Ellipse","楕円描画"
"Draw Polygon","多角形描画"
"Draw Freehand","手書き描画"
"Draw Text","テキスト描画"
"Clear Drawings","全図形消去"
"Configure Drawing","図形設定"
"Wall Controls","ウォール操作"
"Draw Walls","ウォール描画"
"Invisible Walls","不可視ウォール"
"Terrain Walls","地形ウォール"
"Ethereal Walls","エーテルウォール"
"Draw Doors","ドアの描画"
"Secret Doors","シークレットドア"
"Rectangular Select Walls","ウォールの選択 (複数)"
"Force Snap to Grid","グリッドに合わせる"
"Clone Walls","ウォール複製"
"Clear Walls","全ウォール消去"
"Lighting Controls","ライト操作"
"Draw Light Source","ライト設置"
"Clear Lights","全ライト消去"
"Reset Fog of War","マスクのリセット"
"Transition to Daylight","昼間に移行"
"Transition to Darkness","夜間に移行"
"Reset Fog of War Exploration?","マスクをリセットしますか？"
"This will reset fog of war for this Scene for all players.","シーン探索の結果､見えるようになったマスクをリセットします。全てのプレイヤーに影響します。"
"Ambient Sound Controls","環境音の調整"
"Draw Ambient Sound","サウンド追加"
"Preview Ambient Sounds","サウンドの試聴"
"Clear Sounds","全サウンド消去"
"Journal Notes","地点メモ操作"
"Select Notes","地点メモ選択"
"Toggle Notes Display","地点メモ表示切替"
"Clear Notes","全地点メモ消去"
"Clear All Objects","全てのオブジェクトを消去"
"Permanently delete all {type} objects from this Scene?","このシーンから全ての {type} オブジェクトを消去しますか？"
"General Game Controls","ゲームコントロール"
"These controls generally apply across all aspects of Foundry functionality.","これらの操作は､オンセ工房で一般的に使用されます。"
"Canvas Layer Controls","マップ画面の操作"
"These controls apply when interacting with a specific Canvas layer.","これらの操作は､マップ上での操作のために使用されます。"
"Placeable Object Controls","トークンの操作"
"These controls apply when interacting with an Object placed on the Canvas.","これらの操作は､マップ上のオブジェクト操作に使用されます。"
"Specialized Controls","特別な操作"
"These controls apply only during specific interactions.","これらの操作は､特定の操作のために使用されます"
"Mouse Controls","マウス操作"
"Keyboard Controls","キーボード操作"
"Toggle Main Menu","メインメニューの表示"
"Close Open Windows","開いているウィンドウを閉じる"
"Toggle Game Pause","一時停止 / 解除 (GM)"
"Cancel Pending Move","保留中の移動をキャンセル"
"Move Object","オブジェクトを動かす"
"Pan Canvas","マップ画面の移動"
"Select Object","オブジェクトを選択"
"Add or Remove Selected Objects","選択したオブジェクトの追加 / 削除"
"Use Active Tool","アクティブツールを使用"
"Cancel Left-Drag Operation","左ドラッグ操作をキャンセル"
"Zoom Canvas","マップ画面の拡大 / 縮小"
"Left Click","左クリック"
"Double Left Click","左ダブルクリック"
"Left-Click Drag","左ドラッグ"
"Double","ダブル"
"Right-Click","右クリック"
"Drag","ドラッグ"
"Drop","ドロップ"
"during","中に"
"Highlight Canvas Objects","マップオブジェクトを強調表示"
"Pan Canvas","図形描画"
"Zoom In","拡大"
"Zoom Out","縮小"
"Cycle Tokens or Reset View","トークン切替 / 表示位置初期化"
"Keyboard Movement (Tokens or Tiles)","キーボード操作 (ﾄｰｸﾝ / ﾀｲﾙ)"
"Diagonal Movement","斜め移動"
"Face Direction","向きの変更"
"Delete Selected Objects","選択オブジェクトの削除"
"Copy Canvas Elements","オブジェクトのコピー"
"Paste Canvas Elements","オブジェクトのペースト"
"Undo Canvas Operation","直前の操作を取り消す"
"Activate Hotbar Slot","ホットバーからマクロ使用"
"Ruler Measurement","テンプレート操作"
"Measure Distance with Ruler","定規で距離を測定"
"Place Measurement Waypoint","距離測定中に中間点を設定"
"Move Token on Measured Path","トークンを定規に沿って動かす"
"while measuring from a Token","(トークンから距離測定中に)"
"Open Referenced Object Sheet","オブジェクトからシートを表示"
"Display Object HUD (If Applicable)","オブジェクトのHUD表示 (あれば)"
"Open Object Configuration Sheet","オブジェクトの設定シート表示"
"Move Controlled Objects","オブジェクトの移動"
"Cancel Drag Workflow","左ドラッグの操作をキャンセル"
"Rotate Object (Slow)","オブジェクト (遅い)"
"Rotate Object (Fast)","オブジェクト (速い)"
"Bypass Snap-to-Grid","グリッドを無視して配置"
"Mouse-Wheel","マウスホイール"
"Drag and Drop","ドラッグ＆ドロップ"
"Token Controls","トークン操作"
"Place Hidden Token","不可視トークンを配置 (GM)"
"Set (non-Owned) Token as Target","未所有のトークンをターゲット指定"
"when creating a Token.","（トークン作成時）"
"Walls Layer Controls","ウォール操作"
"Chain Wall Creation","連続したウォールを配置"
"Select Chained Segments","連続したウォールを選択"
"Drawing Tool Controls","図形描画ツールの操作"
"Confirm Drawing Text","図面テキストを確認"
"Cancel Drawing Text","図形テキストをキャンセル"
"The dice roll formula {formula} did not produce a numeric outcome.","ダイスロール式 {formula} では､結果となる数値が出ませんでした。"
"The attribute {match} was not present in the provided roll data.","特性 {match} は､ロールデータの中に存在しませんでした。"
"Create New {type}","{type}新規作成"
"Delete {type}","{type}削除"
"New {type}","新規{type}"
"Update {type}","{type}更新"
"Import Data","インポートデータ"
"You did not upload a data file!","データ･ファイルをアップロードしていません。"
"You may import data for this {document} from an exported JSON file.","ｴｸｽﾎﾟｰﾄしたJSONﾌｧｲﾙから､この {document} にﾃﾞｰﾀをｲﾝﾎﾟｰﾄします。"
"This operation will update the data for {name} and cannot be un-done.","この操作により {name} が更新され､元には戻せません。"
"Source Data","ｲﾝﾎﾟｰﾄするﾌｧｲﾙ"
"You do not have permission to view this {document} sheet.","この {document} シートを表示する権限がありません。"
"You do not have permission to use this {document}.","この {document} を使用する権限がありません。"
"Active Effect","アクティブな効果"
"Actor","アクター"
"Ambient Light","環境光"
"Ambient Sound","環境音"
"Chat Message","チャットメッセージ"
"Combat Encounter","戦闘遭遇"
"Combatant","戦闘"
"Drawing","描画"
"Folder","フォルダ"
"Item","アイテム"
"Journal Entry","資料"
"Macro","マクロ"
"Measured Template","定規テンプレート"
"Note","メモ"
"Playlist","プレイリスト"
"Playlist Sound","プレイリスト･サウンド"
"Scene","シーン"
"Setting","設定"
"Rollable Table","ロール表"
"Table Result","テーブルの結果"
"Tile","タイル"
"Token","トークン"
"User","ユーザー"
"Wall","ウォール"
"Drawing Configuration","図形の設定"
"Default Drawing Configuration","図形描画の設定"
"Configure Default","デフォルト設定"
"Create Drawing","図形の作成"
"Update Drawing","図形の更新"
"Reset Defaults","デフォルトにリセット"
"Position","位置"
"Lines","線描"
"Fill","塗り潰し"
"Text","テキスト"
"Adjust the position and visibility of the Drawing.","図形の位置､重なり順を設定します"
"Adjust the outer line work for the Drawing.","図形の線を設定します"
"Adjust the interior fill preferences for this Drawing.","図形内の塗り潰しを設定します"
"Adjust the text label applied to this Drawing (if any).","図形にテキストラベルを付けます（任意）"
"Author","作成者"
"X-Position","X座標"
"Y-Position","Y座標"
"Width","幅"
"Height","高さ"
"Rotation","回転"
"Z-Index","重なり順"
"Line Width","線の幅"
"Stroke Color","線の色"
"Line Opacity","線の不透明度"
"Smoothing Factor","線のスムーズ化"
"For freehand drawing, the smoothing factor controls the amount of spline smoothing.","手書き描画の場合､線のスムーズ化で滑らかさを調整します。"
"Fill Types","塗り潰し種別"
"None","なし"
"Solid","塗り潰し"
"Pattern","テクスチャー"
"Fill Color","塗り潰しの色"
"Fill Opacity","塗り潰しの不透明度"
"Fill Texture","テクスチャーを適用"
"Text Label","テキストラベル"
"Font Family","フォントファミリー"
"Font Size","フォントサイズ"
"Text Color","テキストの色"
"Text Opacity","テキストの不透明度"
"Custom","カスタム"
"Multiply","乗算"
"Add","追加"
"Downgrade","ダウングレード"
"Upgrade","アップグレード"
"Override","上書き"
"Configure Active Effect","ｱｸﾃｨﾌﾞｴﾌｪｸﾄの設定"
"Details","詳細"
"Duration","持続時間"
"Effects","効果"
"Effect Label","効果名"
"Effect Icon","効果アイコン"
"Icon Tint Color","アイコンの色合い"
"Effect Suspended","効果の停止"
"Effect Origin","効果の発生源"
"Transfer Effect to Actor","アクターに効果を転送"
"Effect Duration (Seconds)","効果の持続時間（秒）"
"Effect Start Time","効果の開始時間"
"Effect Duration (Turns)","効果の持続時間（ターン）"
"Combat Encounter","イニシアチブ表"
"Effect Start Turn","効果の開始ターン"
"Attribute Key","属性キー"
"Change Mode","モード変更"
"Effect Value","効果値"
"Submit Changes","変更"
"Asleep","睡眠"
"Dead","死亡"
"Unconscious","気絶"
"Stunned","朦朧"
"Prone","伏せ"
"Restrained","拘束"
"Paralyzed","麻痺"
"Flying","飛行"
"Blind","盲目"
"Deaf","聴覚障害"
"Silenced","沈黙"
"Afraid","恐れ"
"Burning","燃焼"
"Frozen","凍結"
"Shocked","驚愕"
"Corroding","腐敗"
"Bleeding","出血"
"Diseased","病気"
"Poisoned","毒"
"Radioactive","放射能"
"Regeneration","再生"
"Degeneration","悪化"
"Empowered","強化"
"Weakened","弱体"
"Targeted","目標"
"Marked","マーク"
"Cursed","呪い"
"Blessed","祝福"
"Fire Shield","ﾌｧｲｱ･ｼｰﾙﾄﾞ"
"Ice Shield","ｱｲｽ･ｼｰﾙﾄﾞ"
"Magic Shield","ﾏｼﾞｯｸ･ｼｰﾙﾄﾞ"
"Holy Shield","ﾎｰﾘｰ･ｼｰﾙﾄﾞ"
"Actor","アクター"
"Chat Message","チャット･メッセージ"
"Combat Encounter","イニシアチブ表"
"Item","アイテム"
"Folder","ﾌｫﾙﾀﾞ"
"Journal Entry","資料"
"Macro Command","マクロ･コマンド"
"Audio Playlist","プレイリスト"
"Scene","シーン"
"Rollable Table","ロール表"
"User","ユーザー"
"Create New {entity}","新規作成 {entity}"
"New {entity}","新規 {entity}"
"Create New","新規作成"
"Foundry Virtual Tabletop uses modern JavaScript features which are unsupported on {browser} version less than {minimum}. You are using {browser} version {version}. Please update or use a different browser.","オンセ工房 FoundryVTT {minimum} から､ {browser} ではサポートされていない最新のJavaScript機能を使用しています。現在､{browser} バージョン {version} を使用しています。ブラウザを更新するか､別のブラウザを使用してください。"
"Foundry Virtual Tabletop requires a minimum screen resolution of {reqWidth}px by {reqHeight}px or greater. Your display currently has an effective resolution of {width}px by {height}px, as a result many features of the software may not work properly.","オンセ工房 FoundryVTTには､{reqWidth} px x {reqHeight} px以上の画面解像度が必要です。 現在､お使いのディスプレイの有効解像度は{width} px x {height} pxであるため､ソフトウェアの多くの機能が適切に動作しない可能性があります。"
"Your browser does not currently support WebGL rendering which is required by Foundry Virtual Tabletop. Ensure that you have hardware rendering and WebGL enabled in your browser.","ご使用のブラウザーは現在､オンセ工房 FoundryVTTで必要なWebGLレンダリングをサポートしていません。ブラウザでハードウェアレンダリングとWebGLが有効になっていることを確認してください。"
"You are using a Scene background texture with dimensions {width}px by {height}px. One or both of these dimensions exceeds the maximum texture size of {max}px supported by your device.","シーンに使うマップ画像として､{width} x {height} ピクセルのテクスチャが設定されています。それにより縦または横の解像度が､このデバイスでサポートされている最大テクスチャサイズ {max} ピクセルを超えます。"
"The provided server administrator password is invalid. If you have forgotten your configured password you will need to manually delete the <strong>Config/admin.txt</strong> file from your user data location.","指定された管理者アクセスキーは無効です。設定したアクセスキーを忘れた場合は､ユーザーデータの場所から<strong> Config/admin.txt </strong>ファイルを手動で削除する必要があります。</p>"
"The attempted Token movement collides with at least one Wall.","この移動経路は少なくとも1つのウォールと衝突します！"
"The request to browse existing packages failed to connect with the Foundry server. Make sure your application allows outbound connections.","オンセ工房 Foundryサーバとの接続に失敗したため､既存パッケージへの参照ができませんでした。アプリケーションが外部接続可能であることを確認してください。"
"No target users exist for this whisper. Check your spelling or try ""/w [User Name]"" instead.","このウィスパーの対象となるユーザーが存在しません。名前を再確認するか､ もしくは ""/w [User Name]"" を試してください。"
"You do not have permission to send whispered chat messages to other players.","ウィスパーのチャットメッセージを他のプレイヤーに送信する権限がありません。"
"You are using the grid configuration tool for a scene with no background image. This is not currently recommended and may produce unpredictable results.","背景画像のないシーンにグリッド設定ツールを使用しています。これは現在､推奨されてない使用法で､予期しない結果が生じる可能性があります。"
"The dimensions of your configured Foreground Layer image do not match the dimensions of the Background Layer image for this scene. The foreground has been resized which may have undesired results.","設定した前景レイヤーの画像サイズが､このシーンの背景レイヤーと画像サイズが一致しません。前景レイヤーのサイズが変更されたため､望ましくない結果が生じる可能性があります。"
"Acknowledge Agreement","契約の同意"
"Agree","同意する"
"I agree to these terms","これらの条件に同意する"
"Decline","辞退する"
"Create Directory","ディレクトリ作成"
"Toggle Privacy Mode","プレイバシーモードの切替"
"Display Mode","表示モード"
"List View","一覧表示"
"Tiles View","タイルビュー"
"Thumbnail View","サムネイルビュー"
"Images View","イメージビュー"
"Filter Results","ファイル検索"
"S3 Bucket","S3 バケット"
"Selected","選択ファイル"
"Select File","ファイル選択"
"Select Directory","ディレクトリ選択"
"Asset Grid Size","アセット･グリッドサイズ"
"Specify the pixel grid size of source tile artwork so it will be automatically resized when placed onto your active Scene.","元のタイル画像のピクセルグリッドサイズを指定して､シーンに配置したときに自動的にサイズ調整されるようにします。"
"No matching results found in this location.","その条件で一致するファイルは見つかりませんでした。"
"Upload","アップロード"
"Search","検索"
"The file you have attempted to upload is too large for your proxy server to handle.","アップロードしようとしたファイルは､プロキシサーバで処理するには大きすぎます。"
"Something went wrong with your file upload request.","ファイルのアップロードリクエストで問題が発生しました。"
"You have uploaded files into a module or system directory. This is generally <strong>unsafe</strong> because updates to the system or module will delete your files.","モジュールまたはシステムディレクトリにファイルをアップロードしました。システムまたはモジュールを更新するとファイルが削除されるため､これは通常<strong>安全ではありません</strong>。"
"Directory Browser","ディレクトリ･ブラウザ"
"Image or Video Browser","画像/動画ブラウザ"
"Image Browser","画像ブラウザ"
"Video Browser","動画ブラウザ"
"Audio Browser","音声ブラウザ"
"User Data","ﾕｰｻﾞｰﾃﾞｰﾀ"
"Core Data","FVTT ﾃﾞｰﾀ"
"Amazon S3","Amazon S3"
"Browse Files","ファイル･ブラウズ"
"Game Paused","一時停止"
"You cannot take this action while the game is currently paused.","ゲームが一時停止している間､そのアクションは実行できません。"
"Game invitation link copied to clipboard","招待リンクをクリップボードにコピーしました"
"Share the below invitation links with users who you wish to have join your game. The local invitation link is for users on your local network while the internet link connects via internet on the configured port.","あなたのゲームに参加したいユーザーに､以下の招待リンクを送ってください。ネットワークの招待リンクは､あなたのローカルネットワーク上のユーザーのためのもので､インターネットの招待リンクは設定されたポートを使ってインターネット経由で接続します。"
"Internet","ｲﾝﾀｰﾈｯﾄ"
"Local Network"," ﾈｯﾄﾜｰｸ"
"Game Invitation Links","ゲームへの招待リンク"
"Create Item","アイテム作成"
"Delete Item","アイテム削除"
"Search Items","アイテム検索"
"View Item Artwork","アイテム画像を見せる"
"Toggle Visibility State","可視状態の切替"
"Toggle Locked State","ロック状態の切替"
"Bring to Front","前面へ移動"
"Send to Back","背面へ移動"
"Overhead Tile","タイルを表側に"
"Underfoot Tile","タイルを奥側に"
"Play Tile Video","タイル動画 再生"
"Pause Tile Video","タイル動画 一時停止"
"Journal","資料"
"Search Journal Entries","資料検索"
"Create Entry","資料作成"
"Text","テキスト"
"Image","画像"
"Show Players","プレイヤーに見せる"
"Showed the {mode} content of {title} to {which} players.","{title} の {mode} コンテンツを {which}プレイヤーに表示しました。"
"Save Entry","記録を保存"
"Center","中央揃え"
"Bottom","下揃え"
"Top","上揃え"
"Left","左揃え"
"Right","右揃え"
"Light Animation Type","ライトのアニメーション種別"
"Animation Speed","アニメーション速度"
"Animation Intensity","アニメーション強度"
"Torch","たいまつ"
"Pulse","明滅"
"Chroma","彩度の変化"
"Pulsing Wave","パルス波"
"Swirling Fog","淀んだ霧"
"Sunburst","太陽光"
"Light Dome","波打つ光"
"Mysterious Emanation","渦を放つ光"
"Energy Field","力場"
"Hexa Dome","防御障壁"
"Ghostly Light","亡霊の光"
"Roiling Mass (Darkness)","回転する靄 (闇)"
"Black Hole (Darkness)","ブラックホール (闇)"
"Light Source Configuration","ライトの設定"
"Configure the position, radius, angle, color, and animation of this ambient light source.","光源の位置､半径､角度､色､およびアニメーションを設定します。"
"Create Light Source","ライト作成"
"Darkness Activation Range","暗さの有効範囲"
"You may specify a range of darkness levels during which this light source will be visible.","この光源が見える暗さレベルの範囲を指定できます。"
"Dim Light Radius","薄暗い照明 (半径)"
"Bright Light Radius","明るい照明 (半径)"
"Emission Angle","照射角"
"Light Color","色合い"
"Color Intensity","色の濃度"
"Light Rotation Angle","角度"
"Light Type","ライトの種別"
"Local Light","ローカル"
"Global Light","グローバル"
"Universal Light","ユニバーサル"
"Update Light Source","ライトを更新"
"Create Macro","マクロ作成"
"Delete Macro","マクロ削除"
"This Macro will be permanently deleted for all Users.","このマクロは完全に削除されます。全ユーザーが影響を受けます。"
"Edit Macro","マクロ編集"
"Execute Macro","マクロ実行"
"Remove Macro","マクロ除去"
"Save Macro","マクロ保存"
"Search Macros","マクロ検索"
"Reload Application","再読み込み"
"Log Out","ログアウト"
"User Management","ユーザー管理"
"Return to Setup","セットアップに戻る"
"Bug or Issue Reports","バグまたは問題の報告"
"Deactivate All Modules","全てのMODを非有効化"
"Module Documentation","モジュールの説明書"
"Module Management","モジュールの管理"
"Use this form to configure which Modules are active within your current World. Submitting changes to active modules will cause the current session to reload.","このワールドで有効化したいモジュールを設定します。モジュールの更新を行なうと現在のワールドが再読み込みされます。"
"The Modules listed below are currently active within this World.","以下のモジュールは現在､このワールドで有効化されています。"
"No Modules are available within this World. You can view, but do not have permission to modify this list.","このワールドで利用可能なモジュールはありません。この一覧を表示することはできますが､変更する権限がありません。"
"Filter Modules","MODフィルタ"
"Save Module Settings","モジュールを更新"
"Dependencies","依存関係"
"This module has {number} inactive dependencies which are required for it to function properly:","このモジュールには､正しく機能するために必要な {number} つの依存関係があります。それらも有効にしますか？"
"Enable module and its dependencies?","モジュールとその依存関係を有効にしますか？"
"This module had {number} dependencies which may no longer be required:","このモジュールには {number} つの依存関係がありますが､これらは不要になる可能性があります。無効にしますか？"
"Would you like to disable them also?","モジュールとその依存関係を無効にしますか？"
"The dependency {missing} is not installed!","依存関係となる {missing} がインストールされていません！"
"You have enabled the module {module}, but it's dependencies {missing} are not enabled!","モジュール {module} を有効にしましたが､依存関係 {missing} が有効になっていません！"
"All Modules","全てのモジュール"
"Active Modules","有効化モジュール"
"Inactive Modules","非有効化モジュール"
"Text Anchor Point","ﾃｷｽﾄｱﾝｶｰﾎﾟｲﾝﾄ"
"Map Note Configuration","地点メモ設定"
"Create Map Note","地点メモ作成"
"Entry Icon","地点アイコン"
"Font Size","フォントサイズ"
"Font Family","フォント･ファミリー"
"Icon Size","アイコンサイズ"
"Icon Tint","アイコンの色合い"
"Text Label","テキストラベル"
"Text Color","テキストの色"
"Update Map Note","地点メモを更新"
"You do not have sufficient permission to create a Note for {name}.","{name} の地点メモを作成する権限がありません。"
"Players","参加メンバー"
"Select Character","キャラクター選択"
"Selected Character","選択済キャラクター"
"Release Character","キャラクター解放"
"User Configuration","ユーザー設定"
"Player Color","プレイヤーの色"
"Player Avatar","プレイヤー アバター"
"Pull To Scene","このシーンに集合"
"Save Configuration","設定を保存"
"View Player Avatar","プレイヤー アバターを見る"
"Kick Player","プレイヤー キック"
"Ban Player","プレイヤーBAN"
"Un-Ban Player","プレイヤーBAN解除"
"Create Playlist","ﾌﾟﾚｲﾘｽﾄ 作成"
"Delete Playlist","プレイリスト削除"
"Edit Playlist","プレイリスト編集"
"Search Playlists","プレイリスト検索"
"Global Volume Controls","サウンド設定"
"Currently Playing","現在再生中"
"Soundboard Only","環境音/効果音のみ"
"Sequential Playback","順次再生"
"Shuffle Tracks","シャッフル再生"
"Simultaneous Playback","同時再生"
"Play Playlist","プレイリスト再生"
"Stop Playlist","プレイリスト停止"
"Next Sound","次のサウンドを再生"
"Previous Sound","前のサウンドを再生"
"Playlists","プレイリスト"
"Ambient","環境音"
"Interface","効果音"
"Playlist Name","プレイリスト名"
"Playback Mode","再生モード"
"Fade Duration (ms)","フェード時間 (ms)"
"Playlist Description","プレイリストの説明"
"Update Playlist","プレイリスト更新"
"Create Sound","サウンド作成"
"Edit Sound","サウンド編集"
"Delete Sound","サウンド削除"
"Loop Sound","サウンド･ループ"
"Track Name","サウンド名"
"Audio Source","元のサウンドデータ"
"Sound Description","サウンドの説明"
"Repeat","リピート再生"
"Large File Streaming","大容量データのストリーミング再生"
"Update Track","サウンドを更新"
"Play Sound","サウンド再生"
"Pause Sound","サウンド一時停止"
"Preload Sound","先読み"
"Resume Sound","再生の再開"
"Sound Volume","サウンド音量"
"Sound Stop","サウンド停止"
"Bulk Import","一括インポート"
"No valid Playlist Sounds were imported from the requested ""{path}"" directory","要求された ""{path}"" ディレクトリから有効なプレイリスト･サウンドがインポートできませんでした"
"Accessibility","権限設定"
"GM Only","GMのみ"
"All Players","全プレイヤー"
"Activate","有効化"
"Audio Playlist","再生するプレイリスト"
"A Playlist which should automatically begin playing when this Scene is activated.","このシーンが有効化されたときに自動再生するプレイリストを選択します。"
"Background Color","背景色"
"Background Image","マップ画像"
"Configure the background image and dimensions of the scene's primary map.","シーンに表示するマップの画像とサイズを設定します。"
"Foreground Image","前景画像"
"An optional foreground image which is drawn above other objects in the Scene.","シーン内の他のオブジェクトの上に描画される前景画像。(オプション)"
"Background Image Scale","マップ画像の縮尺"
"Use SHIFT+Mousewheel or SHIFT+Up Arrow and SHIFT+Down Arrow to adjust the background image size.","Shift＋マウスホイール､または､Shift＋上矢印または下矢印で､背景画像サイズを調整します。"
"Configure","設定"
"Configure Scene","シーン設定"
"Darkness Level","暗さの度合い"
"Apply an overlay which darkens the Scene and diminishes light sources to simulate nighttime or dim conditions.","シーンを暗くするために上書きされる闇を適用することで､夜間または薄暗い状態を作り出すための光源を減少させます。"
"Scene Dimensions","シーンのサイズ"
"Change Scene Dimensions?","シーンのサイズ変更をしますか？"
"You are changing the underlying dimensions of this Scene, if you have already placed objects in this Scene this operation may cause those objects to shift position relative to the background image.","このシーンの基になる寸法を変更します。このシーンにおいて､すでにオブジェクトを配置している場合､この操作によって､これらのオブジェクトがマップ上の本来の位置からずれる可能性があります。"
"Fog Exploration","探索によるマスク除去"
"Track the exploration progress of Tokens in this Scene, revealing fog of war for areas which have been explored.","このシーンの探索状況を記録し､マップ上で明らかになった箇所が見えるようになります。"
"Regenerate Thumbnail Image","サムネイル画像を再生成"
"Unrestricted Vision Range","見える範囲の無制限化"
"Reveal all areas that controlled Tokens have direct line of sight to observe. If disabled, vision is restricted to illuminated areas.","操作するトークンから視線が通る､全ての範囲が見えるようになります。無効にすると､見える範囲が照明などで照らされた範囲に制限されます。"
"Vision Limitation Threshold","見える暗さの閾値"
"Automatically disable the Unrestricted Vision Range setting when the Darkness Level of the Scene exceeds a threshold value.","暗さのレベルが閾値を超えると､見える範囲の無制限化が自動的に無効化されます。"
"Grid Color","グリッドの色"
"Grid Configuration Tool","グリッド設定ツール"
"Configure the grid and background image position using the mousewheel and arrow keys, or by manually setting the following fields.","マウスホイールと矢印キーを使用するか､次の入力欄を手動で設定して､グリッドと背景画像の位置を設定します。"
"Grid Opacity","グリッドの不透明度"
"Grid Type","グリッド種別"
"Gridless","グリッド無し"
"Square","スクエア (四角マス)"
"Hexagonal Rows - Odd","ヘクス (六角マス) 奇数行"
"Hexagonal Rows - Even","ヘクス (六角マス) 偶数行"
"Hexagonal Columns - Odd","ヘクス (六角マス) 奇数列"
"Hexagonal Columns - Even","ヘクス (六角マス) 偶数列"
"Grid Size","グリッドサイズ "
"Use ALT+Mousewheel or ALT+Up Arrow and ALT+Down Arrow to adjust the grid size.","Shift＋マウスホイール､または､Shift＋上矢印または下矢印で､グリッド･サイズを調整します。"
"Grid Offset Position","グリッド･オフセット位置"
"Use the Arrow Keys to shift the grid offset.","矢印キーを使用して､グリッドを微調整します。"
"Grid Scale","グリッドの単位"
"Distance","ｸﾞﾘｯﾄﾞの距離 "
"Units","ｸﾞﾘｯﾄﾞの単位"
"Ambience and Atmosphere","環境設定"
"Configure additional integrations between this scene and Journal Entries, Audio Playlists, or Weather Effects.","このシーンの資料や､音楽再生､あるいは天候エフェクトなどの環境を設定します。"
"Details and Dimensions","シーンの詳細とサイズ"
"Configure the basic details for this scene and permissions which control its visibility.","このシーンの詳細設定と､見える範囲に関する設定をします。"
"Grid Configuration","グリッド設定"
"Configure the grid dimensions which are used to measure token movement in this scene.","このシーンでトークンの移動に使うグリッドの形状とサイズを設定します。"
"Vision and Lighting","照明と視覚"
"Configure the vision, lighting, and fog of war settings which apply to this Scene.","このシーンに使用される視覚､照明､およびシーンマスクを設定します。"
"Initial View Position","初期表示位置"
"Capture Current View","現在の表示位置を初期表示位置にする"
"Set a default camera position that is displayed the first time this Scene is viewed.","このシーンが初めて表示される場合の､既定の表示位置を設定します。"
"Loading {name}","読み込み中 {name}"
"Navigation Name","ナビゲーション名"
"An alternative name for the Scene that is displayed in the Navigation Bar instead of the actual Scene name.","ナビゲーションバーにて､プレイヤーに表示される代替シーン名。"
"Scene Notes","シーンメモ"
"Padding Percentage","マップ余白"
"pixels","ﾋﾟｸｾﾙ"
"Preload Scene","先読み"
"Scene Name","シーン名"
"View Scene","シーンを表示"
"Journal Notes","シーンのメモ"
"A linked Journal Entry which provides notes for the Game Master about this Scene.","ゲームマスターは､シーンのメモとして指定された資料を開くことができます。"
"Playlist Sound","プレイリスト･サウンド"
"You may choose a specific Playlist Sound which should play when this Scene is active, otherwise the entire Playlist will play.","このシーンが有効なとき､再生される指定のプレイリスト内のサウンドを選択することができます。それ以外の場合､プレイリスト全体が再生されます。"
"Navigation","ナビゲーションバーに表示"
"Offset Background","グリッド･オフセット位置"
"Horizontal","X座標"
"Vertical","Y座標"
"Token Vision","トークンの視覚"
"Restrict visibility within this Scene to the shared vision of all controlled Tokens. If disabled, the entire Scene is visible.","操作するトークンに設定された視覚に基づいて､シーン内で見通せる距離を制限します。無効にすると､シーン全体が表示されます。"
"Toggle Navigation","ﾅﾋﾞｹﾞｰｼｮﾝﾊﾞｰ切替"
"units","ﾕﾆｯﾄ"
"Weather Effect","天候エフェクト"
"Configure an active Weather Effect which is present within this Scene.","このシーンに適用する天候エフェクトを選ぶことができます。"
"Configure Settings","コンフィグ設定"
"Controls Reference","操作リファレンス"
"Demo Mode","デモ・モード"
"View Documentation","説明書を開く"
"Invitation Links","招待リンク"
"Manage Modules","モジュールの管理"
"View Active Modules","有効化されたモジュールを表示"
"Configure Game Settings","コンフィグ設定"
"Update Software","アップデート"
"Log Out","ログアウト"
"User Management","ユーザー管理"
"Reset Defaults","デフォルトにリセット"
"Save Changes","変更内容を保存"
"Return to Setup","セットアップに戻る"
"General Information","一般情報"
"Game Settings","ゲーム設定"
"Help and Documentation","ヘルプ ドキュメント"
"Game Access","ゲームへの招待リンク"
"Community Wiki Pages","コミュニティ Wikiページ"
"Token Vision Animation","トークンの視覚照明アニメーション"
"Animate Token vision and light changes during Token movement animations. Disabling this will improve performance for lower-end machines.","トークンの移動に合わせてトークンの視覚と照明の変化をアニメーション化します。これを無効にすると､ローエンドマシンのパフォーマンスが向上します。"
"Light Source Animation","光源アニメーション"
"Allow light source animations. Disabling this will improve performance for lower-end machines.","光源アニメーションを有効化します。これを無効にすると､ローエンドマシンのパフォーマンスが向上します。"
"Disable Pixel Resolution Scaling","高DPIスケーリングの無効化"
"Disable automatic scaling of the canvas resolution to the pixel density of the display device. This will result in a reduction in visual quality but an improvement in application performance for high-density displays.","ディスプレイのDPIに対するキャンバス解像度の自動スケーリングを無効にします。これにより見た目の品質は低下しますが､高DPIディスプレイを使用した場合のパフォーマンスが向上します。"
"Language Preference","言語設定"
"Change the displayed language for Foundry Virtual Tabletop.","オンセ工房 FoundryVTTの表示言語を変更します"
"Left-Click to Release Objects","左クリックでオブジェクト解放"
"When enabled, a left click on empty canvas space will release any currently controlled objects. If disabled, objects are released by selecting an empty space, shift-clicking the object, or pressing the escape key.","有効化することで､空いている空間を左クリックすると､選択中のオブジェクトが全て未選択になります。無効にした場合､オブジェクトをShiftキーを押しながらクリックするか､Escキーを押すことで､オブジェクトが未選択になります。"
"Disable Game Canvas","ゲームキャンバスの無効化"
"The game canvas which provides a visual representation of the virtual tabletop can be disabled. This allows for low-end machines to use a subset of software features.","オンラインセッションツール上で視覚的な表示を提供する機能､ゲームキャンバスを無効化します。これは､性能の低いPCが､ソフトウェアの機能を部分的に使用するのを許可します。"
"Enable Chat Bubbles","吹き出しを有効にする"
"Configure whether or not chat bubbles will be displayed above Tokens for in-character and emote type chat messages.","キャラクターのチャットメッセージを､トークンの上に吹き出しとして表示するよう設定します"
"Pan to Token Speaker","吹き出しに画面移動"
"Configure whether to automatically pan the camera to a speaking token when it displays a chat bubble.","吹き出しが表示されたとき､自動的にそのトークンに画面を移動させます。"
"Maximum Framerate","最大FPS"
"Limit the maximum framerate at which Foundry Virtual Tabletop will render canvas updates. Lowering this value may improve application performance for less powerful hardware.","オンセ工房 FoundryVTTがキャンバスをレンダリングする最大フレームレートに上限を設けます。この値を下げると､ハードウェア･パフォーマンスが低下し､アプリケーションのパフォーマンスが向上する可能性があります。"
"Zoomed Texture Antialiasing","拡大時のアンチエイリアス"
"Compute mipmaps to antialias sprite textures at lower levels of zoom. This is a client setting as different users may prefer different visual styles.","拡大化の際にテクスチャ･アンチエイリアスのミップマップ計算をします。ユーザーがさまざまな視覚スタイルを好むことを考えて､クライアント側で設定可能です。"
"Enable Soft Shadows","ソフトシャドウの有効化"
"Enable soft shadows for more beautiful dynamic lighting, or disable it for improved performance on machines with lower-end hardware.","より良い動的照明を得たい場合､ソフトシャドウを有効化します。ローエンドPC向けに負荷を軽減したい場合は無効化します。"
"Core Settings","コア設定"
"Module Settings","ﾓｼﾞｭｰﾙ設定"
"System Settings","システム設定"
"Token Drag Vision","トークン･ドラッグ中の視覚有効化"
"When enabled, vision and lighting for a Token is previewed in real time during a left-click drag workflow. This is disabled by default because it may promote undesirable meta-gaming behaviors.","有効化すると､左ドラッグによるトークンの移動中でも視覚と照明がリアルタイムにプレビューされます。これは望ましくない状況でネタバレを引き起こす可能性があるため､デフォルトでは無効になっています。"
"Default Token Configuration","デフォルトのトークン設定"
"Configure Default Token Settings","デフォルトのトークン設定を変更します"
"Configure default Token values for newly created Actors.","新規に作成されたアクターのデフォルトのトークン設定を指定します。"
"Reset User role permission configuration to default values.","ユーザーのロール権限設定をデフォルトにリセットします。"
"Updated User role permission configuration.","ユーザーのロール権限設定を更新しました。"
"Core Software Version","コアソフトウェアバージョン"
"If an update to the core Foundry Virtual Tabletop software is available, you may apply it here. You are currently using version {coreVersion}.","オンセ工房 FoundryVTTのアップデートが利用可能な場合､ここで適用可能です。現在バージョン {coreVersion} を使用しています。"
"Default Language","デフォルトの言語"
"You may choose a default language for the application by choosing a module which provides the core translation files for that language.","対応する言語の翻訳ファイルを提供するモジュールを選択することにより､デフォルトの言語が選択できます。"
"Software Configuration","ソフトウェア設定"
"You must install a game System before you can create a new World","新しいワールドを作成する前にゲームシステムをインストールする必要があります"
"Software Update","ソフトウェア･アップデート"
"A {type} update to {channel} version {version} is now available!","{type} {channel} バージョン {version} へのアップデートが利用可能になりました！"
"Configuration","設定"
"These fields customize the behavior of the Foundry Virtual Tabletop application. Changes will require the server to restart.","以下の設定は､オンセ工房 FoundryVTTのカスタム設定です。変更の際は注意してください。変更を有効にするには､再起動する必要があります。"
"Optimize Static Files","ファイルの最適化"
"Reduce network traffic by serving minified static JavaScript and CSS files. Enabling this setting is recommended for most users, but module developers may wish to disable it.","小型化された静的JavaScriptとCSSのファイルにすることで､ﾈｯﾄﾜｰｸﾄﾗﾌｨｯｸを削減します。ほとんどのユーザーにお勧めしますが､MOD開発者は無効にすることをお勧めします。"
"Add-on Modules","アドオン･モジュール"
"Game Systems","ゲームシステム"
"Configuration and Setup","設定 ＆ セットアップ"
"Update Software","アップデート"
"Update System","システム･アップデート"
"An update to the Core Software is available, Return to Setup in order to apply it!","コアソフトウェアのアップデートが利用可能です。適用するために､セットアップに戻ってください！"
"An update to the System is available, Return to Setup in order to apply it!","システムのアップデートが利用可能です。適用するために､セットアップに戻ってください！"
"Update All","全てアップデート"
"Software Update Channel","ソフトウェア･アップデート･チャンネル"
"You may choose an update channel to control the types of updates you wish to receive for the core Foundry Virtual Tabletop software. If you do not have a specific reason to change this, it is recommended to consume the Release channel.","アップデート･チャネルを選択して､オンセ工房 FoundryVTTソフトウェアにダウンロードするアップデート種別を設定できます。特別な理由がない限り､リリースチャンネルを使用することをお勧めします。"
"Update","ｱｯﾌﾟﾃﾞｰﾄ"
"Check For Update","アップデートを確認"
"Alpha (Unstable)","α版 (不安定版)"
"Beta (Release Candidate)","β版 (リリース候補版)"
"Release (Stable)","リリース版 (安定版)"
"Checking the Force Update box will force your version to the requested channel. Do not use this option unless you know exactly what you are doing.","[強制アップデート]をオンにすると､適切なバージョンの際に強制アップデートが適用されます。よくわからないときは､このオプションを使用しないでください。"
"Uninstall","ｱﾝｲﾝｽﾄｰﾙ"
"Create World","ワールド作成"
"Delete World","ワールド削除"
"Edit World","ワールド編集"
"Launch World","ワールド起動"
"Game Worlds","ワールド"
"Requires Update","要アップデート"
"Requires System Update","要システム･アップデート"
"Requires Dependency","要ディペンデンシー"
"Requires Core Update","要コア･アップデート"
"Locking a Package prevents it from being uninstalled or updated","パッケージをロックして削除されないようにするか､更新します"
"Updated version available at new installation URL","更新されたバージョンは､新しいインストールURLで利用できます"
"A newer version of ""{package}"" is available at a different installation URL. This happens when the package hosting location or the author has changed.","""{package}"" の新しいバージョンは､別のインストールURLで入手できます。これは､パッケージのホスティング場所または作成者が変更した場合に発生します。"
"Prior Manifest URL (Version {version})","以前のマニフェストURL (バージョン {version})"
"Updated Manifest URL (Version {version})","更新されたのマニフェストURL (バージョン {version})"
"Would you like to switch to the new manifest URL? (this is recommended)","新しいマニフェストURLに切り替えますか？ (推奨)"
"Save Application Configuration","アプリケーション設定の保存"
"Modifying these configuration options will cause the server to be shut down and require that you restart the server manually. Do you wish to continue?","これらの設定オプションを変更すると､サーバがシャットダウンされ､サーバを手動で再起動する必要があります。続行しますか？"
"The Foundry Virtual Tabletop server has been terminated to apply changes. You must restart manually.","オンセ工房 FoundryVTTサーバは変更を適用するために終了しました。手動で再起動する必要があります。"
"Current Version","現在のバージョン"
"Force Update?","強制 Update?"
"Compatibility Unknown","互換性不明"
"Compatibility Risk","互換性リスク有"
"Compatibility Risk ({version})","互換性リスク ({version})"
"Manifest URL","URLを指定"
"You can install any package by providing a direct link to its JSON manifest URL.","JSON manifestのURLリンクを使い､パッケージのインストールが可能です。."
"Install Module","モジュール インストール"
"Install System","ゲームシステム インストール"
"{type} {name} was installed successfully","ｲﾝｽﾄｰﾙ完了"
"Installation failed: {message}","インストールに失敗しました。"
"Install World","ワールド インストール"
"uninstalled successfully","ｱﾝｲﾝｽﾄｰﾙ完了"
"Uninstallation failed","アンインストールに失敗しました。"
"updated successfully","ｱｯﾌﾟﾃﾞｰﾄ完了"
"Update failed","ｱｯﾌﾟﾃﾞｰﾄ失敗"
"Loading Available Packages","利用可能なパッケージを読込中"
"Filter Packages","パッケージ･フィルタ"
"You can filter available packages by name.","パッケージ名またはタイトルで検索し､利用可能なパッケージを絞り込むことができます"
"Package Categories","パッケージの種類"
"Installed","ｲﾝｽﾄｰﾙ済"
"Not Owned","未所有"
"Package Name","パッケージ名"
"All Packages","全てのパッケージ"
"Installed Only","インストール済"
"Uninstalled Only","未インストール"
"{title} has {number} dependencies which are not yet installed.","{title} には､まだインストールされていない {number} つの依存関係があります。"
"Install Package Dependencies","不足パッケージのインストール"
"You may not be able to use this package if these dependencies are not present. Do you wish to install them automatically?","これらの依存関係が成立しない場合､このパッケージを使用できない場合があります。不足のものを自動インストールしますか？"
"You have chosen not to install the required dependency packages for {title}. You will need to install them manually.","{title} に必要な依存パッケージをインストールしないことを選択しました。手動でインストールする必要があります。"
"Successfully installed {title} and {number} dependencies.","{title} および {number} つの依存関係に必要なものが正常にインストールされました。"
"An update is available for {name} but cannot be installed because it requires core software version {vreq} and you are currently using version {vcur}.","{name} のアップデートは利用可能ですが､コアソフトウェアバージョンとして {vreq} が必要で､現在使用中のバージョン {vcur} ではインストールできません。"
"Delete {type}: {title}","削除 {type}: {title}"
"Are you sure you want to delete the {type} <strong>{title}</strong>?","<strong>{title}</strong> {type} を削除してもよろしいですか？"
"<strong>Warning:</strong> This will permanently delete your world content and <strong>can not</strong> be un-done. Are you sure you wish to do this?</strong>.","<strong>警告:</strong> これによりワールドが完全に削除され､ <strong>元に戻すことはできません。</strong>実行してもよろしいですか？</strong>"
"Type the exact title of your world <strong>{title}</strong> in the box below to proceed.","続行するには､以下の入力欄にワールドの正確なタイトル <strong>{title}</strong> を入力してください。"
"<strong>Warning:</strong> This operation cannot be un-done.","<strong>警告:</strong> この操作は取り消すことができません。"
"You must enter the exact World name to confirm the deletion request.","削除するには､正確なワールド名を入力する必要があります。"
"Update","ｱｯﾌﾟﾃﾞｰﾄ確認"
"Blocked","更新保留"
"Update","ｱｯﾌﾟﾃﾞｰﾄ"
"Current","最新"
"Updating","ｱｯﾌﾟﾃﾞｰﾄ中"
"Updated","ｱｯﾌﾟﾃﾞｰﾄ済"
"Downloading Update","アップデートのダウンロード"
"Download Complete","ダウンロード完了"
"Extracting Update","アップデートの抽出"
"Extraction Complete","抽出完了"
"Cleaning Directory","ディレクトリ･クリーニング"
"Cleaning Complete","クリーニング完了"
"Installing Update","アップデートのインストール"
"Installation Complete","インストール完了"
"In order to update Foundry Virtual Tabletop you will need to be connected to the internet and have a valid software license.","オンセ工房 FoundryVTTをアップデートするには､インターネットに接続する必要があり､有効なソフトウェア･ライセンスが必要です。"
"This update is a new major version of the Foundry Virtual Tabletop software. Installing this update will require some installed modules which may not yet be compatible to be disabled.","このアップデートは､オンセ工房 FoundryVTTの新しいメジャーバージョンです。このアップデートをインストールするには､まだ互換性が無いと思われる､いくつかのインストール済みモジュールを無効化する必要があります。"
"Download Update {version}","{version} アップデートをダウンロード"
"An update to Foundry Virtual Tabletop version {version} is available!","オンセ工房 FoundryVTT バージョン {version} が利用可能です！"
"You are not allowed to update this instance of Foundry Virtual Tabletop because it was launched in --noupdate mode.","--noupdate モードで起動されているため､オンセ工房 FoundryVTTのこのインスタンスを更新することができません。"
"No software update is currently available on the requested update channel.","要求されたアップデート･チャンネルで､現在､利用可能なソフトウェア･アップデートはありません。"
"Package Update Log","パッケージ･アップデート･ログ"
"Package","パッケージ"
"Version Change","バージョン変更"
"World Data Migration Required","要ワールド･データの移行"
"<p>Launching the world <strong>{world}</strong> will migrate its data model from an older core software version {oldVersion} to the currently installed version {newVersion}.</p><p>As part of this process, <strong>{nIncompatible} out of {nModules} installed modules</strong> which may not yet be compatible with the new version will be automatically disabled. You may re-enable them manually if you wish.</p><p>Please check for any available updates to your game systems and modules, and please be sure to periodically back up your critical world data. Would you like to proceed?</p>","<p><strong>{world}</strong> を起動するには､データを古いコアソフトウェアバージョン {oldVersion} から､現在インストールされているバージョン {newVersion} に移行する必要があります。</p><p>その課程において､新しいバージョンとは互換性がないと思われる {nModules} インストール済モジュールのうち <strong>{nIncompatible} が自動的に無効になります</strong>。必要に応じて､手動により再度有効にすることは可能です。</p><p>ゲームシステムとモジュールに利用可能なアップデートがあるかどうかを確認し､重要なワールド･データは定期的にバックアップしてください。続行しますか？</p>"
"Foundry Virtual Tabletop &bull; Administrator Access","オンセ工房 &bull; 管理者アクセス"
"Administrator Password","・管理者パスワード"
"You must provide the administrator password in order to access application setup.","アプリケーション設定にアクセスするには､管理者パスワードを入力する必要があります。"
"You may assign a special administrator password which is required in order to access this setup screen.","このセットアップ画面にアクセスするために必要な管理者パスワードを割り当てることができます。"
"Admin Log Out","管理者ログアウト"
"AWS Configuration Path","・AWS パスの設定"
"You may provide an AWS configuration file for S3 integration. The path is absolute or relative to the Config subdirectory of user data.","S3統合用のAWS構成ファイルを設定します。 パスはユーザーデータのConfigサブディレクトリに対する絶対パスまたは相対パスです。"
"Port","・ポート"
"You may choose which port Foundry Virtual Tabletop uses for TCP connection traffic and enable or disable Universal Plug and Play (UPnP).","オンセ工房 FoundryVTTがTCP接続に使用するポートを選択し､ユニバーサル･プラグアンドプレイ (UPnP) を有効または無効にすることができます。"
"Enable UPnP?","UPnPの有効化"
"User Data Path","・ユーザーデータのパス"
"Configure the location where your user data including worlds, systems and modules are stored.","ワールド､ゲームシステム､モジュールなどのユーザーデータが保存される場所を指定します。"
"Default World","・既定のワールド"
"You may choose one of your available worlds to automatically launch when the software is started.","ソフトウェア起動時に､自動的に起動する利用可能なワールドの1つを選択できます。"
"SSL Certificate","・SSL 証明書"
"SSL Private Key","・SSL プライベートキー"
"You may run the server using secure socket layer (SSL) encryption by providing paths to certificate and key files. Paths are absolute or relative to the Config subdirectory in user data.","証明書とキーファイルへのパスを入力することで､SSLを使用してサーバ実行できます。 パスはユーザーデータのConfigサブディレクトリに対する絶対パスまたは相対パスです。"
"JavaScript","JavaScript"
"CSS","CSS"
"Compendium","辞典"
"Localization","多言語対応"
"Version","Ver"
"Core Version","コア Ver"
"Timed Out","タイムアウト"
"Current Players","現在のプレイヤー"
"Join Game Session","ゲームセッションに参加する"
"Game Details","セッションの詳細"
"Return to Setup","セットアップに戻る"
"World Description","ワールドの説明"
"Next Session","次回セッション日時"
"Select User","ユーザー選択"
"User Password","ユーザー･パスワード"
"You are authenticated as a server administrator user.","サーバ管理者ユーザーとして認証されています。"
"The requested User, ""{user}"", does not exist!","要求されたユーザー, ""{user}"", は存在しません！"
"Invalid password provided for {user}!","{user} のパスワードが無効です！"
"{user} does not have permission to access this World!","{user} は､このワールドにアクセスする権限がありません！"
"Login as {user} successful, joining game!","{user} はログインし､ゲームに参加しました！"
"This Sheet","このシート"
"Default Sheet","デフォルトのシート"
"Override which sheet type you would like to use for this specific entity.","このデータに使用する特定のシートを指定します。"
"Set the default sheet type used for this entity type (GM Only).","この種別のデータに使用する既定のシートを指定します。(GMのみ)."
"You do not have sufficient permissions to view this entity sheet.","このシートを表示するために必要な権限がありません。"
"Save Sheet Configuration","設定を保存"
"View Character Artwork","キャラクター画像を表示"
"Collapse or Expand","たたむ / 展開"
"Delete","削除"
"This {type} will be permanently deleted and cannot be recovered.","この {type} は完全に削除され､元に戻すことはできません。"
"Duplicate","複製"
"Export Data","エクスポート"
"Ambient Sound Configuration","環境音の設定"
"Configure the ambient sound to play an audio file when tokens move within it's radius.","トークンが指定の半径内に入ったときに再生される環境音を設定します。"
"Create Ambient Sound","環境音の作成"
"Update Ambient Sound","サウンドを更新"
"Source File Path","元の音声データ"
"path/to/audio.mp3","path/〜/audio.mp3"
"Effect Radius","音が聞こえる範囲"
"Sound Type","サウンド種別"
"Local Sound","ローカル"
"Global Sound","グローバル"
"Volume Easing","音量の減衰"
"Adjust the volume level of the sound as Tokens move closer to the origin.","音の発生源からの距離に合わせて音量が変わります。"
"Maximum Volume","音量"
"Define the maximum volume of the sound at it's origin point (if easing) or everywhere in the area.","音の起点､または､全ての範囲内での最大音量を設定します。"
"New Sound","新規サウンド"
"Darkness Activation Range","暗さによる有効化"
"You may specify a range of darkness levels during which this ambient sound will be audible.","暗さレベルの範囲を指定して､暗さに合わせて周囲の音が聞こえるようにします。"
"Clear Folder","フォルダから除去"
"Folder Color","フォルダ色"
"Create Folder","フォルダ作成"
"Collapse All Folders","全てのフォルダをたたむ"
"Delete All","全削除"
"This folder and its contents will be permanently deleted and cannot be recovered.","このフォルダとその中身は完全に削除されます。"
"Edit Folder","フォルダ設定"
"Export to Compendium","辞典へのエクスポート"
"Folder Name","フォルダ名"
"Remove Folder","フォルダ除去"
"This folder will be permanently deleted and its contents will be moved to its parent folder.","このフォルダを削除して､その中身は親フォルダに移動します。"
"Alphabetical","ABC順"
"Manual","ﾏﾆｭｱﾙ"
"Sorting Mode","並び替えモード"
"Update Folder","フォルダ更新"
"Export Content","コンテンツのエクスポート"
"You may export contained entities from this folder into an unlocked Compendium pack of the appropriate type.","このフォルダに含まれているエンティティを､適切な種別の辞典(ロック解除済みであること)にエクスポートできます。"
"Destination Pack","保存先"
"Merge By Name?","名前でマージしますか？"
"There are no unlocked compendium packs available for {type} entities which you can export to.","エクスポート可能な {type} エンティティで､ロック解除済みの辞典がありません。"
"Create Rollable Table","ロール表の作成"
"Create a new Rollable Table entity using the contents of this Folder as table results?","このフォルダの内容をロール結果とした､新しいロール表を作成しますか？"
"None","なし"
"Limited","限定的 (Limited)"
"Observer","観察者 (Observer)"
"Owner","所有者 (Owner)"
"Default","デフォルト (Default)"
"No Change","そのまま (No Change)"
"All Players","全プレイヤー"
"Configure Permissions","権限の設定"
"Open Permission Configuration","公開権限の設定"
"Fine tune the permitted actions which are allowed to Users for each role.","各役割でユーザーに対して許可するアクションを設定します。"
"Permission Configuration","権限の編集"
"Configure which User role has permission to perform which action. Note that some actions cannot be disabled for Game Master users. Some changes may not take effect until the game is reloaded.","ユーザーの役割ごとに､どのような実行権限を与えるかを設定します。一部のアクションはGMユーザーに対して無効にできないので注意してください。一部の変更は､ゲームが再読み込みされるまで有効にならない場合があります。"
"Configure access for all Entities within this Folder. Changes will be applied to all contained Entities, excluding the contents of sub-folders.","フォルダ内の全てのエンティティに対するアクセス権を設定します。 この変更はサブフォルダの内容を除き､中に含まれる全てのエンティティに適用されます。"
"Configure access to this specific Entity, allowing each User to be assigned a different level of visibility.","特定のエンティティへのアクセス権を設定して､各ユーザーにそれぞれ異なる段階の情報を開示します。"
"Permission","権限"
"User Role Permissions","ユーザーの役割に与える権限"
"Reset Defaults","デフォルトに戻す"
"Save Configuration","設定を保存"
"Allow Broadcasting Audio","音声の発信"
"Allow players with this role to broadcast audio when using A/V chat integration.","A / V統合チャットを使用している場合､音声の発信ができる許可を与えます。"
"Allow Broadcasting Video","動画の発信"
"Allow players with this role to broadcast video when using A/V chat integration.","A / V統合チャットを使用している場合､動画の発信ができる許可を与えます。"
"Create New Actors","新規アクター作成"
"Allow players with this role to create new Actors in the World.","ワールドに新規アクターの作成ができる許可を与えます。"
"Use Drawing Tools","描画ツールの使用"
"Allow players with this role to create Drawings using the drawing tools.","描画ツールを使用する許可を与えます。"
"Create New Items","新規アイテムの作成"
"Allow players with this role to create new Items in the World.","ワールドに新規アイテムが作成できる許可を与えます。"
"Use File Browser","ファイル･ブラウザの使用"
"Allow players with this role to browse through available files in the File Browser.","ファイル･ブラウザで利用可能なファイルを閲覧できる許可を与えます。"
"Upload New Files","新規ファイルのアップロード"
"Allow players with this role to upload content to the server using the File Browser.","ファイル･ブラウザを使用してサーバにコンテンツをアップロードできる許可を与えます。"
"Create Journal Entries","資料の作成"
"Allow players with this role to create new Journal Entries in the Journal sidebar.","資料サイドバーで､新しい資料の作成ができる許可を与えます。"
"Use Script Macros","マクロスクリプトの使用"
"Allow players with this role to use JavaScript macros which access the API.","APIにアクセス可能なJavaScriptマクロを使用できる許可を与えます"
"Whisper Private Messages","プライベートメッセージの使用"
"Allow players with this role whisper private messages that the Game Master cannot see.","GMには見えないプライベートメッセージのウィスパーを許可します。"
"Create Map Notes","地点メモの作成"
"Allow users with this role to create Note objects from Journal Entries which they own.","このユーザーが所有する資料を使った､地点メモの作成を許可します。"
"Modify Configuration Settings","コンフィグ設定の変更"
"Allow players with this role to modify game settings and enable or disable modules.","ゲーム設定を変更し､モジュールを有効または無効にすることを許可します。"
"Display Mouse Cursor","マウスカーソルの表示"
"Display the position of the player's mouse cursor which illustrates where the user is looking on the canvas.","プレイヤーのマウスカーソル位置を表示します。これはユーザーが画面上で指している場所を示します。"
"Display Ruler Measurement","定規による距離の表示"
"Display measurement using the ruler tool to other connected players.","定規ツールを使用したとき､他のプレイヤーにも測定した距離を表示します。"
"Create Measured Template","定規テンプレートの作成"
"Allow players with this role to create templates for area-of-effect measurement.","効果範囲を測定するテンプレートの作成ができる許可を与えます。"
"Create New Tokens","新規トークンの作成"
"Allow players with this role to place Tokens for Actors they own on the game canvas.","自分が所有するアクターのトークンをゲーム画面上に配置できる許可を与えます。"
"Configure Token Settings","トークン設定の変更"
"Allow players with this role to configure the settings for Tokens that they own.","所有するトークンの設定を変更する許可を与えます。"
"Open and Close Doors","ドアの開閉"
"Allow players with this role interact with doors defined on the Walls Layer.","ドアの開閉を許可します。"
"Import Data","インポート"
"Create Scene","シーン作成"
"Search Scenes","シーン検索"
"Chat Log","チャットログ"
"Combat Tracker","イニシアチブ表"
"Scenes Directory","シーン一覧"
"Actors Directory","アクター一覧"
"Items Directory","アイテム一覧"
"Journal Entries","資料一覧"
"Audio Playlists","プレイリスト一覧"
"Compendium Packs","辞典一覧"
"Game Settings","ゲーム設定"
"Rollable Tables","ロール表"
"View Token Artwork","トークン画像を表示"
"Jump To Pin","地点メモに移動"
"Animate Roll Tables?","ロール表をアニメーションさせる"
"Configure whether to display a roulette-style animation when drawing from a Roll Table.","ロール表を使うとき､ルーレット風にアニメーションさせるかどうか設定します。"
"Create Table","ロール表 作成"
"Table Description","ロール表の説明"
"Display Roll to Chat?","ダイスロールをチャット欄に表示する"
"Roll Table Formula","ロール表の式"
"Search Tables","ロール表 検索"
"Table Configuration","ロール表 設定"
"Normalize Result Weights","ロール表の式を､割合から自動化する"
"Draw with Replacement?","ダイスロール毎に､同じ結果が出るようにする"
"Reset","リセット"
"Add New Result","新しい結果を追加"
"Result Type","結果の種別"
"Result Details","結果の詳細"
"Result Description","結果説明"
"Delete Result","結果の削除"
"Weight","割合"
"Range","範囲"
"Roll","ダイスロール"
"Toggle Drawn Status","ロール結果のロック"
"Update","アップデート"
"Cone Template Type","円錐テンプレート種別"
"Choose how the area of effect for cone templates should be defined.","円錐テンプレートの効果範囲の種別を選択します。"
"Flat","三角"
"Round","扇状"
"Tile Configuration","タイル設定"
"Basic","通常"
"Configure this tile sprite which is displayed above the Scene background.","シーンの背景上に表示させるためのタイル設定。"
"Overhead","前景"
"Additional attributes which apply if the Tile is overhead in the Foreground.","タイルを屋根として､前景に適用する追加属性。"
"Animation","アニメーション"
"Additional attributes which apply if the Tile uses an animated video texture.","タイルを動画テクスチャとして適用する追加属性。"
"Tile Image or Video","タイル画像 / 動画"
"Tile Opacity","タイルの不透明度"
"Tint Color","色合い"
"Is Overhead?","前景？"
"Occlusion Mode","干渉モード"
"None (Always Visible)","なし (常に目に見える)"
"Fade (Entire Tile)","減衰 (全タイル)"
"Roof (Blocks Vision and Lighting)","屋根 (視覚と照明を遮る）"
"Radial (Surrounding Token)","放射 (周囲のトークン)"
"Occlusion Alpha","干渉アルファ値"
"Loop Video","動画のループ"
"Autoplay Video","動画の自動再生"
"Video Volume","動画の音量"
"Assign Token","リソースを共有"
"You must select one existing Token to assign as the new prototype configuration.","新しい設定を割り当てるには､既存のトークンを1つ選択する必要があります。"
"Updated prototype Token configuration for {name}","{name}のトークン設定を更新しました"
"Attribute Bars","バー"
"Single Values","値"
"Represented Actor","関連付けされるアクター"
"Token Disposition","性質"
"Configure which Actor this Token is associated with.","このトークンに関連付けされるアクターや､表示について設定。"
"Link Actor Data","アクターデータの共有"
"Token Name","ネームプレート"
"Display Name","表示方法"
"Alternate Actor Tokens","代替アクタートークン"
"Configure the Token image and its displayed size and scale.","トークン画像やサイズ､縮尺などを設定。"
"Token Image Path","イメージ画像"
"Mirror Image Horizontally","横方向にミラーリング"
"Mirror Image Vertically","縦方向にミラーリング"
"Token Opacity","トークンの不透明度"
"Configure the Token's position, orientation, and elevation.","トークンの位置､方向､高さを設定。"
"Lock Rotation","回転しないようにする"
"Randomize Wildcard Images","イメージ画像をランダムに選択"
"Configure the resource bars which are tracked for the Token.","トークンに表示されるリソース･バーを設定。"
"Bar 1 Attribute","バー 1 設定"
"Bar 1 Data","バー 1 データ"
"Bar 2 Attribute","バー 2 設定"
"Bar 2 Data","バー 2 データ"
"Display Bars","表示方法"
"Token Configuration","トークン設定"
"Prototype Token","トークン設定"
"Tint Color","色調整"
"Update Token","トークンを更新"
"Configure the vision capability and light emission of this Token.","トークンが持つ視覚能力と､放射する明かりを設定。"
"Has Vision","視覚制限を有効化"
"Bright Vision","視覚 [明るい]"
"Dim Vision","視覚 [薄暗い]"
"Sight Angle","視野角"
"This Token references an Actor which no longer exists within the World.","このトークンは､ワールド内に存在しなくなったアクターを参照しています。"
"You do not own any Token with vision in this Scene","このシーンにおいて､視覚を持っているトークンを所有していません"
"Hostile","敵対"
"Neutral","中立"
"Friendly","友好"
"Never Displayed","非表示"
"When Controlled","選択時のみ表示"
"Hovered by Owner","ﾏｳｽｵｰﾊﾞｰ時に表示 (所有者のみ)"
"Hovered by Anyone","ﾏｳｽｵｰﾊﾞｰ時に表示 (全員)"
"Always for Owner","常に表示 (所有者のみ)"
"Always for Everyone","常に表示 (全員)"
"None","なし"
"Player","プレイヤー"
"Trusted Player","優良プレイヤー"
"Assistant GM","アシスタントGM"
"Game Master","ゲームマスター"
"Password","パスワード"
"User Role","ユーザーの役割"
"User Name","ユーザー名"
"Show Password","パスワードを表示"
"Create Additional User","ユーザーの新規追加"
"Delete User","ユーザー削除"
"Save and Return","セッションを開始する"
"User Management","ユーザー管理者"
"Game users updated successfully, returning to the game World.","ユーザーは正常に更新され､ゲームワールドに戻りました。"
"You must have at least one Game Master user within your World.","ワールド内には最低1名のGamemasterユーザーが必要です。"
"This user will be permanently deleted from the game world.","このユーザーはワールドから削除されます"
"You are about to delete a Game Master user!","あなたはGamemasterを削除しようとしています！"
"Wall Configuration","ウォールの設定"
"Wall Configuration [Multiple]","ウォール設定 [複数]"
"Customize how this wall segment restricts movement or senses.","ウォールが制限する移動や視覚を設定します。"
"Wall Coordinates","ウォール座標"
"Movement Restrictions","移動制限"
"Sight Restriction","視覚制限"
"Sound Restriction","サウンド制限"
"Wall Direction","一方通行の向き"
"Is Door?","扉？"
"Door State","扉の状態"
"Update Wall","ウォールを更新"
"World Details","ワールドの詳細"
"World Description","ワールドの説明"
"Audio/Video Configuration","音声/ビデオ 設定"
"Configure Audio/Video","音声/ビデオ 設定"
"Configure settings specific to the integrated Audio/Video WebRTC component","WebRTCコンポーネントに音声/ビデオに関する固有設定をします。"
"<Unknown Device>","<不明のデバイス>"
"Video Capture Device","ビデオ･キャプチャ･デバイス"
"Select which video capture device you wish to use, if any.","使用するビデオ･キャプチャ･デバイスがある場合は選択します。"
"Audio Capture Device","音声･キャプチャ･デバイス"
"Select which audio capture device you wish to use, if any.","使用する音声･キャプチャ･デバイスがある場合は選択します。"
"Audio Output Device","音声出力デバイス"
"Select which audio output device you wish to use.","使用する音声出力デバイスを選択します。"
"Audio/Video communication was unable to start because one of the configured input devices was unavailable.","設定された入力デバイスの1つが使用できなかったため､音声/ビデオ通信を開始できませんでした。"
"Disable Sending Camera","カメラの使用を無効にする"
"Disable Sending Audio","音声の使用を無効にする"
"Disable Audio Output","音声出力を無効にする"
"Default Device","既定のデバイス"
"Unavailable Device (will use Default)","利用できないデバイス (既定のデバイスを使用)"
"Choose Signalling Server","ｼｸﾞﾅﾘﾝｸﾞ･ｻｰﾊﾞを選択する"
"Signalling Server URL","ｼｸﾞﾅﾘﾝｸﾞ･ｻｰﾊﾞ URL"
"Foundry VTT","オンセ工房"
"Custom Server","シグナリング･サーバを使用"
"Signalling Server Username","ｼｸﾞﾅﾘﾝｸﾞ･ｻｰﾊﾞユーザー名"
"Signalling Server Password","ｼｸﾞﾅﾘﾝｸﾞ･ｻｰﾊﾞパスワード"
"Relay Server Configuration","リレー･サーバの設定"
"Provided by Signalling Server","シグナリング･サーバから提供"
"Custom Relay Server","リレー･サーバを使用"
"Relay Server URL","ﾘﾚｰ･ｻｰﾊﾞ URL"
"Relay Server Username","ﾘﾚｰ･ｻｰﾊﾞユーザー名"
"Relay Server Password","ﾘﾚｰ･ｻｰﾊﾞパスワード"
"General","一般設定"
"Devices","デバイス設定"
"Server","サーバ設定"
"General Audio/Video Conferencing Settings can only be modified by the GM","一般的な音声 / ビデオ会議設定は､GMのみが変更できます。"
"Audio/Video Conferencing Mode","音声/ビデオ会議モード"
"Only a Game Master user may change this setting, which will require Foundry VTT to reload.","Gamemasterだけがこの設定を変更できます。これにはオンセ工房の再読み込みが必要になります。"
"Disabled","無効"
"Audio Only","音声のみ"
"Video Only","ビデオのみ"
"Audio/Video Enabled","音声/ビデオ 共に有効"
"Toggle video","ビデオ 切り替え"
"Configure Settings","設定変更"
"Send to Dock","ドックに送信"
"Pop out","送信"
"Push-to-Talk/Mute Key","ﾌﾟｯｼｭﾄｩﾄｰｸ/ﾐｭｰﾄｷｰ"
"Assign a keyboard key which, in PTT mode, enables voice while held. If not in PTT mode, the same key mutes while pressed.","PTTモードで､保留中に音声を有効にするキーを割り当てます。 PTTモードでない場合､そのキーを押し続けるとミュートします。"
"Voice Broadcasting Mode","音声送信モード"
"Choose how your voice is broadcast in AV calls.","音声の送信モードを選択します。"
"Always Enabled","常に有効"
"Voice Activation","音声により有効化"
"Push-to-Talk","プッシュトゥトーク"
"Allow User Video","ユーザービデオを許可"
"Block User Video","ユーザービデオをブロック"
"Allow User Audio","ユーザー音声を許可"
"Block User Audio","ユーザー音声をブロック"
"Enable Your Video","ビデオを有効化"
"Disable Your Video","ビデオを無効化"
"Enable Your Audio","音声を有効化"
"Mute Your Audio","音声をミュート"
"Mute Others' Audio","他者の音声をミュート"
"Unmute Others' Audio","他者の音声ミュートを解除"
"Show Players List","Show Players List"
"Hide Players List","プレイヤーリストを隠す"
"Cycle Video Size","サイクル･ビデオ･サイズ"
"Unable to capture from your Audio devices; Sharing Video only","音声デバイスからキャプチャできません。ビデオのみを共有します"
"Unable to capture from your Video devices; Sharing Audio only","ビデオデバイスからキャプチャできません。音声のみを共有します"
"Unable to capture from your Audio & Video devices","音声およびビデオデバイスからキャプチャできません"
"Unable to capture from your Video devices","ビデオデバイスからキャプチャできません"
"Unable to capture from your Audio devices","音声デバイスからキャプチャできません"
"Error connection to Audio/Video Signalling Server","音声/ビデオ シグナリングサーバへの接続エラー"
"Lost connection to the Audio/Video Signalling server. Trying to re-establish connection.","音声/ビデオ シグナリングサーバへの接続が失われました。接続の再確立を試みています。"
"WebRTC Error : ","WebRTC エラー : "
"You cannot use Audio/Video calls unless your Foundry VTT server is using SSL certificates. See the online documentation for instructions.","オンセ工房サーバがSSL証明書を使用していない限り､音声/ビデオ通話は使用できません。 手順については､オンラインマニュアルを参照してください。"
"You cannot enable your camera because you do not have permission to broadcast your video feed.","ビデオ画像をブロードキャストする権限がないため､カメラを有効にすることができません。"
"You cannot enable your microphone because you do not have permission to broadcast your audio feed.","音声をブロードキャストする権限がないため､マイクを有効にすることができません。"
"World Title","ワールド名"
"Data Path","ファイル保存先"
"Game System","ゲームシステム"
"Background Image","背景画像"
"Next Session","次回セッション日時"
"Reset Active Modules","モジュールを全てOFFにする"
"Reset User Passwords","ユーザーのパスワードをリセット"
"Launch in Safe Configuration","セーフモードで起動"
"Disables all modules and active scenes, and stops any playing audio","すべてのモジュールと有効化されたシーンを無効にし､サウンド再生を停止します。"
"World Description","ワールドの説明"