"en","pl"
"Activate","Aktywuj"
"Author","Autor"
"Cancel","Anuluj"
"Character","Postać"
"Configure","Konfiguruj"
"Close","Zamknij"
"Degrees","Stopnie"
"Default","Domyślny"
"Delete","Usuń"
"Distance","Dystans"
"Documentation","Dokumentacja"
"Duplicate","Duplikat"
"Error","Błąd"
"Grid Units","Jednostki Siatki"
"Install","Instaluj"
"Elevation","Elewacja"
"Foundry Virtual Tabletop","Foundry Virtual Tabletop"
"File Path","Ścieżka do pliku"
"Height","Wysokość"
"Hidden","Ukryty,"
" Name","Nazwa"
"No","Nie"
"Notes","Notatki"
"Preload","Załaduj wstępnie"
"Token","Token"
"Path","Ścieżka"
"Packs","Pakiety"
"Permissions","Uprawnienia"
"Pixels","Pixele"
"Ratio","Proporcja"
"Rotation","Rotacja"
"Save Changes","Zapisz Zmiany"
"Scale","Skala"
"Sheet","Karta"
"System","System"
"Type","Typ"
"Uninstall","Odinstaluj"
"Update","Aktualizuj"
"URL","URL"
"Warning","Ostrzeżenie"
"Width","Szerokość"
"X-Coordinate","Współrzędna-X"
"Y-Coordinate","Współrzędna-Y"
"Yes","Tak"
"Actors Directory","Katalog Aktorów"
"Create Actor","Stwórz Aktora"
"Search Actors","Szukaj Aktora"
"Are you sure you want to exit the Foundry Virtual Tabletop game?","Czy na pewno chcesz wyjść z gry Foundry Virtual Tabletop?"
"Clear Chat Log","Wyczyść Dziennik Czatu"
"Export Chat Log","Exportuj Dziennik Czatu"
"Flush Chat Log","Flush Dziennik Czatu"
"All messages within the chat log will be permanently deleted.","<h3>Jesteś pewny?</h3><p>Wszystkie wiadomości z dziennika czatu zostaną usunięte i wyczyszczone.</p>"
"{command} is not a valid chat message command.","{command} nie jest prawidłową komendą."
"Chat Log","Dziennik Czatu"
"To","Do"
"Pop Out Message","Komunikat Pop Out"
"Reveal To Everyone","Ujawnij Wszystkim"
"Make Private","Zrób Prywatnym"
"Blind GM Roll","Ukryty rzut"
"Default Roll Mode","Domyślny Tryb Rzutów"
"Public Roll","Publiczny Rzut"
"Private GM Roll","Rzut do GMa"
"Self Roll","Rzuć dla siebie"
"Rollable Tables","Tablice z Rzutami"
"Begin Combat","Zacznij Walkę"
"Create Encounter","Stwórz Spotkanie"
"Delete Encounter","Usuń Spotkanie"
"Encounter","Spotkanie"
"Activate Previous Encounter","Aktywuj Poprzednie Spotkanie"
"Activate Next Encounter","Aktywuj Następne Spotkanie"
"End Combat","Zakończ Walkę"
"Roll Initiative","Rzuć na Inicjatywę"
"Reset Initiative","Zresetuj Inicjatywę"
"End Combat Encounter?","Zakończyć spotkanie bitewne?"
"End this combat encounter and empty the turn tracker?","Zakończyć to spotkanie bitewne i opróżnić rejestrator tur?"
"No Active Encounter","Brak Aktywnych Spotkań"
"There is no active Combat Encounter in your currently viewed Scene.","Obecnie nie ma aktywnych Spotkań Bojowych w aktualnie wyświetlanej Scenie"
"There are no Combatants remaining in this Encounter which are not defeated.","W tym Spotkaniu nie pozostał żaden Uczestnik, który nie został pokonany."
"Not Started","Nie Rozpoczęto"
"Tracked Resource","Śledzone Zasoby"
"Choose an attribute to track for each combatant.","Wybierz atrybut do śledzenia dla każdego uczestnika walki."
"Round","Runda"
"Rounds","Rundy"
"Previous Round","Poprzednia Runda"
"Next Round","Następna Runda"
"Roll NPCs","Rzuć na inicjatywę NPCom"
"Roll All","Rzuć na inicjatywę dla każdego"
"{name} rolls for Initiative!","{name} rzuca na inicjatywę!"
"Combat Tracker Settings","Ustawienia Trackera Walki"
"Save Tracker Settings","Zapisz Ustawienia Trackera"
"Skip Defeated?","Pominąć Pokonanych?"
"Automatically bypass combatants marked as defeated?","Automatycznie omijać walczących oznaczonych jako pokonani?"
"Toggle Visibility","Przełącz Widoczność"
"Mark Defeated","Oznacz Pokonanego"
"Turn","Tura"
"Turns","Tury"
"End Turn","Zakończ Turę"
"Next Turn","Następna Tura"
"Previous Turn","Poprzednia Tura"
"Unknown Combatant","Nieznany Walczący"
"Represented Actor","Reprezentowany Aktor"
"Create Combatant","Stwórz Walczącego"
"Defeated","Pokonany"
"Hidden","Ukryty"
"Thumbnail Image","Miniaturka Obrazu"
"Initiative Value","Wartość Inicjatywy"
"Combatant Status","Status Walczącego"
"Update Combatant","Zaktualizuj Walczącego"
"Displayed Name","Wyświetlana Nazwa"
"Remove Combatant","Usuń Walczącego"
"Re-roll Initiative","Przerzuć Inicjatywę"
"Represented Token","Powiązany Token"
"Compendium Name","Nazwa Kompendium"
"Create Compendium","Stwórz Kompendium"
"Create a new Compendium pack in your current World.","Stwórz nowy pakiet Kompendium w swoim obecnym Świecie."
"Delete Compendium","Usuń Kompendium"
"Delete Entry","Usuń Wpis"
"Duplicate Compendium","Duplikuj Kompendium"
"New Compendium Title","Tytuł nowego Kompendium"
"You may duplicate this compendium into your World to have a local copy of its content which is safe to edit.","Możesz zduplikować to kompendium do swojego świata, aby mieć lokalną kopię jego zawartości, która można bezpiecznie edytować."
"You must provide a title to create a World Compendium pack.","Musisz podać tytuł, aby utworzyć pakiet Kompendium Świata."
"Import All Content","Importuj Całą Zawartość"
"All of the content from this Compendium pack will be imported into your World to a Folder which you may name.","Cała zawartość z tego pakietu Kompendium zostanie zaimportowana do Twojego świata do folderu, który możesz nazwać."
"Importing {number} {type} entries into the {folder} folder. Please be patient.","Importowanie {number} {type} wpisów do folderu {folder}. Proszę o cierpliwość."
"Successfully imported {number} {type} entries into the {folder} folder.","Pomyślnie zaimportowano {number} {type} wpisów do folderu {folder}. "
"Import Entry","Importuj Wpis"
"Document Type","Typ Jednostki"
"Each Compendium pack contains a specific type of Document.","Każdy pakiet Kompendium zawiera określony typ Jednostki."
"Toggle Visibility","Przełącz Widoczność"
"Toggle Edit Lock","Przełączanie Blokady Edycji"
"You are attempting to unlock for editing a compendium that does not belong to this World. Any changes you make in this compendium pack may be lost if the system or module which owns it is updated. You may wish to duplicate the compendium to your world instead. Do you wish to proceed?","Próbujesz odblokować do edycji kompendium, które nie należy do tego świata. Wszelkie zmiany, które wprowadzisz w tym pakiecie kompendiów mogą zostać utracone, jeśli system lub moduł, który go posiada, zostanie zaktualizowany. Możesz zamiast tego zduplikować kompendium do swojego świata. Czy chcesz kontynuować?"
"Game Controls Reference","Odniesienie do Sterowania Grą"
"This form describes common keyboard and mouse commands used to control various aspects of the Foundry Virtual Tabletop environment. Some controls are only available to a Game Master user, those are highlighted in light purple.","Ten formularz opisuje typowe komendy klawiatury i myszy używane do kontrolowania różnych aspektów środowiska Foundry Virtual Tabletop. Niektóre kontrolki są dostępne tylko dla GameMastera, są one wyróżnione jasnofioletowym kolorem."
"Token Controls","Kontrolki Tokena"
"Select Tokens","Zaznacz Tokeny"
"Select Targets","Zaznacz Cele"
"Measure Distance","Zmierz Odległość"
"Measurement Controls","Narzędzia Pomiarowe"
"Circle Template","Szablon Koła"
"Cone Template","Szablon Stożka"
"Rectangle Template","Szablon kwadratu"
"Ray Template","Szablon Promienia"
"Clear Templates","Wyczyść Szablony"
"Tile Controls","Sterowanie kafelkami"
"Select Tiles","Zaznacz kafelki"
"Place Tile","Umieść kafelki"
"Tile Browser","Przeglądarka Kafelków"
"Drawing Tools","Narzędzia do rysowania"
"Select Drawings","Zaznacz rysunki"
"Draw Rectangle","Narysuj kwadrat"
"Draw Ellipse","Narysuj elipsę"
"Draw Polygon","Narysuj wielokąt"
"Draw Freehand","Dowolne rysowanie"
"Draw Text","Umieść Tekst"
"Clear Drawings","Wyczyść rysunki"
"Configure Drawing","Ustawienia rysowania"
"Wall Controls","Zarządzanie Ścianami"
"Draw Walls","Narysuj Ścianę"
"Invisible Walls","Niewidzialne Ściany"
"Terrain Walls","Ściany Terenu"
"Ethereal Walls","Eteryczne Ściany"
"Draw Doors","Narysuj Drzwi"
"Secret Doors","Sekretne Drzwi"
"Rectangular Select Walls","Prostokątne Zaznaczanie Ścian"
"Force Snap to Grid","Wymuś Przyciąganie do Siatki"
"Clone Walls","Klonuj Ściany"
"Clear Walls","Wyczyść Ściany"
"Lighting Controls","Zarządzanie Oświetleniem"
"Draw Light Source","Narysuj Źródło Światła"
"Clear Lights","Wyczyść Oświetlenie"
"Reset Fog of War","Zresetuj Mgłę Wojny"
"Transition to Daylight","Przekształć w Dzień"
"Transition to Darkness","Przekształć w Noc"
"Reset Fog of War Exploration?","Zresetować Mgłę Wojny Eksploracji?"
"This will reset fog of war for this Scene for all players.","To zresetuje mgłę wojny dla tej Sceny dla wszystkich graczy."
"Ambient Sound Controls","Sterowanie dźwiękiem otoczenia"
"Draw Ambient Sound","Umieść dźwięk otoczenia"
"Clear Sounds","Wyczyść dźwięki"
"Journal Notes","Notatki dziennika"
"Select Notes","Zaznacz notatki"
"Toggle Notes Display","Widoczność notatek"
"Clear Notes","Wyczyść notatki"
"Clear All Objects","Wyczyść Wszystkie Obiekty"
"Permanently delete all {type} objects from this Scene?","Trwale usunąć wszystkie {type} z tej Sceny?"
"General Game Controls","Generalne Sterowanie w grze"
"These controls generally apply across all aspects of Foundry functionality.","Te ustawienia dotyczą wszystkich aspektów funkcjonalności Foundry"
"Canvas Layer Controls","Kontrola Warstw Płótna"
"These controls apply when interacting with a specific Canvas layer.","Te ustawienia zadziałają przy interakcji z określoną warstwą płótna"
"Placeable Object Controls","Przyciski Umieszczalnych Obiektów"
"These controls apply when interacting with an Object placed on the Canvas.","Te elementy sterujące mają zastosowanie podczas interakcji z Obiektem umieszczonym na Płótnie."
"Specialized Controls","Specjalistyczne Funkcje"
"These controls apply only during specific interactions.","Te funkcje kontrolne mają zastosowanie tylko podczas określonych interakcji."
"Mouse Controls","Sterowanie Myszą"
"Keyboard Controls","Sterowanie Klawiaturą"
"Toggle Main Menu","Przełącz menu główne"
"Close Open Windows","Zamknij otwórz okno"
"Toggle Game Pause","Przełącz pauzę"
"Cancel Pending Move","Cofnij oczekujący ruch"
"Move Object","Przesuń Obiekt"
"Pan Canvas","Dopasuj Zbliżenie Płótna"
"Select Object","Zaznacz Obiekt"
"Add or Remove Selected Objects","Dodaj lub Usuń Zaznaczone Obiekty"
"Use Active Tool","Użyj Aktywnego Narzędzia"
"Cancel Left-Drag Operation","Anuluj Operację przeciągnięcia w lewo"
"Zoom Canvas","Przybliż Płótno"
"Left Click","Lewy-Klik"
"Double Left Click","Podwójne Lewy-Klik"
"Left-Click Drag","Przeciągnięcie Lewym Kliknięciem"
"Double","Podwójne"
"Right-Click","Prawy-Klik"
"Drag","Przeciąganie"
"Drop","Upuszczanie"
"during","podczas"
"Highlight Canvas Objects","Podświetl Obiekty Płótna"
"Pan Canvas","Dopasuj Zbliżenie Płótna"
"Zoom In","Przybliż"
"Zoom Out","Oddal"
"Cycle Tokens or Reset View","Przełączaj Tokeny albo Zresetuj Widok"
"Keyboard Movement (Tokens or Tiles)","Poruszanie się Klawiaturą (Tokeny bądż Kafelki)"
"Diagonal Movement","Ruch w Pionie"
"Face Direction","Kierunek Patrzenia"
"Delete Selected Objects","Usuń Zaznaczony Obiekt"
"Copy Canvas Elements","Kopiuj Elementy Płótna"
"Paste Canvas Elements","Wklej Elementy Płótna"
"Undo Canvas Operation","Cofnij Operację Płótna"
"Activate Hotbar Slot","Aktywuj Slot GorącegoPaska"
"Ruler Measurement","Mierzenie Linijką"
"Measure Distance with Ruler","Zmierz dystans Linijką"
"Place Measurement Waypoint","Umieść Punkt Pomiaru"
"Move Token on Measured Path","Przesuń Token po Zmierzonej Ścieżce"
"while measuring from a Token","podczas mierzenia od Tokena"
"Open Referenced Object Sheet","Otwórz Kartę Obiektów z Odniesieniami"
"Display Object HUD (If Applicable)","Wyświetl Interfejs Obiektu (Jeśli Możliwe)"
"Open Object Configuration Sheet","Otwórz Kartę Konfiguracji Obiektu"
"Move Controlled Objects","Przesuń Kontrolowane Obiekty"
"Cancel Drag Workflow","Anuluj Przeciąganie Workflowu"
"Rotate Object (Slow)","Obróć Obiekt (Powoli)"
"Rotate Object (Fast)","Obróć Obiekt (Szybko)"
"Bypass Snap-to-Grid","Obejdź Przyciąganie-do-Siatki"
"Mouse-Wheel","Kółko-Myszy"
"Drag and Drop","Przeciągnij i Upuść"
"Token Controls","Elementy Sterujące Tokena"
"Place Hidden Token","Umieść Ukryty Token"
"Set (non-Owned) Token as Target","Ustaw (nieposiadany) Token jako Cel"
"Walls Layer Controls","Kontrolki warstwy ścian"
"Chain Wall Creation","Tworzenie łańcucha ściany"
"Select Chained Segments","Wybierz połączone segmenty"
"Drawing Tool Controls","Kontrolki narzędzi do rysowania"
"Confirm Drawing Text","Potwierdź rysowany tekst"
"Cancel Drawing Text","Anuluj rysowany tekst"
"The dice roll formula {formula} did not produce a numeric outcome.","Formuła rzutu kostką {formula} nie dała wyniku liczbowego"
"The attribute {match} was not present in the provided roll data.","Atrybut {match} nie istnieje w dostarczonych danych do rzutu."
"Create New {type}","Stwórz nowy {type}"
"New {type}","Nowy {type}"
"Update {type}","Zaktualizuj {type}"
"Tile","Kafelek"
"Drawing Configuration","Konfiguracja rysunków"
"Default Drawing Configuration","Domyślna konfiguracja rysunków"
"Configure Default","Konfiguracja domyślna"
"Create Drawing","Stwórz rysunek"
"Update Drawing","Aktualizuj rysunek"
"Reset Defaults","Przywróć ustawienia domyślne"
"Position","Pozycja"
"Lines","Linie"
"Fill","Wypełnij"
"Text","Tekst"
"Adjust the position and visibility of the Drawing.","Dostosuj pozycję i widoczność rysunku.
"
"Adjust the outer line work for the Drawing.","Dopasuj zewnętrzne linie do rysunku."
"Adjust the interior fill preferences for this Drawing.","Dostosuj preferencje wypełnienia wnętrza dla rysunku."
"Adjust the text label applied to this Drawing (if any).","Dostosuj etykietę tekstową zastosowaną do tego rysunku (jeśli istnieje)."
"Author","Autor"
"X-Position","Pozycja-X"
"Y-Position","Pozycja-Y"
"Width","Szerokość"
"Height","Wysokość"
"Rotation","Obrót"
"Z-Index","Oś Z"
"Line Width","Szerokość linii"
"Stroke Color","Kolor obrysu"
"Line Opacity","Przeźroczystość linii"
"Smoothing Factor","Współczynnik wygładzenia"
"For freehand drawing, the smoothing factor controls the amount of spline smoothing.","W przypadku dowolnego rysowania współczynnik wygładzenia kontroluje stopień wygładzania krzywej liniowej."
"Fill Types","Typy wypełnień"
"None","Brak"
"Solid","Kolor"
"Pattern","Wzór z obrazu"
"Fill Color","Wypełnij kolor"
"Fill Opacity","Ustaw przeźroczystość"
"Fill Texture","Obraz wypełnienia"
"Text Label","Etykieta tekstowa"
"Font Family","Rodzaj czcionki"
"Font Size","Wielkość czcionki"
"Text Color","Kolor tekstu"
"Text Opacity","Przeźroczystość tekstu"
"Custom","Niestandardowy"
"Multiply","Powiel"
"Add","Dodaj"
"Downgrade","Zdegraduj"
"Upgrade","Ulepsz"
"Override","Nadpisz"
"Configure Active Effect","Skonfiguruj Aktywne Efekty"
"Details","Detale"
"Duration","Czas trwania"
"Effects","Efekty"
"Effect Label","Etykieta Efektu"
"Effect Icon","Ikona Efektu"
"Icon Tint Color","Odcień koloru ikony"
"Effect Suspended","Efekt wstrzymany"
"Effect Origin","Pochodzenie efektu"
"Transfer Effect to Actor","Przyznaj efekt dla aktora"
"Effect Duration (Seconds)","Czas trwania efektu (Sekundy)"
"Effect Start Time","Czas rozpoczęcia efektu"
"Effect Duration (Turns)","Czas trwania efektu (tury)"
"Combat Encounter","Spotkanie bitewne"
"Effect Start Turn","Efekt początku tury"
"Attribute Key","Klucz atrybutu"
"Change Mode","Zmień tryb"
"Effect Value","Wartość efektu"
"Submit Changes","Zatwierdź zmiany"
"Asleep","Śpiący"
"Dead","Martwy"
"Unconscious","Nieprzytomny"
"Stunned","Ogłuszony"
"Prone","Leżący"
"Restrained","Unieruchomiony"
"Paralyzed","Sparaliżowany"
"Flying","Latający"
"Blind","Ślepy"
"Deaf","Głuchy"
"Silenced","Uciszony"
"Afraid","Przestarszony"
"Burning","Płonący"
"Frozen","Zamrożony"
"Shocked","Wstrząśnięty"
"Corroding","Skorodowany"
"Bleeding","Krwawiący"
"Diseased","Chory"
"Poisoned","Zatruty"
"Radioactive","Radioaktywny"
"Regeneration","Regeneracja"
"Degeneration","Degeneracja"
"Empowered","Wzmocniony"
"Weakened","Osłabiony"
"Targeted","Obrany na cel"
"Marked","Napiętnowany"
"Cursed","Przeklęty"
"Blessed","Pobłogosławiony"
"Fire Shield","Ognista tarcza"
"Ice Shield","Lodowa tarcza"
"Magic Shield","Tarcza magiczna"
"Holy Shield","Święta tarcza"
"Actor","Aktor"
"Chat Message","Wiadomość"
"Combat Encounter","Spotkanie bitewne"
"Item","Przedmiot"
"Folder","Folder"
"Journal Entry","Wpis do dziennika"
"Macro Command","Komendy Macro"
"Audio Playlist","Lista przebojów audio"
"Scene","Scena"
"Rollable Table","Tablica z rzutami"
"User","Użytkownik"
"Create New {entity}","Stwórz {entity}"
"New {entity}","Nowy {entity}"
"Create New","Utwórz nowy"
"Foundry Virtual Tabletop requires a minimum screen resolution of {reqWidth}px by {reqHeight}px or greater. Your display currently has an effective resolution of {width}px by {height}px, as a result many features of the software may not work properly.","Wirtualny stół Foundry wymaga minimalnej rozdzielczości ekranu {reqWidth}px na {reqHeight}px albo większej. Twój ekran ma obecnie rozdzielczość {width}px na {height}px przez co wiele funkcji może nie działać prawidłowo."
"Your browser does not currently support WebGL rendering which is required by Foundry Virtual Tabletop. Ensure that you have hardware rendering and WebGL enabled in your browser.","Twoja przeglądarka obecnie nie obsługuje renderowania WebGL, które jest wymagane przez Foundry Virtual Tabletop. Upewnij się, że w przeglądarce jest włączone renderowanie sprzętowe i WebGL."
"You are using a Scene background texture with dimensions {width}px by {height}px. One or both of these dimensions exceeds the maximum texture size of {max}px supported by your device.","Używasz tekstury tła Scene z wymiarami {width}px na {height}px. Jeden albo więcej wymiarów przekracza maksymalny rozmiar tekstury {max}px obsługiwany przez Twoje urządzenie"
"The provided server administrator password is invalid. If you have forgotten your configured password you will need to manually delete the <strong>Config/admin.txt</strong> file from your user data location.","Dostarczony klucz dostępu administratora wygasł. Jeśli zapomniałeś swojego hasła musisz ręcznie usunąć plik <strong>Config/admin.txt</strong>  z Twojej lokalizacji danych użytkownika."
"The attempted Token movement collides with at least one Wall.","Próba ruchu tokena koliduje z co najmniej jedną ścianą."
"The request to browse existing packages failed to connect with the Foundry server. Make sure your application allows outbound connections.","Nie udało się połączyć z serwerem Foundry. Upewnij się, że aplikacja zezwala na połączenia wychodzące."
"You are using the grid configuration tool for a scene with no background image. This is not currently recommended and may produce unpredictable results.","Używasz narzędzia konfiguracji siatki dla sceny bez obrazu tła. To nie jest zalecane i może dać nieprzewidywalne rezultaty"
"Acknowledge Agreement","Potwierdzam zgodę"
"Agree","Zgoda"
"I agree to these terms","Zgadzam się na warunki"
"Decline","Odrzuć"
"Create Directory","Utwórz katalog"
"Toggle Privacy Mode","Przełącz tryb incognito"
"Display Mode","Tryb wyświetlania"
"List View","Widok listy"
"Tiles View","Widok kafelków"
"Thumbnail View","Podgląd miniaturki"
"Images View","Podgląd obrazów"
"Filter Results","Wyniki wyszukiwania"
"S3 Bucket","S3 Bucket 19p"
"Selected","Zaznaczone"
"Asset Grid Size","Dopasuj wielkość siatki"
"Specify the pixel grid size of source tile artwork so it will be automatically resized when placed onto your active Scene.","Określ rozmiar siatki w pikselach źródłowej grafiki tak by automatycznie została dopasowana po umieszczeniu na Twojej aktywnej Scenie"
"No matching results found in this location.","Nie znaleziono pasujących wyników w tej lokalizacji"
"Upload","Załaduj"
"Search","Szukaj"
"The file you have attempted to upload is too large for your proxy server to handle.","Przesyłany plik jest za duży aby serwer proxy mógł go obsłużyć"
"Something went wrong with your file upload request.","Coś poszło nie tak z Twoim żądaniem załadowania"
"You have uploaded files into a module or system directory. This is generally <strong>unsafe</strong> because updates to the system or module will delete your files.","Przesłałeś pliki do modułu lub katalogu systemowego. To jest <string>niebezpieczne</strong> ponieważ aktualizacje systemu lub modułu mogą usunąć Twoje pliki"
"Image or Video Browser","Wyszukiwarka obrazów lub video"
"Image Browser","Wyszukiwarka obrazów"
"Video Browser","Wyszukiwarka video"
"Audio Browser","Wyszukiwarka dzwięku"
"User Data","Dane Użytkownika"
"Core Data","Podstawowe dane"
"Amazon S3","Amazon S3"
"Browse Files","Przeglądaj pliki"
"Game Paused","Gra wstrzymana"
"You cannot take this action while the game is currently paused.","Nie możesz wykonać akcji kiedy gra jest wstrzymana"
"Game invitation link copied to clipboard","Link do zaproszenia został skopiowany do schowka"
"Share the below invitation links with users who you wish to have join your game. The local invitation link is for users on your local network while the internet link connects via internet on the configured port.","Udostępnij poniższe zaproszenia użytkownikom którzy chcą dołączyć do Twojej gry. Lokalne zaproszenia są dla użytkowników w sieci lokalnej natomiast internetowy link łączy graczy przez internet na ustawionym porcie"
"Internet","Internet"
"Local Network","Sieć lokalna"
"Game Invitation Links","Zaproszenia do gry"
"Create Item","Stwórz przedmiot"
"Delete Item","Usuń przedmiot"
"Search Items","Wyszukaj przedmioty"
"View Item Artwork","Pokaż grafikę przedmiotu"
"Toggle Visibility State","Przełącz widoczność"
"Toggle Locked State","Przełącz stan zablokowania?"
"Bring to Front","Przesuń na wierzch"
"Send to Back","Przesuń do tyłu"
"Journal","Dziennik"
"Search Journal Entries","Wyszukaj wpisy w dzienniku"
"Create Entry","Stwórz wpis"
"Text","Tekst"
"Image","Obraz"
"Show Players","Pokaż graczom"
"Showed the {mode} content of {title} to {which} players.","Pokazano {mode} zawartość {title} dla {which} graczy"
"Save Entry","Zapisz wpis"
"Center","Wyśrodkuj"
"Bottom","Na dole"
"Top","U góry"
"Left","Na lewo"
"Right","Na prawo"
"Light Animation Type","Typ animacji światła"
"Animation Speed","Prędkość animacji"
"Animation Intensity","Intensywność animacji"
"Torch","Pochodnia"
"Pulse","Puls"
"Chroma","Chroma 22p"
"Pulsing Wave","Pulsująca fala"
"Swirling Fog","Wirująca mgła"
"Sunburst","Rozbłysk światła"
"Light Dome","Light Dome 22p"
"Mysterious Emanation","Tajemnicza aura"
"Energy Field","Pole energetyczne"
"Hexa Dome","Hexa Dome 22p"
"Ghostly Light","Widmowe światło"
"Roiling Mass (Darkness)","Wrząca masa (Ciemność)"
"Black Hole (Darkness)","Czarna Dziura (Ciemność)"
"Light Source Configuration","Ustawienia Źródła Światła"
"Configure the position, radius, angle, color, and animation of this ambient light source.","Skonfiguruj położenie, promień, kąt, kolor i animację tego źródła światła otoczenia."
"Create Light Source","Stwórz źródło światła"
"Dim Light Radius","Zasięg słabego światła"
"Bright Light Radius","Zasięg jasnego światła"
"Emission Angle","Kąt emisji"
"Light Color","Kolor światła"
"Color Intensity","Intensywność koloru"
"Light Rotation Angle","Kąt obrotu światła"
"Light Type","Typ światła"
"Local Light","Światło lokalne"
"Global Light","Światło globalne"
"Universal Light","Światło uniwersalne"
"Update Light Source","Zaktualizuj źródło światła"
"Create Macro","Stwórz makro"
"Delete Macro","Usuń makro"
"Edit Macro","Edytuj Makro"
"Execute Macro","Wykonaj Marko"
"Remove Macro","Usuń Makro"
"Save Macro","Zapisz Marko"
"Search Macros","Szukaj Makro"
"Reload Application","Odśwież aplikacje"
"Log Out","Wyloguj"
"User Management","Ustawienia graczy"
"Return to Setup","Wróć do ustawień"
"Bug or Issue Reports","Zgłoś bugi albo problemy"
"Deactivate All Modules","Dezaktywuj wszystkie moduły"
"Module Documentation","Dokumentacja modułu"
"Module Management","Zarządzanie modułami"
"Use this form to configure which Modules are active within your current World. Submitting changes to active modules will cause the current session to reload.","Użyj tego formularza, aby skonfigurować, które moduły są aktywne w aktualnym świecie. Wprowadzanie zmian w aktywnych modułach spowoduje przeładowanie bieżącej sesji."
"The Modules listed below are currently active within this World.","Moduły wymienione poniżej są obecnie aktywne w tym świecie."
"No Modules are available within this World. You can view, but do not have permission to modify this list.","Żadne moduły nie są dostępne w tym świecie. Możesz przeglądać listę, ale nie masz uprawnień do jej modyfikacji."
"Filter Modules","Filtruj moduły"
"Save Module Settings","Zapisz ustawienia modułów"
"Dependencies","Zależności"
"This module has {number} inactive dependencies which are required for it to function properly:","Ten moduł ma {number} zależności, które są wymagane do jego prawidłowego działania. Czy chciałbyś je również włączyć?"
"This module had {number} dependencies which may no longer be required:","Ten moduł ma {number} zależności, które mogą nie być już wymagane. Czy chcesz je również wyłączyć?"
"You have enabled the module {module}, but it's dependencies {missing} are not enabled!","Włączyłeś moduł {module}, ale jego zależności {missing} nie są włączone!"
"All Modules","Wszystkie moduły"
"Active Modules","Aktywne moduły"
"Inactive Modules","Nieaktywne moduły"
"Text Anchor Point","Punkt zakotwiczenia tekstu"
"Map Note Configuration","Konfiguracja notatek do mapy"
"Entry Icon","Ikona wejścia"
"Font Size","Rozmiar czcionki"
"Font Family","Rodzina czcionek"
"Icon Size","Rozmiar ikon"
"Icon Tint","Odcień ikony"
"Text Label","Etykieta tekstowa"
"Text Color","Kolor tekstu"
"Update Map Note","Zaktualizuj notatkę do mapy"
"Players","Gracze"
"Select Character","Zaznacz gracza"
"Selected Character","Zaznacz postać"
"Release Character","Odznacz gracza"
"User Configuration","Konfiguracja gracza"
"Player Color","Kolor gracza"
"Player Avatar","Awatar gracza"
"Pull To Scene","Wciągnij do Sceny"
"Save Configuration","Zapisz konfigurację"
"View Player Avatar","Wyświetl avatar gracza"
"Kick Player","Wyrzuć gracza"
"Ban Player","Zbanuj gracza"
"Un-Ban Player","Odbanuj gracza"
"Create Playlist","Utwórz playlistę"
"Delete Playlist","Usuń playlistę"
"Edit Playlist","Edytuj playlistę"
"Global Volume Controls","Globalne ustawienia głośności"
"Soundboard Only","Tylko Soundboard"
"Sequential Playback","Odtwarzaj sekwencyjnie"
"Shuffle Tracks","Odtwarzaj losowo"
"Simultaneous Playback","Odtwarzaj równocześnie"
"Play Playlist","Odtwórz playlistę"
"Stop Playlist","Zatrzymaj playlistę"
"Playlists","Playlista"
"Ambient","Dźwięk tła"
"Interface","Interfejs"
"Playlist Name","Nazwa playlisty"
"Playback Mode","Tryb odtwarzania"
"Update Playlist","Zaktualizuj playlistę"
"Create Sound","Stwórz dźwięk"
"Edit Sound","Edytuj dźwięk"
"Delete Sound","Usuń dźwięk"
"Loop Sound","Zapętl dźwięk"
"Track Name","Nazwa utworu"
"Audio Source","Źródło dźwięku"
"Repeat","Powtórz"
"Large File Streaming","Strumieniowanie dużego pliku"
"Update Track","Zaktualizuj utwór"
"Play Sound","Odtwórz dźwięk"
"Preload Sound","Wstępnie załaduj dźwięk"
"Sound Volume","Głośność dźwięku"
"Sound Stop","Zatrzymaj dźwięk"
"Accessibility","Dostępność"
"GM Only","Tylko MG"
"All Players","Wszyscy gracze"
"Activate","Aktywuj"
"Audio Playlist","Playlista dźwięków"
"A Playlist which should automatically begin playing when this Scene is activated.","Playlista, która powinna rozpocząć się automatycznie po aktywacji tej sceny."
"Background Color","Kolor tła"
"Background Image","Obraz tła"
"Configure the background image and dimensions of the scene's primary map.","Skonfiguruj obraz tła i wymiary głównej mapy sceny."
"Background Image Scale","Skala obrazu tła"
"Configure","Konfiguruj"
"Configure Scene","Konfiguruj Scenę"
"Darkness Level","Poziom ciemności"
"Apply an overlay which darkens the Scene and diminishes light sources to simulate nighttime or dim conditions.","Skonfiguruj nakładkę ciemności, która zasłania Scenę, aby symulować warunki nocne lub ciemne."
"Scene Dimensions","Wymiary sceny"
"Change Scene Dimensions?","Zmienić wymiary Sceny?"
"You are changing the underlying dimensions of this Scene, if you have already placed objects in this Scene this operation may cause those objects to shift position relative to the background image.","Zmieniasz podstawowe wymiary tej Sceny, jeśli już umieściłeś obiekty w tej Scenie, ta operacja może spowodować przesunięcie tych obiektów względem obrazu tła"
"Fog Exploration","Eksploracja mgły"
"Track the exploration progress of Tokens in this Scene, revealing fog of war for areas which have been explored.","Śledź postęp eksploracji w tej scenie, rozpraszając mgłę wojny."
"Regenerate Thumbnail Image","Wygeneruj ponownie miniaturkę"
"Unrestricted Vision Range","Globalne Oświetlenie"
"Reveal all areas that controlled Tokens have direct line of sight to observe. If disabled, vision is restricted to illuminated areas.","Oświetl wszystkie obszary Sceny, które kontrolowany Token ma w polu widzenia"
"Vision Limitation Threshold","Próg globalnego oświetlenia"
"Automatically disable the Unrestricted Vision Range setting when the Darkness Level of the Scene exceeds a threshold value.","Automatycznie wyłącz Globalne Oświetlenie, gdy Poziom Ciemności przekroczy określoną wartość progową."
"Grid Color","Kolor siatki"
"Grid Configuration Tool","Narzędzie konfiguracji siatki"
"Grid Opacity","Nieprzezroczystość siatki"
"Grid Type","Typ siatki"
"Gridless","Bez siatki"
"Square","Kwadrat"
"Hexagonal Rows - Odd","Sześciokątne Rzędy - nieparzyste"
"Hexagonal Rows - Even","Sześciokątne Rzędy - parzyste"
"Hexagonal Columns - Odd","Sześciokątne Kolumny - nieparzyste"
"Hexagonal Columns - Even","Sześciokątne Kolumny - parzyste"
"Grid Size","Rozmiar siatki"
"Grid Offset Position","Położenie odsunięcia siatki"
"Grid Scale","Skala siatki"
"Distance","Dystans"
"Units","Jednostki"
"Ambience and Atmosphere","Tło (Ambience) i Atmosfera"
"Configure additional integrations between this scene and Journal Entries, Audio Playlists, or Weather Effects.","Skonfiguruj dodatkowe integracje między tą sceną a Wpisami do Dziennika, Playlistami Audio lub Efektami Pogodowymi."
"Details and Dimensions","Szczegóły i wymiary"
"Configure the basic details for this scene and permissions which control its visibility.","Skonfiguruj podstawowe szczegóły tej sceny i uprawnienia, które kontrolują jej widoczność."
"Grid Configuration","Konfiguracja siatki"
"Configure the grid dimensions which are used to measure token movement in this scene.","Skonfiguruj wymiary siatki, które są używane do pomiaru ruchu tokenów w tej scenie."
"Vision and Lighting","Wzrok i Oświetlenie"
"Configure the vision, lighting, and fog of war settings which apply to this Scene.","Skonfiguruj ustawienia pola widzenia, oświetlenia i mgły wojny, które dotyczą tej Sceny."
"Initial View Position","Początkowa pozycja widoku"
"Capture Current View","Przechwyć bieżący widok"
"Set a default camera position that is displayed the first time this Scene is viewed.","Ustaw domyślną pozycję kamery, która będzie wyświetlana podczas pierwszego oglądania tej Sceny."
"Loading {name}","Ładowanie {name}"
"Navigation Name","Nazwa z paska nawigacji"
"An alternative name for the Scene that is displayed in the Navigation Bar instead of the actual Scene name.","Alternatywna nazwa sceny, która jest wyświetlana na pasku nawigacji zamiast rzeczywistej nazwy sceny."
"Scene Notes","Notatki sceny"
"Padding Percentage","Procent wypełnienia"
"pixels","piksele"
"Preload Scene","Wczytaj wstępnie"
"Scene Name","Nazwa Sceny"
"View Scene","Wyświetl Scenę"
"Journal Notes","Notatki dziennika"
"A linked Journal Entry which provides notes for the Game Master about this Scene.","Powiązany Wpis do Dziennika, który zawiera notatki dla Mistrza Gry na temat tej Sceny."
"Navigation","Nawigacja"
"Offset Background","Przesunięcie Tła"
"Horizontal","Poziomy"
"Vertical","Pionowy"
"Token Vision","Wzrok tokena"
"Restrict visibility within this Scene to the shared vision of all controlled Tokens. If disabled, the entire Scene is visible.","Ogranicz widoczność w tej Scenie w oparciu o kontrolowane Tokeny i ich wzrok."
"Toggle Navigation","Tryb nawigacji"
"units","jednostki"
"Weather Effect","Efekt Pogodowy"
"Configure an active Weather Effect which is present within this Scene.","Skonfiguruj aktywny Efekt Pogodowy, który jest obecny w tej Scenie."
"Configure Settings","Skonfiguruj Ustawienia"
"Controls Reference","Opis Sterowania"
"View Documentation","Wyświetl Dokumentację"
"Invitation Links","Linki Zaproszeń"
"Manage Modules","Zarządzaj Modułami"
"View Active Modules","Wyświetl Aktywne Moduły"
"Configure Game Settings","Skonfiguruj ustawienia gry"
"Update Software","Zaktualizuj aplikację"
"Log Out","Wyloguj się"
"User Management","Ustawienia graczy"
"Reset Defaults","Przywróć domyślne"
"Save Changes","Zapisz zmiany"
"Return to Setup","Powróć do ustawień"
"General Information","Informacje Ogólne"
"Game Settings","Ustawienia gry"
"Help and Documentation","Pomoc i dokumentacja"
"Game Access","Dostęp do gry"
"Community Wiki Pages","Strona Wiki Społeczności"
"Token Vision Animation","Animacja Widoczności Tokena"
"Animate Token vision and light changes during Token movement animations. Disabling this will improve performance for lower-end machines.","Animuj wizję tokena i zmiany oświetlenia podczas animacji ruchu tokena. Wyłączenie tej funkcji poprawi wydajność w przypadku maszyn z niższej półki."
"Light Source Animation","Animacja źródła światła"
"Allow light source animations. Disabling this will improve performance for lower-end machines.","Zezwól na animacje źródła światła. Wyłączenie tej opcji poprawi wydajność w przypadku maszyn z niższej półki."
"Disable Pixel Resolution Scaling","Wyłącz skalowanie rozdzielczości pikseli"
"Disable automatic scaling of the canvas resolution to the pixel density of the display device. This will result in a reduction in visual quality but an improvement in application performance for high-density displays.","Wyłącz automatyczne skalowanie rozdzielczości obrazu do gęstości pikseli urządzenia wyświetlającego. Spowoduje to obniżenie jakości wizualnej, ale poprawi wydajność aplikacji w przypadku wyświetlaczy o dużej gęstości."
"Language Preference","Preferencje językowe"
"Change the displayed language for Foundry Virtual Tabletop.","Zmienić wyświetlany język dla Foundry Virtual Tabletop."
"Left-Click to Release Objects","Kliknij lewym przyciskiem myszy, aby zwolnić obiekty"
"When enabled, a left click on empty canvas space will release any currently controlled objects. If disabled, objects are released by selecting an empty space, shift-clicking the object, or pressing the escape key.","Jeśli włączone, kliknięcie lewym przyciskiem myszy na pustym obszarze roboczym spowoduje zwolnienie wszystkich aktualnie kontrolowanych obiektów. Jeśli wyłączone, obiekty są zwalniane przez wybranie pustej przestrzeni, kliknięcie obiektu z wciśniętym klawiszem Shift lub naciśnięcie klawisza Escape."
"Disable Game Canvas","Wyłączenie płócien gry"
"The game canvas which provides a visual representation of the virtual tabletop can be disabled. This allows for low-end machines to use a subset of software features.","Płótno gry, które zapewnia wizualną reprezentację wirtualnego blatu, może zostać wyłączone. Dzięki temu urządzenia z niższej półki mogą korzystać z podzbioru funkcji oprogramowania."
"Enable Chat Bubbles","Włącz dymki czatu"
"Configure whether or not chat bubbles will be displayed above Tokens for in-character and emote type chat messages.","Skonfiguruj, czy dymki czatu będą wyświetlane nad Tokenami dla wiadomości napisanych ""jako postać"" i emotek."
"Pan to Token Speaker","Przesuń do Mówiącego Tokena"
"Configure whether to automatically pan the camera to a speaking token when it displays a chat bubble.","Skonfiguruj, czy automatycznie przesuwać kamerę do mówiącego tokena, gdy wyświetla dymek czatu."
"Maximum Framerate","Maksymalna liczba klatek na sekundę"
"Limit the maximum framerate at which Foundry Virtual Tabletop will render canvas updates. Lowering this value may improve application performance for less powerful hardware.","Ogranicz maksymalną liczbę klatek na sekundę, przy której Foundry Virtual Tabletop będzie renderować aktualizacje kanwy. Obniżenie tej wartości może poprawić wydajność aplikacji w przypadku mniej wydajnego sprzętu."
"Zoomed Texture Antialiasing","Antyaliasing przybliżonych tekstur"
"Compute mipmaps to antialias sprite textures at lower levels of zoom. This is a client setting as different users may prefer different visual styles.","Oblicz mipmapy, aby antyaliasować tekstury sprite'ów na niższych poziomach powiększenia. Jest to ustawienie klienta, ponieważ różni użytkownicy mogą preferować różne style wizualne."
"Enable Soft Shadows","Włącz miękkie cienie"
"Enable soft shadows for more beautiful dynamic lighting, or disable it for improved performance on machines with lower-end hardware.","Włącz miękkie cienie, aby uzyskać piękniejsze, dynamiczne oświetlenie, lub wyłącz je, aby poprawić wydajność na  mniej wydajnym sprzęcie."
"Core Settings","Ustawienia Core"
"Module Settings","Ustawienia modułów"
"System Settings","Ustawienia systemu"
"Token Drag Vision","Wzrok tokena podczas przeciągania"
"When enabled, vision and lighting for a Token is previewed in real time during a left-click drag workflow. This is disabled by default because it may promote undesirable meta-gaming behaviors.","Po włączeniu tej funkcji wzrok i oświetlenie tokena są podglądane w czasie rzeczywistym podczas przeciągania lewym przyciskiem myszy. Domyślnie jest to wyłączone, ponieważ może to promować niepożądane zachowania w meta-grze."
"Core Software Version","Wersja oprogramowania Core"
"If an update to the core Foundry Virtual Tabletop software is available, you may apply it here. You are currently using version {coreVersion}.","Jeśli dostępna jest aktualizacja oprogramowania core Foundry Virtual Tabletop, można ją zastosować tutaj. Obecnie używasz wersji {coreVersion}."
"Default Language","Domyślny język"
"You may choose a default language for the application by choosing a module which provides the core translation files for that language.","Możesz wybrać domyślny język dla aplikacji, wybierając moduł, który dostarcza podstawowe pliki tłumaczeń dla danego języka."
"Software Configuration","Ustawienia aplikacji"
"Software Update","Aktualizacja aplikacji"
"A {type} update to {channel} version {version} is now available!","Aktualizacja oprogramowania {channel} do wersji {version} jest dostępna!"
"Configuration","Konfiguracja"
"These fields customize the behavior of the Foundry Virtual Tabletop application. Changes will require the server to restart.","Te pola dostosowują zachowanie aplikacji Foundry Virtual Tabletop. Zmiany będą wymagały ponownego uruchomienia serwera."
"Optimize Static Files","Optymalizacja plików statycznych"
"Reduce network traffic by serving minified static JavaScript and CSS files. Enabling this setting is recommended for most users, but module developers may wish to disable it.","Zmniejsz ruch sieciowy, serwując zminiaturyzowane statyczne pliki JavaScript i CSS. Zalecane dla większości użytkowników, ale twórcy modułów mogą chcieć je wyłączyć."
"Add-on Modules","Moduły dodatkowe"
"Game Systems","Systemy gier"
"Configuration and Setup","Konfiguracja i ustawienia"
"Update Software","Akt. systemu"
"Update All","Zaktualizuj wszystko"
"Software Update Channel","Kanał aktualizacji oprogramowania"
"You may choose an update channel to control the types of updates you wish to receive for the core Foundry Virtual Tabletop software. If you do not have a specific reason to change this, it is recommended to consume the Release channel.","Możesz wybrać kanał aktualizacji, aby kontrolować typy aktualizacji, które chcesz otrzymywać dla oprogramowania core Foundry Virtual Tabletop. Jeśli nie masz konkretnego powodu, aby to zmienić, zalecane jest korzystanie z kanału Stabilna wersja."
"Update","Sprawdź akt."
"Check For Update","Sprawdź, czy są aktualizacje"
"Alpha (Unstable)","Alfa (Niestabilny)"
"Beta (Release Candidate)","Beta (Kandydat do wydania)"
"Release (Stable)","Stabilna wersja"
"Checking the Force Update box will force your version to the requested channel. Do not use this option unless you know exactly what you are doing.","Zaznaczenie pola Wymuś aktualizację spowoduje, że twoja wersja zostanie przeniesiona na żądany kanał. Nie używaj tej opcji, chyba że wiesz dokładnie co robisz."
"Uninstall","Odinstaluj"
"Create World","Stwórz świat"
"Delete World","Usuń świat"
"Edit World","Edytuj świat"
"Launch World","Uruchom świat"
"Game Worlds","Światy gier"
"Requires Update","Wymaga aktualizacji"
"Requires System Update","Wymaga aktualizacji systemu"
"Requires Dependency","Wymaga zależności"
"Requires Core Update","Wymaga aktualizacji core"
"Save Application Configuration","Zapisz ustawienia aplikacji"
"Modifying these configuration options will cause the server to be shut down and require that you restart the server manually. Do you wish to continue?","Modyfikacja tych opcji konfiguracyjnych spowoduje wyłączenie serwera i będzie wymagała jego ręcznego restartu. Czy chcesz kontynuować?"
"The Foundry Virtual Tabletop server has been terminated to apply changes. You must restart manually.","Serwer Foundry Virtual Tabletop został zamknięty w celu zastosowania zmian. Musisz uruchomić go ponownie ręcznie."
"Current Version","Obecna wersja"
"Force Update?","Wymusić aktualizację?"
"Compatibility Unknown","Kompatybilność nieznana"
"Compatibility Risk","Ryzyko niekompatybilności"
"Manifest URL","URL Manifestu"
"You can install any package by providing a direct link to its JSON manifest URL.","Możesz zainstalować dowolny pakiet poprzez podanie bezpośredniego linku do adresu URL manifestu JSON."
"Install Module","Zainstaluj moduł"
"Install System","Zainstaluj system"
"{type} {name} was installed successfully","{type} {name} został zainstalowany pomyślnie"
"Installation failed: {message}","Instalacja nie powiodła się: {message}"
"Install World","Zainstaluj Świat"
"uninstalled successfully","odinstalowano pomyślnie"
"Uninstallation failed","Deinstalacja nie powiodła się"
"updated successfully","Zaktualizowano pomyślnie"
"Update failed","Aktualizacja nie powiodła się"
"Loading Available Packages","Ładowanie dostępnych pakietów"
"Filter Packages","Filtruj pakiety"
"You can filter available packages by name.","Możesz filtrować dostępne pakiety po ich nazwie"
"Package Categories","Kategorie pakietów"
"Installed","Gotowe"
"Not Owned","Nieposiadane"
"All Packages","Wszystkie pakiety"
"Installed Only","Tylko zainstalowane"
"Uninstalled Only","Tylko niezainstalowane"
"{title} has {number} dependencies which are not yet installed.","Pakiet, który zainstalowałeś ma {number} zależności, które nie są jeszcze zainstalowane."
"Install Package Dependencies","Zainstaluj pakiety zależności"
"You may not be able to use this package if these dependencies are not present. Do you wish to install them automatically?","Możesz nie być w stanie użyć tego pakietu, jeśli te zależności nie są obecne. Czy chcesz zainstalować je automatycznie?"
"You have chosen not to install the required dependency packages for {title}. You will need to install them manually.","Zdecydowałeś się nie instalować wymaganych pakietów zależności dla {title}. Będziesz musiał zainstalować je ręcznie."
"Successfully installed {title} and {number} dependencies.","Pomyślnie zainstalowano {title} i {number} zależności."
"An update is available for {name} but cannot be installed because it requires core software version {vreq} and you are currently using version {vcur}.","Dostępna jest aktualizacja dla {name}, ale nie można jej zainstalować, ponieważ wymaga ona wersji oprogramowania core {vreq}, a obecnie używana jest wersja {vcur}."
"Delete {type}: {title}","Usuń {type}: {title}"
"Are you sure you want to delete the {type} <strong>{title}</strong>?","Czy na pewno chcesz usunąć {type} <strong>{title}</strong>?"
"<strong>Warning:</strong> This will permanently delete your world content and <strong>can not</strong> be un-done. Are you sure you wish to do this?</strong>.","<strong>Uwaga:</strong> Spowoduje to trwałe usunięcie zawartości Twojego świata i <strong>niemożliwe</strong> jest cofnięcie zmian. Kontynuować?</strong>."
"Type the exact title of your world <strong>{title}</strong> in the box below to proceed.","Wpisz dokładny tytuł swojego świata <strong>{title}</strong> w polu poniżej, aby kontynuować."
"<strong>Warning:</strong> This operation cannot be un-done.","<strong>Uwaga:</strong> Tej operacji nie można cofnąć."
"You must enter the exact World name to confirm the deletion request.","Musisz wprowadzić dokładną nazwę świata, aby potwierdzić usunięcie."
"Update","Sprawdź akt."
"Blocked","Zablokowane"
"Update","Aktualizacja"
"Current","Aktualny"
"Downloading Update","Pobieranie aktualizacji"
"Download Complete","Pobieranie zakończone"
"Extracting Update","Wypakowywanie akt."
"Extraction Complete","Wypakowano"
"Cleaning Directory","Czyszczenie folderu"
"Cleaning Complete","Wyczyszczono"
"Installing Update","Instalowanie aktualizacji"
"Installation Complete","Zainstalowano"
"In order to update Foundry Virtual Tabletop you will need to be connected to the internet and have a valid software license.","Aby zaktualizować Foundry Virtual Tabletop, musisz mieć połączenie z Internetem i ważną licencję."
"This update is a new major version of the Foundry Virtual Tabletop software. Installing this update will require some installed modules which may not yet be compatible to be disabled.","Ta aktualizacja jest nową, główną wersją oprogramowania Foundry Virtual Tabletop. Zainstalowanie tej aktualizacji będzie wymagało wyłączenia niektórych zainstalowanych modułów, które mogą nie być jeszcze kompatybilne."
"Download Update {version}","Pobierz aktualizację {version}"
"An update to Foundry Virtual Tabletop version {version} is available!","Aktualizacja do Foundry Virtual Tabletop w wersji {wersja} jest dostępna!"
"You are not allowed to update this instance of Foundry Virtual Tabletop because it was launched in --noupdate mode.","Nie można zaktualizować tej instancji Foundry Virtual Tabletop, ponieważ została ona uruchomiona w trybie --noupdate."
"No software update is currently available on the requested update channel.","Na żądanym kanale aktualizacji nie jest obecnie dostępna żadna nowa wersja."
"World Data Migration Required","Wymagana migracja danych świata
"
"<p>Launching the world <strong>{world}</strong> will migrate its data model from an older core software version {oldVersion} to the currently installed version {newVersion}.</p><p>As part of this process, <strong>{nIncompatible} out of {nModules} installed modules</strong> which may not yet be compatible with the new version will be automatically disabled. You may re-enable them manually if you wish.</p><p>Please check for any available updates to your game systems and modules, and please be sure to periodically back up your critical world data. Would you like to proceed?</p>","<p>Uruchomienie świata <strong>{world}</strong> spowoduje migrację jego modelu danych ze starszej wersji oprogramowania core {oldVersion} do aktualnie zainstalowanej wersji {newVersion}.</p><p>Jako część tego procesu, <strong>{nIncompatible} z {nModules} zainstalowanych modułów</strong>, które mogą nie być jeszcze kompatybilne z nową wersją, zostaną automatycznie wyłączone. Możesz je ponownie włączyć ręcznie, jeśli chcesz.</p><p>Proszę sprawdzić dostępne aktualizacje systemów gry i modułów, a także pamiętać o okresowym tworzeniu kopii zapasowych krytycznych danych świata. Czy chcesz kontynuować? </p> <p>"
"Foundry Virtual Tabletop &bull; Administrator Access","Foundry Virtual Tabletop &bull; Dostęp dla administratora"
"Administrator Password","Hasło administratora"
"You may assign a special administrator password which is required in order to access this setup screen.","Można przypisać specjalne hasło administratora, które jest wymagane w celu uzyskania dostępu do tego ekranu ustawień."
"Admin Log Out","Wylogowanie admina"
"AWS Configuration Path","Ścieżka konfiguracji AWS"
"You may provide an AWS configuration file for S3 integration. The path is absolute or relative to the Config subdirectory of user data.","Możesz dostarczyć plik konfiguracyjny AWS dla integracji S3. Ścieżka jest bezwzględna lub względna do podkatalogu Config w danych użytkownika."
"Port","Port"
"You may choose which port Foundry Virtual Tabletop uses for TCP connection traffic and enable or disable Universal Plug and Play (UPnP).","Można wybrać port, którego Foundry Virtual Tabletop używa do ruchu połączeń TCP, oraz włączyć lub wyłączyć funkcję Universal Plug and Play (UPnP)."
"Enable UPnP?","Włączyć UPnP?"
"User Data Path","Ścieżka dostępu do danych użytkownika"
"Configure the location where your user data including worlds, systems and modules are stored.","Skonfiguruj lokalizację, w której przechowywane są dane użytkownika, w tym światy, systemy i moduły."
"Default World","Domyślny świat"
"You may choose one of your available worlds to automatically launch when the software is started.","Możesz wybrać jeden z dostępnych światów, który będzie automatycznie uruchamiany po uruchomieniu programu."
"SSL Certificate","Certyfikat SSL"
"SSL Private Key","Prywatny klucz SSL"
"You may run the server using secure socket layer (SSL) encryption by providing paths to certificate and key files. Paths are absolute or relative to the Config subdirectory in user data.","Możesz uruchomić serwer z wykorzystaniem szyfrowania SSL podając ścieżki do plików certyfikatów i kluczy. Ścieżki są bezwzględne lub względne do podkatalogu Config w danych użytkownika."
"Current Players","Obecni gracze"
"Join Game Session","Dołącz do sesji"
"Game Details","Szczegóły gry"
"Return to Setup","Powróć do ustawień"
"World Description","Opis świata"
"Next Session","Następna sesja"
"Select User","Wybierz gracza"
"User Password","Klucz dostępu użytkownika"
"You are authenticated as a server administrator user.","Jesteś zalogowany jako administrator serwera."
"This Sheet","Ta karta"
"Default Sheet","Domyślny karta"
"Override which sheet type you would like to use for this specific entity.","Nadpisuje kartę postaci, którą chcesz użyć dla tej konkretnej istoty."
"Set the default sheet type used for this entity type (GM Only).","Ustawia domyślną kartę postaci używaną dla tego typu istoty (tylko GM)."
"You do not have sufficient permissions to view this entity sheet.","You do not have sufficient permissions to view this entity sheet."
"Save Sheet Configuration","Zapisz ustawienia karty"
"View Character Artwork","Zobacz Artwork postaci"
"Collapse or Expand","Zwiń lub rozwiń"
"Delete","Usuń"
"Duplicate","Duplikuj"
"Export Data","Eksportuj dane"
"Ambient Sound Configuration","Konfiguracja dźwięku otoczenia"
"Configure the ambient sound to play an audio file when tokens move within it's radius.","Skonfiguruj dźwięk otoczenia, aby odtwarzał plik audio, gdy tokeny poruszają się w jego promieniu."
"Create Ambient Sound","Stwórz dźwięk otoczenia"
"Update Ambient Sound","Aktualizacja dźwięków otoczenia"
"Source File Path","Ścieżka pliku źródłowego"
"Effect Radius","Promień efektu"
"Local Sound","Dźwięk lokalny"
"Global Sound","Dźwięk globalny"
"Volume Easing","Łagodzenie głośności"
"Adjust the volume level of the sound as Tokens move closer to the origin.","Dostosuj poziom głośności dźwięku w miarę zbliżania się tokenów do miejsca pochodzenia."
"Maximum Volume","Maksymalna głośność"
"Define the maximum volume of the sound at it's origin point (if easing) or everywhere in the area.","Określenie maksymalnej głośności dźwięku w punkcie początkowym (w przypadku łagodzenia) lub w całym obszarze."
"New Sound","Nowy dźwięk"
"Clear Folder","Wyczyść folder"
"Folder Color","Kolor folderu"
"Create Folder","Utwórz folder"
"Collapse All Folders","Zwiń wszystkie foldery"
"Delete All","Usuń wszystko"
"Edit Folder","Edytuj folder"
"Export to Compendium","Eksportuj do kompendium"
"Folder Name","Nazwa folderu"
"Remove Folder","Usuń folder"
"Alphabetical","Alfabetycznie"
"Manual","Ręczne"
"Update Folder","Zaktualizuj folder"
"Export Content","Eksportuj zawartość"
"You may export contained entities from this folder into an unlocked Compendium pack of the appropriate type.","Możesz wyeksportować zawarte istoty z tego folderu do odblokowanego pakietu Compendium odpowiedniego typu."
"Destination Pack","Pakiet docelowy"
"Merge By Name?","Scalanie według nazwy?"
"There are no unlocked compendium packs available for {type} entities which you can export to.","Dla istot {type} nie ma dostępnych odblokowanych pakietów kompendium, do których można eksportować."
"Create Rollable Table","Utwórz tablicę z rzutami"
"Create a new Rollable Table entity using the contents of this Folder as table results?","Czy utworzyć nową tablicę z rzutami używając zawartości tego folderu jako wyników tabeli?"
"None","Brak"
"Limited","Limitowane"
"Observer","Obserwator"
"Owner","Właściciel"
"Default","Domyślne"
"No Change","Bez zmian"
"All Players","Wszyscy gracze"
"Configure Permissions","Skonfiguruj uprawnienia"
"Open Permission Configuration","Otwórz ustawienia uprawnień"
"Fine tune the permitted actions which are allowed to Users for each role.","Dostosuj dozwolone działania, które są dozwolone dla użytkowników dla każdej roli."
"Permission Configuration","Konfiguracja uprawnień"
"Configure which User role has permission to perform which action. Note that some actions cannot be disabled for Game Master users. Some changes may not take effect until the game is reloaded.","Skonfiguruj, która rola użytkownika ma uprawnienia do wykonania danej akcji. Zauważ, że niektórych akcji nie można wyłączyć dla Game Masterów. Niektóre zmiany mogą zacząć obowiązywać dopiero po ponownym załadowaniu gry."
"Configure access for all Entities within this Folder. Changes will be applied to all contained Entities, excluding the contents of sub-folders.","Skonfiguruj dostęp dla wszystkich bytów w tym folderze. Zmiany zostaną zastosowane do wszystkich zawartych bytów, oprócz zawartości podfolderów."
"Configure access to this specific Entity, allowing each User to be assigned a different level of visibility.","Skonfiguruj dostęp do tego konkretnego bytu, umożliwiając każdemu Użytkownikowi przypisanie innego poziomu widoczności."
"Permission","Uprawnienie"
"User Role Permissions","Uprawnienia dla ról użytkowników"
"Reset Defaults","Przywróć domyślne"
"Save Configuration","Zapisz konfigurację"
"Allow Broadcasting Audio","Zezwól na przesyłanie Audio"
"Allow players with this role to broadcast audio when using A/V chat integration.","Zezwalaj graczom o tej roli na wysyłanie dźwięku podczas używania integracji A/V czatu"
"Allow Broadcasting Video","Zezwalaj na wysyłanie obrazu"
"Allow players with this role to broadcast video when using A/V chat integration.","Zezwalaj graczom o tej roli na wysyłanie obrazu podczas używania integracji A/V czatu"
"Create New Actors","Stwórz nowych aktorów"
"Allow players with this role to create new Actors in the World.","Zezwalaj graczom o tej roli na tworzenie nowych aktorów w świecie"
"Use Drawing Tools","Użyj narzędzi do rysowania"
"Allow players with this role to create Drawings using the drawing tools.","Zezwalaj graczom o tej roli na tworzenie rysunków używając narzędzi do rysowania"
"Create New Items","Stwórz nowe przedmioty"
"Allow players with this role to create new Items in the World.","Zezwalaj graczom o tej roli na tworzenie nowych przedmiotów w świecie"
"Use File Browser","Przeglądaj pliki"
"Allow players with this role to browse through available files in the File Browser.","Zezwalaj graczom o tej roli na przeglądanie dostępnych plików w File Picker"
"Upload New Files","Wyślij nowe pliki"
"Allow players with this role to upload content to the server using the File Browser.","Zezwalaj graczom o tej roli na wysyłanie zawartości na serwer używając File Picker"
"Create Journal Entries","Stwórz wpisy w dzienniku"
"Allow players with this role to create new Journal Entries in the Journal sidebar.","Zezwalaj graczom o tej roli na tworzenie nowych wpisów na pasku bocznym dziennika"
"Use Script Macros","Używaj makr skryptowych"
"Allow players with this role to use JavaScript macros which access the API.","Zezwalaj graczom o tej roli na używanie makr JavaScript z dostępem do API"
"Whisper Private Messages","Szepcz prywatne wiadomości"
"Allow players with this role whisper private messages that the Game Master cannot see.","Zezwalaj graczom o tej roli na szeptanie prywatnych wiadomości, których Mistrz Gry nie może zobaczyć"
"Modify Configuration Settings","Modyfikuj ustawienia konfiguracji"
"Allow players with this role to modify game settings and enable or disable modules.","Zezwalaj graczom z tą rolą modyfikować ustawienia gry i włączać/wyłączać moduły"
"Display Mouse Cursor","Wyświetl kursor myszki"
"Display the position of the player's mouse cursor which illustrates where the user is looking on the canvas.","Wyświetl pozycje kursora gracza pokazując gdzie użytkownik patrzy"
"Display Ruler Measurement","Wyświetl pomiar linijką"
"Display measurement using the ruler tool to other connected players.","Wyświetl pomiar linijką innym połączonym graczom"
"Create Measured Template","Stwórz szablon pomiaru"
"Allow players with this role to create templates for area-of-effect measurement.","Zezwalaj graczom o tej roli tworzyć szablony pomiaru obszaru działania"
"Create New Tokens","Stwórz nowe tokeny"
"Allow players with this role to place Tokens for Actors they own on the game canvas.","Zezwalaj graczom o tej roli umieszczać tokeny aktorów których posiadają na płótnie gry"
"Configure Token Settings","Konfiguruj ustawienia tokena"
"Allow players with this role to configure the settings for Tokens that they own.","Zezwalaj graczom o tej roli konfigurować ostawienia tokenów, które posiadają"
"Open and Close Doors","Otwieranie i zamykanie drzwi"
"Allow players with this role interact with doors defined on the Walls Layer.","Zezwalaj graczom o tej roli oddziaływać na drzwi zdefiniowane w Warstwie Ścian"
"Import Data","Importuj dane"
"Create Scene","Stwórz scenę"
"Search Scenes","Szukaj sceny"
"Chat Log","Dziennik czatu"
"Combat Tracker","Tracker Walki"
"Scenes Directory","Katalog scen"
"Actors Directory","Katalog aktorów"
"Items Directory","Katalog przedmiotów"
"Journal Entries","Wpisy dziennika"
"Audio Playlists","Playlista audio"
"Compendium Packs","Paczki kompenium"
"Game Settings","Ustawienia gry"
"Rollable Tables","Tablice z rzutami"
"View Token Artwork","Wyświetl grafikę tokena"
"Jump To Pin","Przejdź do szpilki"
"Animate Roll Tables?","Animować tablicę?"
"Configure whether to display a roulette-style animation when drawing from a Roll Table.","Konfiguruj czy wyświetlać ruletkowy styl animacji podczas rysowania z tablicy z rzutami"
"Create Table","Stwórz Listę"
"Table Description","Opis tablicy"
"Display Roll to Chat?","Wyświetlać rzuty na czacie?"
"Roll Table Formula","Formuła rzutu"
"Search Tables","Szukaj tablic"
"Table Configuration","Konfiguracja tablic"
"Normalize Result Weights","Normalizuj wagi wyników"
"Draw with Replacement?","Rysować z zastąpieniem?"
"Reset","Reset"
"Add New Result","Dodaj nowy wynik"
"Result Type","Typ wyniku"
"Result Details","Szczegóły wyniku"
"Delete Result","Usuń wynik"
"Weight","Waga"
"Range","Zasięg"
"Roll","Rzut"
"Toggle Drawn Status","Przełącz status rozstrzygnięcia"
"Update","Zaktualizuj"
"Cone Template Type","Typ stożkowego Szablonu"
"Choose how the area of effect for cone templates should be defined.","Wybierz jak obszar działania dla stożkowego szablonu powinien być zdefiniowany"
"Flat","Płaski"
"Round","Okrągły"
"Tile Configuration","Ustawienia kafelków"
"Tile Image or Video","Kafelek obrazu lub wideo"
"Assign Token","Przypisz token"
"You must select one existing Token to assign as the new prototype configuration.","Musisz zaznaczyć istniejący token jako nową konfigurację prototypu."
"Updated prototype Token configuration for {name}","Zaktualizowano prototyp tokena dla {name}"
"Attribute Bars","Paski atrybutów"
"Single Values","Pojedyncze wartości"
"Represented Actor","Reprezentowany aktor"
"Token Disposition","Nastawienie tokena"
"Configure which Actor this Token is associated with.","Konfiguruj, który aktor jest powiązany z którym  tokenem"
"Link Actor Data","Powiąż dane aktora"
"Token Name","Nazwa tokena"
"Display Name","Wyświetlana nazwa"
"Alternate Actor Tokens","Alternatywny token aktora"
"Configure the Token image and its displayed size and scale.","Konfiguruj obraz i tokena i jego rozmiar i skalę"
"Token Image Path","Ścieżka obrazu tokena"
"Mirror Image Horizontally","Odbicie lustrzane poziomo"
"Mirror Image Vertically","Odbicie lustrzane pionowo"
"Configure the Token's position, orientation, and elevation.","Konfiguruj pozycję, orientację i wysokość tokena"
"Lock Rotation","Zablokuj obrót"
"Randomize Wildcard Images","Wylosuj obrazy Dzikich kart"
"Configure the resource bars which are tracked for the Token.","Konfiguruj paski zasobów przypisanych Tokenowi"
"Bar 1 Attribute","Pasek 1 Atrybut"
"Bar 1 Data","Pasek 1 Dane"
"Bar 2 Attribute","Pasek 2 Atrybut"
"Bar 2 Data","Pasek 2 Dane"
"Display Bars","Wyświetl paski"
"Token Configuration","Konfiguracja tokena"
"Prototype Token","Prototyp Tokenu"
"Tint Color","Zmień kolor"
"Update Token","Zaktualizuj token"
"Configure the vision capability and light emission of this Token.","Skonfiguruj możliwość widzenia i emisję światła tego Tokenu"
"Has Vision","Ma widzenie"
"Bright Vision","W ciemności jak w jasnym"
"Dim Vision","W ciemności jak w półmroku"
"Sight Angle","Kąt widzenia"
"This Token references an Actor which no longer exists within the World.","Ten Token odnosi się do Aktora, który już nie istnieje w Świecie."
"You do not own any Token with vision in this Scene","Nie posiadasz żadnego Tokena z wizją w tej Scenie"
"Hostile","Wrogie"
"Neutral","Neutralne"
"Friendly","Przyjazne"
"Never Displayed","Nie wyświetlony"
"When Controlled","Gdy kontrolowany"
"Hovered by Owner","Najechany myszką przez właściciela"
"Hovered by Anyone","Najechany myszką przez kogokolwiek"
"Always for Owner","Zawsze dla właściciela"
"Always for Everyone","Zawsze dla każdego"
"None","Żadna"
"Player","Gracz"
"Trusted Player","Zaufany gracz"
"Assistant GM","Asystent GM"
"Game Master","Mistrz Gry"
"Password","Kod dostępu"
"User Role","Rola gracza"
"User Name","Nazwa użytkownika"
"Show Password","Pokaż kod dostępu"
"Create Additional User","Stwórz nowego użytkownika"
"Delete User","Usuń uzytkownika"
"Save and Return","Zapisz i wróć"
"User Management","Zarządzanie użytkownikami"
"Game users updated successfully, returning to the game World.","Użytkownicy zaktualizowani, powrót do świata gry"
"You must have at least one Game Master user within your World.","Musisz posiadać co najmniej 1 mistrza gry"
"Wall Configuration","Konfiguracja ściany"
"Wall Configuration [Multiple]","Konfiguracja ściany (wiele)"
"Customize how this wall segment restricts movement or senses.","Ustaw jak ten segment blokuje ruch lub zmysły"
"Wall Coordinates","Współrzędne ściany"
"Movement Restrictions","Blokada ruchu"
"Wall Direction","Kierunek ściany"
"Is Door?","Czy drzwi?"
"Door State","Stan drzwi"
"Update Wall","Zaktualizuj ścianę"
"World Details","Szczegóły świata"
"World Description","Opis świata"
"Audio/Video Configuration","Konfiguracja audio/video"
"Configure Audio/Video","Skonfiguruj audio/video"
"Configure settings specific to the integrated Audio/Video WebRTC component","Skonfiguruj ustawienia dostosowane do zintegrowanego komponentu WebRTC audio/video"
"<Unknown Device>","<Nieznane urządzenie>"
"Video Capture Device","Urządzenie przechwytywania obrazu"
"Select which video capture device you wish to use, if any.","Wybierz, którego urządzenia przechwytywania obrazu chcesz użyć."
"Audio Capture Device","Urządzenie przechwytywania dźwięku"
"Select which audio capture device you wish to use, if any.","Wybierz, którego urządzenia przechwytywania dźwieku chcesz użyć"
"Audio Output Device","Urządzenie odtwarzania dźwięku"
"Select which audio output device you wish to use.","Wybierz, którego urządzenia odtwarzania dźwieku chcesz użyć 
"
"Audio/Video communication was unable to start because one of the configured input devices was unavailable.","Nie udało się uruchomić komunikacji audio/video, ponieważ jedno ze skonfigurowanych urządzeń jest niedostępne"
"Disable Sending Camera","Wyłącz wysyłanie obrazu"
"Disable Sending Audio","Wyłącz wysyłanie dźwieku"
"Disable Audio Output","Wyłącz odtwarzanie dźwięku"
"Default Device","Domyślne urządzenie"
"Unavailable Device (will use Default)","Niedostępne urządzenie (wykorzystano Domyślne)"
"Choose Signalling Server","Wybierz serwer sygnalizacyjny"
"Signalling Server URL","Adres URL serwera sygnalizacyjnego"
"Foundry VTT","Foundry VTT"
"Custom Server","Własny serwer"
"Signalling Server Username","Nazwa użytkownika serwera sygnalizacyjnego"
"Signalling Server Password","Hasło serwera sygnalizacyjnego"
"Relay Server Configuration","Konfiguracja serwera przekazującego"
"Provided by Signalling Server","Dostarczane przez serwer sygnalizacyjny"
"Custom Relay Server","Własny serwer przekazujący"
"Relay Server URL","URL serwera przekazującego"
"Relay Server Username","Nazwa użytkownika serwera przekazującego"
"Relay Server Password","Hasło serwera przekazującego"
"General","Generalne"
"Devices","Urządzenia"
"Server","Serwer"
"General Audio/Video Conferencing Settings can only be modified by the GM","Ogólne ustawienia konferencji audio/wideo mogą być modyfikowane tylko przez GM"
"Audio/Video Conferencing Mode","Tryb audio/wideo konferencji"
"Only a Game Master user may change this setting, which will require Foundry VTT to reload.","Tylko GM może zmienić to ustawienie, co będzie wymagało ponownego załadowania Foundry VTT."
"Disabled","Wyłączony"
"Audio Only","Tylko Audio"
"Video Only","Tylko wideo"
"Audio/Video Enabled","Audio/Wideo włączone"
"Toggle video","Przełącz wideo"
"Configure Settings","Konfiguruj ustawienia"
"Send to Dock","Wyślij do doku"
"Pop out","Oderwij"
"Push-to-Talk/Mute Key","Push-to-Talk/Klawisz wyciszenia"
"Assign a keyboard key which, in PTT mode, enables voice while held. If not in PTT mode, the same key mutes while pressed.","Przypisać klawisz klawiatury, który w trybie PTT włącza głos, gdy jest trzymany. Jeśli nie jest w trybie PTT, ten sam klawisz wycisza głos, gdy jest naciśnięty."
"Voice Broadcasting Mode","Tryb nadawania głosowego"
"Choose how your voice is broadcast in AV calls.","Wybierz, w jaki sposób Twój głos jest emitowany w połączeniach AW."
"Always Enabled","Zawsze włączony"
"Voice Activation","Aktywacja głosowa"
"Push-to-Talk","Push-to-Talk"
"Allow User Video","Zezwól na wideo użytkownika"
"Block User Video","Zablokuj wideo użytkownika"
"Allow User Audio","Zezwalaj na dźwięki użytkownika"
"Block User Audio","Blokowanie dźwięków użytkownika"
"Enable Your Video","Włącz swoje wideo"
"Disable Your Video","Wyłącz swoje wideo"
"Enable Your Audio","Włącz swój dźwięk"
"Mute Your Audio","Wycisz swój dźwięk"
"Mute Others' Audio","Wycisz audio innych"
"Unmute Others' Audio","Wyłącz wyciszenie dźwięku innych osób"
"Show Players List","Pokaż listę graczy"
"Hide Players List","Ukryj listę graczy"
"Cycle Video Size","Przełącz rozmiar wideo"
"Unable to capture from your Audio devices; Sharing Video only","Nie można przechwycić z twoich urządzeń audio; tylko udostępnianie wideo"
"Unable to capture from your Video devices; Sharing Audio only","Nie można przechwycić z twoich urządzeń wideo; tylko udostępnianie audio"
"Unable to capture from your Audio & Video devices","Nie można przechwycić z twoich urządzeń audio-wideo"
"Unable to capture from your Video devices","Nie można przechwycić z twoich urządzeń wideo"
"Unable to capture from your Audio devices","Nie można przechwycić z twoich urządzeń audio"
"Error connection to Audio/Video Signalling Server","Błąd połączenia z serwerem sygnalizacyjnym audio / wideo"
"Lost connection to the Audio/Video Signalling server. Trying to re-establish connection.","Utracono połączenie z serwerem sygnalizacyjnym audio / wideo. Próbuję ponownie nawiązać połączenie."
"WebRTC Error : ","Błąd WebRTC : "
"You cannot use Audio/Video calls unless your Foundry VTT server is using SSL certificates. See the online documentation for instructions.","Nie można korzystać z połączeń Audio/Video, jeśli serwer Foundry VTT nie korzysta z certyfikatów SSL. Instrukcje znajdują się w dokumentacji online."
"You cannot enable your camera because you do not have permission to broadcast your video feed.","Nie można włączyć kamery, ponieważ nie masz uprawnień do nadawania obrazu wideo."
"You cannot enable your microphone because you do not have permission to broadcast your audio feed.","Nie możesz włączyć mikrofonu, ponieważ nie masz uprawnień do nadawania swojego kanału audio."
"World Title","Nazwa świata"
"Data Path","Ścieżka danych"
"Game System","System gry"
"Background Image","Obraz tła"
"Next Session","Następna sesja"
"Reset Active Modules","Resetuj aktywne moduły"
"Reset User Passwords","Resetowanie kluczy dostępu użytkowników"
"World Description","Opis świata"