"en","pt-BR"
"Activate","Ativar"
"Author","Autor"
"Cancel","Cancelar"
"Character","Personagem"
"Configure","Configurar"
"Close","Fechar"
"Degrees","Graus"
"Default","Padrão"
"Delete","Excluir"
"Documentation","Documentação"
"Duplicate","Duplicar"
"Error","Erro"
"Grid Units","Unidades da Grid"
"Install","Instalar"
"Elevation","Elevação"
"Foundry Virtual Tabletop","Foundry Virtual Tabletop"
"File Path","Caminho do Arquivo"
"Height","Altura"
"Hidden","Oculto"
" Name","Nome"
"No","Não"
"Notes","Notas"
"Preload","Pré-carregar"
"Token","Token"
"Path","Caminho"
"Packs","Conteúdo"
"Permissions","Permissões"
"Pixels","Pixels"
"Ratio","Proporção"
"Rotation","Rotação"
"Save Changes","Salvar Mudanças"
"Scale","Escala"
"Sheet","Ficha"
"System","Sistema"
"Type","Tipo"
"Uninstall","Desinstalar"
"Update","Atualizar"
"URL","URL"
"Warning","Aviso"
"Width","Largura"
"X-Coordinate","Coordenada-X"
"Y-Coordinate","Coordenada-Y"
"Yes","Sim"
"Actors Directory","Pasta de Atores"
"Create Actor","Criar Ator"
"Search Actors","Buscar Atores"
"Clear Chat Log","Limpar Registro de Chat"
"Export Chat Log","Exportar Registro de Chat"
"Flush Chat Log","Excluir Registro de Chat"
"All messages within the chat log will be permanently deleted.","<h3>Tem certeza?</h3><p>Todas as mensagens do registro de chat serão excluídas.</p>"
"Chat Log","Registro de Chat"
"To","Para"
"Blind GM Roll","Rolagem Cega do GM"
"Default Roll Mode","Modo Padrão de Rolagem"
"Public Roll","Rolagem Pública"
"Private GM Roll","Rolagem Privada do GM"
"Self Roll","Rolagem Própria"
"Rollable Tables","Tabelas de Rolagem"
"Begin Combat","Iniciar Combate"
"Create Encounter","Criar Encontro"
"Delete Encounter","Excluir Encontro"
"Encounter","Encontro"
"Activate Previous Encounter","Ativar Encontro Anterior"
"Activate Next Encounter","Ativar Próximo Encontro"
"End Combat","Encerrar Combate"
"Roll Initiative","Jogar Iniciativa"
"Reset Initiative","Redefinir Iniciativa"
"No Active Encounter","Nenhum Encontro Ativo"
"Not Started","Não Iniciado"
"Tracked Resource","Recurso Monitorado"
"Choose an attribute to track for each combatant.","Escolha um atributo para monitorar em cada combatente."
"Round","Rodada de Combate"
"Previous Round","Rodada Anterior"
"Next Round","Próxima Rodada"
"Roll NPCs","Rolar NPCs"
"Roll All","Rolar Todos"
"Combat Tracker Settings","Configurações do Monitor de Combate"
"Save Tracker Settings","Salvar Configurações do Monitor"
"Skip Defeated?","Pular Derrotados?"
"Automatically bypass combatants marked as defeated?","Ignorar automaticamente os combatentes marcados como derrotados?"
"Toggle Visibility","Alternar Visibilidade"
"Mark Defeated","Marcar como Derrotado"
"End Turn","Terminar Turno"
"Next Turn","Próximo Turno"
"Previous Turn","Turno Anterior"
"Compendium Name","Nome do Compêndio"
"Create Compendium","Criar Compêndio"
"Create a new Compendium pack in your current World.","Criar um novo Compêndio em seu Mundo atual."
"Delete Compendium","Deletar Compêndio"
"Duplicate Compendium","Duplicar Compêndio"
"New Compendium Title","Título do Novo Compêndio"
"You may duplicate this compendium into your World to have a local copy of its content which is safe to edit.","Você pode duplicar esse compêndio para o seu Mundo, tendo assim uma cópia local de seu conteúdo que é segura para editar."
"Document Type","Tipo de Entidade"
"Each Compendium pack contains a specific type of Document.","Cada Compêndio contém um tipo específico de Entidade."
"Toggle Visibility","Alternar Visibilidade"
"Toggle Edit Lock","Alternar Proibição de Edição"
"You are attempting to unlock for editing a compendium that does not belong to this World. Any changes you make in this compendium pack may be lost if the system or module which owns it is updated. You may wish to duplicate the compendium to your world instead. Do you wish to proceed?","Você está tentando destrancar para edição um compêndio que não pertence a este Mundo. Quaisquer mudanças que você fizer neste compêndio poderão ser perdidas se o sistema ou módulo que o contém for atualizado. Considere duplicar o compêndio para o seu mundo como alternativa. Você deseja continuar?"
"Game Controls Reference","Referência dos Controles de Jogo"
"This form describes common keyboard and mouse commands used to control various aspects of the Foundry Virtual Tabletop environment. Some controls are only available to a Game Master user, those are highlighted in light purple.","Este formulário descreve os comandos comuns de teclado e mouse usados para controlar vários aspectos do ambiente do Foundry Virtual Tabletop."
"Select Tokens","Selecionar Tokens"
"Select Targets","Selecionar Alvos"
"Measure Distance","Medir Distância"
"Measurement Controls","Controles de Medição"
"Circle Template","Modelo de Círculo"
"Cone Template","Modelo de Cone"
"Rectangle Template","Modelo de Retângulo"
"Ray Template","Modelo de Raio"
"Clear Templates","Apagar Modelos"
"Tile Controls","Controle de Objetos"
"Select Tiles","Selecionar Objetos"
"Place Tile","Colocar Objeto"
"Drawing Tools","Ferramentas de Desenho"
"Select Drawings","Selecionar Desenhos"
"Draw Rectangle","Desenhar Retângulo"
"Draw Ellipse","Desenhar Elipse"
"Draw Polygon","Desenhar Polígono"
"Draw Freehand","Desenhar à Mão Livre"
"Draw Text","Desenhar Texto"
"Clear Drawings","Apagar Desenhos"
"Configure Drawing","Configurar Desenho"
"Wall Controls","Controles de Parede"
"Draw Walls","Desenhar Paredes"
"Invisible Walls","Paredes Invisíveis"
"Terrain Walls","Paredes de Terreno"
"Ethereal Walls","Paredes Etéreas"
"Draw Doors","Desenhar Portas"
"Secret Doors","Portas Secretas"
"Clone Walls","Clonar Paredes"
"Clear Walls","Apagar Paredes"
"Lighting Controls","Controles de Iluminação"
"Draw Light Source","Desenhar Fonte de Iluminação"
"Clear Lights","Limpar Iluminação"
"Reset Fog of War","Limpar Névoa da Guerra"
"Transition to Daylight","Transicionar para Luz do Dia"
"Transition to Darkness","Transicionar para Escuridão"
"Reset Fog of War Exploration?","Limpar Exploração de Névoa da Guerra?"
"This will reset fog of war for this Scene for all players.","Isso irá limpar a névoa da guerra para todos os jogadores nessa Cena."
"Ambient Sound Controls","Controles de Som Ambiente"
"Draw Ambient Sound","Desenhar Som Ambiente"
"Clear Sounds","Limpar Sons"
"Journal Notes","Notas do Diário"
"Select Notes","Selecionar Notas"
"Toggle Notes Display","Ativar Exibição de Notas"
"Clear Notes","Limpar Notas"
"General Game Controls","Controles do Jogo"
"Canvas Layer Controls","Controles de Objetos do Mapa"
"Placeable Object Controls","Controle de Objeto Alocável"
"Toggle Main Menu","Abrir/Fechar Menu Principal"
"Close Open Windows","Fechar Janelas Abertas"
"Toggle Game Pause","Pausar/Continuar o Jogo (GM)"
"Cancel Pending Move","Cancelar Movimento Pendente"
"Move Object","Mover Objeto"
"Pan Canvas","Mover Tela"
"Zoom Canvas","Controlar Zoom"
"Left Click","Clique Esquerdo"
"Double Left Click","Duplo Clique Esquerdo"
"Left-Click Drag","Arrastar com o Botão Esquerdo"
"Right-Click","Clique Direito"
"Mouse-Wheel","Roda de Rolagem"
"Drag and Drop","Arrastar e Soltar"
"Place Hidden Token","Colocar Token Oculto (GM)"
"Chain Wall Creation","Construção Contínua de Paredes"
"Select Chained Segments","Selecionar Segmentos Ligados"
"Actor","Ator"
"Chat Message","Mensagem de Chat"
"Combat Encounter","Encontro de Combate"
"Item","Item"
"Journal Entry","Registro do Diário"
"Audio Playlist","Lista de Reprodução de Áudio"
"Scene","Cena"
"Create New","Criar Novo"
"Acknowledge Agreement","Acordo de Confirmação"
"Agree","Concordo"
"I agree to these terms","Eu concordo com estes termos"
"Decline","Recusar"
"Game Paused","Jogo Pausado"
"Game invitation link copied to clipboard","Link de convite copiado para a área de transferência"
"Share the below invitation links with users who you wish to have join your game. The local invitation link is for users on your local network while the internet link connects via internet on the configured port.","Compartilhe os links abaixo com os usuários que você deseja que participem do seu jogo. O link de convite local é para usuários em sua rede local enquanto o link da Internet se conecta via internet na porta configurada."
"Internet","Internet"
"Local Network","Rede Local"
"Game Invitation Links","Links de Convite"
"Create Item","Criar Item"
"Delete Item","Deletar Item"
"Search Items","Procurar Items"
"View Item Artwork","Visualizar Arte de Item"
"Toggle Visibility State","Alternar Estado de Visibilidade"
"Toggle Locked State","Alternar Estado Trancado"
"Bring to Front","Trazer para a Frente"
"Send to Back","Mandar para o Fundo"
"Search Journal Entries","Procurar Registros do Diário"
"Create Entry","Criar Registro"
"Light Color","Cor da Luz"
"Create Macro","Criar Macro"
"Delete Macro","Excluir Macro"
"Search Macros","Buscar Macros"
"Reload Application","Recarregar Aplicação"
"Log Out","Deslogar"
"User Management","Configurar Jogadores"
"Return to Setup","Retornar a Setup"
"Module Management","Gerenciamento de Módulos"
"Use this form to configure which Modules are active within your current World. Submitting changes to active modules will cause the current session to reload.","Use este formulário para configurar quais Módulos estão ativos no seu mundo atual. Alterar os Módulos ativos fará a sessão atual recarregar."
"Save Module Settings","Atualizar Módulos"
"Players","Jogadores"
"Select Character","Selecionar Personagem"
"Release Character","Liberar Personagem"
"User Configuration","Configuração do Jogador"
"Player Color","Cor do Jogador"
"Player Avatar","Avatar do Jogador"
"Pull To Scene","Puxar para a Cena"
"Save Configuration","Salvar Configuração"
"View Player Avatar","Visualizar Avatar do Jogador"
"Create Playlist","Criar Lista de Reprodução"
"Delete Playlist","Deletar Lista de Reprodução"
"Edit Playlist","Editar Lista de Reprodução"
"Global Volume Controls","Controles Globais de Volume"
"Soundboard Only","Apenas Mesa de Som"
"Sequential Playback","Reprodução Sequencial"
"Shuffle Tracks","Reproduzir Faixas Aleatoriamente"
"Simultaneous Playback","Reprodução Simultânea"
"Play Playlist","Tocar Lista de Reprodução"
"Stop Playlist","Parar Lista de Reprodução"
"Playlists","Listas de Reprodução"
"Ambient","Ambiente"
"Interface","Interface"
"Edit Sound","Editar Som"
"Delete Sound","Deletar Som"
"Loop Sound","Repetir Som"
"Play Sound","Tocar Som"
"Preload Sound","Pré-carregar Som"
"Sound Volume","Volume do Som"
"Sound Stop","Parar Som"
"Accessibility","Acessibilidade"
"GM Only","Apenas Mestre"
"All Players","Todos os Jogadores"
"Activate","Ativar"
"Audio Playlist","Lista de Reprodução de Audio"
"A Playlist which should automatically begin playing when this Scene is activated.","Uma lista de reprodução que deve começar a tocar automaticamente quando essa Cena for ativada."
"Background Color","Cor de Fundo"
"Background Image","Imagem de Fundo"
"Background Image Scale","Escala da Imagem de Fundo"
"Configure","Configurar"
"Darkness Level","Nível de Escuridão"
"Apply an overlay which darkens the Scene and diminishes light sources to simulate nighttime or dim conditions.","Configure uma sobreposição de escuridão que escurece a cena para simular noite ou condições escuras."
"Fog Exploration","Exploração da Névoa"
"Track the exploration progress of Tokens in this Scene, revealing fog of war for areas which have been explored.","Rastrear progresso da exploração nessa cena, dissipando a névoa de guerra"
"Unrestricted Vision Range","Iluminação Global"
"Reveal all areas that controlled Tokens have direct line of sight to observe. If disabled, vision is restricted to illuminated areas.","Ilumina todas as áreas da Cena que um Token tem linha de visão para ver."
"Grid Color","Cor da Grid"
"Grid Configuration Tool","Ferramenta de Configuração de Grid"
"Grid Opacity","Opacidade da Grid"
"Grid Type","Tipo de Grid"
"Gridless","Sem Grid"
"Square","Quadrado"
"Hexagonal Rows - Odd","Linhas Hexagonais - Ímpar"
"Hexagonal Rows - Even","Linhas Hexagonais - Par"
"Hexagonal Columns - Odd","Colunas Hexagonais - Ímpar"
"Hexagonal Columns - Even","Colunas Hexagonais - Par"
"Grid Size","Tamanho da Grid"
"Grid Offset Position","Deslocamento da Posição do Grid"
"Units","Unidade da Grid"
"Initial View Position","Posição de visão inicial"
"Capture Current View","Capturar a posição de visão atual"
"Set a default camera position that is displayed the first time this Scene is viewed.","Define uma posição de câmera inicial que é exibida na primeira vez que esta Cena é vista."
"Navigation Name","Nome na Navegação"
"An alternative name for the Scene that is displayed in the Navigation Bar instead of the actual Scene name.","O nome alternativo para Cena que é exibido para os jogadores na Barra de Navegação."
"Scene Notes","Notas da Cena"
"pixels","pixels"
"Preload Scene","Pré-carregar Cena"
"Scene Name","Nome da Cena"
"Journal Notes","Notas do Diário"
"A linked Journal Entry which provides notes for the Game Master about this Scene.","Um registro do Diário vinculado que provê notas para o Mestre sobre essa Cena."
"Navigation","Mostrar na Navegação"
"Token Vision","Visão do Token"
"Restrict visibility within this Scene to the shared vision of all controlled Tokens. If disabled, the entire Scene is visible.","Restringir visibilidade dentro desta cena baseado nos Tokens controlados e suas respectivas visões."
"Toggle Navigation","Ativar/Desativar Navegação"
"units","unidades"
"Weather Effect","Efeito de Clima"
"Configure an active Weather Effect which is present within this Scene.","Configurar a imagem de fundo e dimensões do mapa primário da cena."
"Configure Settings","Alterar Configurações"
"Controls Reference","Referência dos Controles"
"View Documentation","Ver Documentação"
"Invitation Links","Links de Convite"
"Configure Game Settings","Configurações do Jogo"
"Update Software","Atualização do Software"
"Log Out","Sair"
"User Management","Configurar Jogadores"
"Reset Defaults","Resetar Padrões"
"Save Changes","Salvar Mudanças"
"Return to Setup","Retornar a Setup"
"Game Settings","Configurações do Jogo"
"Help and Documentation","Documentação de Ajuda"
"Community Wiki Pages","Páginas Wiki da Comunidade"
"Language Preference","Preferências de Idioma"
"Change the displayed language for Foundry Virtual Tabletop.","Altere o idioma de exibição do Foundry Virtual Tabletop."
"Enable Chat Bubbles","Ativar Balões de Fala"
"Configure whether or not chat bubbles will be displayed above Tokens for in-character and emote type chat messages.","Escolha se balões de fala serão ou não exibidos acima dos tokens para mensagens dos personagens e emotes."
"Pan to Token Speaker","Mover para Token Falante"
"Configure whether to automatically pan the camera to a speaking token when it displays a chat bubble.","Configurar se a câmera deve ser automaticamente movida para um token que fale quando um balão de diálogo é exibido."
"Enable Soft Shadows","Ativar Sombras Suaves"
"Enable soft shadows for more beautiful dynamic lighting, or disable it for improved performance on machines with lower-end hardware.","Ative sombras suaves para uma iluminação dinâmica mais bonita, ou desative para melhorar a performance em máquinas com hardware mais fraco."
"Core Settings","Configurações Básicas"
"Module Settings","Configurações de Módulo"
"System Settings","Configurações de Sistema"
"Software Configuration","Configuração do Software"
"Software Update","Atualização do Software"
"Configuration","Configuração"
"Add-on Modules","Módulos Complementares"
"Game Systems","Sistemas de Jogo"
"Configuration and Setup","Configuração e Setup"
"Update Software","Atualizar Software"
"Update All","Atualizar Tudo"
"Update","Checar Atualização"
"Check For Update","Checar Atualização"
"Uninstall","Desinstalar"
"Create World","Criar Mundo"
"Edit World","Editar Mundo"
"Launch World","Lançar Mundo"
"Game Worlds","Mundos de Jogo"
"Requires Update","Requer Atualização"
"Requires System Update","Requer Atualização de Sistema"
"Requires Dependency","Requer Dependências"
"Requires Core Update","Requer Atualização Base"
"Manifest URL","URL do Manifesto"
"You can install any package by providing a direct link to its JSON manifest URL.","Você pode instalar um pacote provendo o link para o seu manifesto JSON."
"Install Module","Instalar Módulo"
"Install System","Instalar Sistema"
"{type} {name} was installed successfully","instalado com sucesso"
"Installation failed: {message}","Instalação falhou. Por favor veja as mensagens de erro no console para mais detalhes."
"uninstalled successfully","desinstalado com sucesso"
"Uninstallation failed","Desinstalação falhou. Por favor veja as mensagens de erro no console para mais detalhes."
"updated successfully","atualizado com sucesso"
"Update failed","Atualização falhou. Por favor veja as mensagens de erro no console para mais detalhes."
"Foundry Virtual Tabletop &bull; Administrator Access","Foundry Virtual Tabletop &bull; Acesso de Administrador"
"Administrator Password","Chave de Acesso de Administrador"
"You may assign a special administrator password which is required in order to access this setup screen.","Você pode definir uma chave de acesso especial que é necessária para acessar essa página de configuração."
"Admin Log Out","Deslogar Admin"
"AWS Configuration Path","Caminho de Configuração AWS"
"You may provide an AWS configuration file for S3 integration. The path is absolute or relative to the Config subdirectory of user data.","Você pode providenciar um arquivo de configuração AWS para integração S3. O caminho é absoluto ou relativo ao subdiretório Config dos dados de usuário."
"Port","Porta"
"You may choose which port Foundry Virtual Tabletop uses for TCP connection traffic and enable or disable Universal Plug and Play (UPnP).","Você pode escolher qual porta o Foundry Virtual Tabletop usa para tráfego de conexão TCP e ativar ou desativar Universal Plug and Play (UPnP)."
"Enable UPnP?","Ativar UPnP?"
"User Data Path","Caminho de Dados do Usuário"
"Configure the location where your user data including worlds, systems and modules are stored.","Configure o local onde seus dados de usuário incluindo mundos, sistemas e módulos são salvos."
"Default World","Mundo Padrão"
"You may choose one of your available worlds to automatically launch when the software is started.","Você pode escolher um dos seus mundos disponíveis para ser automaticamente iniciado quando o software é executado."
"SSL Certificate","Certificado SSL"
"SSL Private Key","Chave Privada SSL"
"You may run the server using secure socket layer (SSL) encryption by providing paths to certificate and key files. Paths are absolute or relative to the Config subdirectory in user data.","Você pode executar o software usando criptografia secure socket layer (SSL) providenciando caminhos para os arquivos do certificado e chave.Os caminhos são absolutos ou relativos ao subdiretório Config dos dados de usuário."
"Override which sheet type you would like to use for this specific entity.","Sobreescrever qual classe de ficha você gostaria de usar para essa entidade especifica."
"Set the default sheet type used for this entity type (GM Only).","Defina a classe de ficha padrão usada para esse tipo de entidade (Apenas Mestre)"
"Save Sheet Configuration","Salvar Configuração da Ficha"
"View Character Artwork","Visualizar Arte do Personagem"
"Collapse or Expand","Recolher ou Expandir"
"Delete","Deletar"
"Duplicate","Duplicar"
"Export Data","Exportar Dados"
"Clear Folder","Limpar Diretório"
"Folder Color","Cor da Pasta"
"Create Folder","Criar Pasta"
"Collapse All Folders","Recolher Todas as Pastas"
"Delete All","Deletar Todas"
"Edit Folder","Editar Pasta"
"Folder Name","Nome da Pasta"
"Remove Folder","Remover Pasta"
"Update Folder","Atualizar Pasta"
"All Players","Todos os Jogadores"
"Configure Permissions","Configurar Permissões"
"Fine tune the permitted actions which are allowed to Users for each role.","Ajuste as ações permitidas que são concedidas a Usuários para cada cargo."
"Permission Configuration","Configuração de Permissão"
"Configure which User role has permission to perform which action. Note that some actions cannot be disabled for Game Master users. Some changes may not take effect until the game is reloaded.","Configure qual cargo de Usuário tem a permissão para realizar qual ação. Note que algumas ações não podem ser desativadas para usuários Game Master. Algumas mudanças podem não ter efeito até que o jogo seja recarregado."
"Permission","Permissão"
"User Role Permissions","Permissões de Cargo de Usuário"
"Reset Defaults","Resetar Padrões"
"Save Configuration","Salvar Configuração"
"Allow Broadcasting Audio","Permitir Transmissão de Áudio"
"Allow players with this role to broadcast audio when using A/V chat integration.","Permitir a jogadores com esse cargo transmitir áudio quando estiverem usando a integração de chat A/V."
"Allow Broadcasting Video","Permitir Transmissão de Vídeo"
"Allow players with this role to broadcast video when using A/V chat integration.","Permitir a jogadores com esse cargo transmitir vídeo quando estiverem usando a integração de chat A/V."
"Create New Actors","Criar Novos Atores"
"Allow players with this role to create new Actors in the World.","Permitir a jogadores com esse cargo criar novos Atores no Mundo."
"Use Drawing Tools","Usar Ferramentas de Desenho"
"Allow players with this role to create Drawings using the drawing tools.","Permitir a jogadores com esse cargo criar desenhos usando as Ferramentas de Desenho"
"Create New Items","Criar Novos Itens"
"Allow players with this role to create new Items in the World.","Permitir a jogadores com esse cargo criar novos Itens no Mundo."
"Use File Browser","Navegar no Explorador de Arquivos"
"Allow players with this role to browse through available files in the File Browser.","Permitir a jogadores com esse cargo navegar pelos arquivos disponíveis no Selecionador de Arquivos."
"Upload New Files","Subir Novos Arquivos"
"Allow players with this role to upload content to the server using the File Browser.","Permitir a jogadores com esse cargo subir conteúdo para o servidor usando o Selecionador de Arquivos."
"Use Script Macros","Usar Macros de Script"
"Allow players with this role to use JavaScript macros which access the API.","Permitir a jogadores com esse cargo usar macros JavaScript com acesso a API."
"Whisper Private Messages","Sussurrar Mensagens Privadas"
"Allow players with this role whisper private messages that the Game Master cannot see.","Permitir aos jogadores com esse cargo sussurrar mensagens privadas que o Game Master não pode ver."
"Modify Configuration Settings","Modificar Definições de Configuração"
"Allow players with this role to modify game settings and enable or disable modules.","Permitir a jogadores com esse cargo modificar as configurações do jogo e ativar ou desativar módulos."
"Display Mouse Cursor","Mostrar Cursor do Mouse"
"Display the position of the player's mouse cursor which illustrates where the user is looking on the canvas.","Exibir a posição do cursor do mouse do jogador que ilustra onde o jogador está olhando no canvas."
"Create Measured Template","Criar Modelo Medido"
"Allow players with this role to create templates for area-of-effect measurement.","Permitir a jogadores com esse cargo criar modelos para medição de áreas de efeito."
"Create New Tokens","Criar Novos Tokens"
"Allow players with this role to place Tokens for Actors they own on the game canvas.","Permitir a jogadores com esse cargo colocar Tokens de Atores que eles controlam no canvas de jogo."
"Configure Token Settings","Definir Configuração de Token"
"Allow players with this role to configure the settings for Tokens that they own.","Permitir a jogadores com esse cargo definir as configurações de Tokens que eles controlam."
"Open and Close Doors","Abrir e Fechar Portas"
"Allow players with this role interact with doors defined on the Walls Layer.","Permitir a jogadores com esse cargo interagir com portas definidas na Camada de Paredes."
"Import Data","Importar Dados"
"Create Scene","Criar Cena"
"Search Scenes","Procurar Cenas"
"Chat Log","Registro de Chat"
"Combat Tracker","Monitor de Combate"
"Scenes Directory","Diretório de Cenas"
"Actors Directory","Diretório de Atores"
"Items Directory","Diretório de Itens"
"Journal Entries","Registros de Diário"
"Audio Playlists","Listas de Reprodução de Áudio"
"Compendium Packs","Pacotes de Compêndio"
"Game Settings","Configurações de Jogo"
"Rollable Tables","Tabelas de Rolagem"
"View Token Artwork","Visualizar Arte do Token"
"Jump To Pin","Pular para Marcador"
"Animate Roll Tables?","Animar Tabelas de Rolagem?"
"Configure whether to display a roulette-style animation when drawing from a Roll Table.","Configurar se uma animação em estilo de roleta deve ser exibida quando rolando em uma Tabela de Rolagem"
"Create Table","Criar Tabela"
"Table Description","Descrição da Tabela"
"Display Roll to Chat?","Exibir Rolagem no Chat?"
"Roll Table Formula","Rolar Formula da Tabela"
"Search Tables","Procurar Tabelas"
"Table Configuration","Configuração de Tabela Rolavel"
"Normalize Result Weights","Normalizar Pesos de Resultados"
"Draw with Replacement?","Desenhar com Substituição?"
"Reset","Redefinir"
"Add New Result","Adicionar Novo Resultado"
"Result Type","Tipo de Resultado"
"Result Details","Detalhes de Resultado"
"Delete Result","Deletar Resultado"
"Weight","Peso"
"Range","Alcance"
"Roll","Rolar"
"Toggle Drawn Status","Alternar Status de Desenho"
"Update","Atualizar"
"Cone Template Type","Tipo do Modelo de Cone"
"Choose how the area of effect for cone templates should be defined.","Escolha como a área de efeito para modelos de cone devem ser definidas."
"Flat","Reta"
"Round","Arredondada"
"Assign Token","Atribuir Token"
"Attribute Bars","Barras de Atributo"
"Single Values","Valores Únicos"
"Represented Actor","Ator Representado"
"Token Disposition","Disposição do Token"
"Configure which Actor this Token is associated with.","Configure a qual ator este token está associado."
"Link Actor Data","Vincular Dados do Ator"
"Token Name","Nome do Ator"
"Display Name","Exibir Nome do Ator"
"Alternate Actor Tokens","Alternar Tokens do Ator"
"Configure the Token image and its displayed size and scale.","Configure a imagem do token e seu tamanho e escala exibidos."
"Token Image Path","Caminho da Imagem do Token"
"Mirror Image Horizontally","Espelhar Horizontalmente"
"Mirror Image Vertically","Espelhar Imagem Verticalmente"
"Configure the Token's position, orientation, and elevation.","Configure a posição, orientação e elevação do token."
"Lock Rotation","Travar Rotação"
"Randomize Wildcard Images","Usar Randomização de Imagens"
"Configure the resource bars which are tracked for the Token.","Configure as barras de recursos que são monitoradas para o token."
"Bar 1 Attribute","Barra 1 Atributo"
"Bar 1 Data","Barra 1 Valor"
"Bar 2 Attribute","Barra 2 Atributo"
"Bar 2 Data","Barra 2 Valor"
"Display Bars","Exibir Barras"
"Token Configuration","Configuração do Token"
"Prototype Token","Configuração do Token Protótipo"
"Update Token","Atualizar Token"
"Configure the vision capability and light emission of this Token.","Configure a capacidade de visão e a emissão de luz deste token."
"Has Vision","Possui Visão"
"Bright Vision","Visão Plena"
"Dim Vision","Visão Reduzida"
"Sight Angle","Ângulo de Visão"
"Hostile","Hostil"
"Neutral","Neutro"
"Friendly","Amigável"
"None","Nenhuma"
"Player","Jogador"
"Trusted Player","Jogador Confiável"
"Assistant GM","GM Assistente"
"Game Master","Game Master"
"Wall Configuration","Configuração de Muro"
"Wall Configuration [Multiple]","Configuração de Muros [Múltiplos]"
"Customize how this wall segment restricts movement or senses.","Customize como esse segmento de muro restringe movimento e sentidos"
"Wall Coordinates","Coordenadas do Muro"
"Movement Restrictions","Restrições de Movimento"
"Wall Direction","Direção do Muro"
"Is Door?","É uma Porta?"
"Door State","Estado da Porta"
"Update Wall","Atualizar Muro"
"World Details","Detalhes do Mundo"
"World Description","Descrição do Mundo"
"Audio/Video Configuration","Configuração Áudio/Vídeo"
"<Unknown Device>","<Dispositivo Desconhecimento>"
"Video Capture Device","Dispositivo de Captura de Vídeo"
"Select which video capture device you wish to use, if any.","Selecione o dispositivo de captura de vídeo que você deseja usar, se algum."
"Audio Capture Device","Dispositivo de Captura de Áudio"
"Select which audio capture device you wish to use, if any.","Selecione o dispositivo de captura de áudio que você deseja usar, se algum."
"Audio Output Device","Dispositivo de Saída de Áudio"
"Select which audio output device you wish to use.","Selecione o dispositivo de saída de áudio que você deseja usar."
"Disable Sending Camera","Desativar Envio de Câmera"
"Disable Sending Audio","Desativar Envio de Áudio"
"Disable Audio Output","Desativar Saída de Áudio"
"Default Device","Dispositivo Padrão"
"Unavailable Device (will use Default)","Dispositivo Indisponível (usará Padrão)"
"Choose Signalling Server","Escolher Servidor de Sinalização"
"Signalling Server URL","URL do Servidor de Sinalização"
"Foundry VTT","Foundry VTT"
"Custom Server","Servidor Customizado"
"Signalling Server Username","Usuário do Servidor de Sinalização"
"Signalling Server Password","Senha do Servidor de Sinalização"
"Relay Server Configuration","Configuração de Servidor de Retransmissão"
"Provided by Signalling Server","Providenciado pelo Servidor de Sinalização"
"Custom Relay Server","Servidor de Retransmissão Customizado"
"Relay Server URL","URL do Servidor de Retransmissão"
"Relay Server Username","Usuário do Servidor de Retransmissão"
"Relay Server Password","Senha do Servidor de Retransmissão"
"General","Geral"
"Devices","Dispositivos"
"Server","Servidor"
"General Audio/Video Conferencing Settings can only be modified by the GM","Configurações Gerais de Conferência Áudio/Vídeo só pode ser modificadas pelo GM"
"Audio/Video Conferencing Mode","Modo de Conferência Áudio/Vídeo"
"Only a Game Master user may change this setting, which will require Foundry VTT to reload.","Só um usuário GM pode mudar essa configuração, que necessitará de um recarregamento do Foundry VTT."
"Toggle video","Alternar Vídeo"
"Configure Settings","Definir Configurações"
"Send to Dock","Enviar para a Dock"
"Pop out","Destacar"
"Push-to-Talk/Mute Key","Tecla de Aperte-para-falar/Mudo"
"Assign a keyboard key which, in PTT mode, enables voice while held. If not in PTT mode, the same key mutes while pressed.","Determine uma tecla que, no modo Aperte-para-falar, ativa a voz quando apertada. Se não estiver nesse modo, a mesma tecla silencia enquanto apertada."
"Voice Broadcasting Mode","Modo de Transmissão de Voz"
"Choose how your voice is broadcast in AV calls.","Escolha como sua voz é transmitida em chamadas A/V."
"Allow User Video","Permitir Vídeo do Usuário"
"Block User Video","Bloquear Vídeo do Usuário"
"Allow User Audio","Permitir Áudio do Usuário"
"Block User Audio","Bloquear Áudio do Usuário"
"Enable Your Video","Ativar Vídeo"
"Disable Your Video","Desativar Vídeo"
"Enable Your Audio","Ativar Áudio"
"Mute Your Audio","Silenciar Áudio"
"Mute Others' Audio","Silenciar áudio dos outros"
"Unmute Others' Audio","Ativa áudio dos outros"
"Hide Players List","Esconder Lista de Jogadores"
"Cycle Video Size","Alternar tamanho do vídeo"
"Unable to capture from your Audio devices; Sharing Video only","Incapaz de capturar dos seus dispositivos de áudio; compartilhando vídeo somente"
"Unable to capture from your Video devices; Sharing Audio only","Incapaz de capturar dos seus dispositivos de vídeo; compartilhando áudio somente"
"Unable to capture from your Audio & Video devices","Incapaz de capturar dos seus dispositivos de áudio e vídeo"
"Unable to capture from your Video devices","Incapaz de capturar dos seus dispositivos de vídeo"
"Unable to capture from your Audio devices","Incapaz de capturar dos seus dispositivos de áudio"
"Error connection to Audio/Video Signalling Server","Erro de conexão ao Servidor de Sinalização Áudio/Vídeo"
"Lost connection to the Audio/Video Signalling server. Trying to re-establish connection.","Conexão perdida com o Servidor de Sinalização Áudio/Vídeo. Tentando reestabelecer conexão."
"WebRTC Error : ","Erro WebRTC: "
"You cannot use Audio/Video calls unless your Foundry VTT server is using SSL certificates. See the online documentation for instructions.","Você não pode utilizar chamadas de Áudio/Vídeo sem que seu servidor Foundry VTT esteja utilizando certificados SSL. Veja a documentação online para instruções."