"en","ru"
"Activate","Активировать"
"Angle","Угол"
"Author","Автор"
"Are You Sure?","Вы уверены?"
"and","и"
"Between","Между"
"Cancel","Отмена"
"Character","Персонаж"
"Configure","Настройки"
"Command","Command"
"Close","Закрыть"
"Degrees","Градусы"
"Default","По умолчанию"
"Delete","Удалить"
"Description","Описание"
"Distance","Расстояние"
"Direction","Направление"
"Documentation","Документация"
"Duplicate","Создать копию"
"Error","Ошибка"
"Grid Units","Единицы"
"Install","Установить"
"Elevation","Высота"
"Foundry Virtual Tabletop","Foundry Virtual Tabletop"
"File Path","Путь к файлу"
"Height","Высота"
"Hidden","Скрыто"
"Hold","Удержание"
" Name","Название"
"No","Нет"
"Notes","Заметки"
"Preload","Предзагрузка"
"Token","Токен"
"Minimum","Минимум"
"Maximum","Максимум"
"Image","Изображение"
"None","Нет"
"Path","Путь"
"Packs","Наборы"
"Permissions","Права доступа"
"Position","Расположение"
"Pixels","Пиксели"
"Ratio","Соотношение"
"Resources","Ресурсы"
"Result","Результат"
"Rotation","Поворот"
"Roll Formula","Формула броска"
"Commit Changes","Применить изменения"
"Reset Changes","Сбросить изменения"
"Save Changes","Сохранить"
"Scale","Масштаб"
"Scope","Область применения"
"Seconds","Секунды"
"Sheet","Лист"
"System","Система"
"Software","Приложение"
"Template","Шаблон"
"Type","Тип"
"Uninstall","Удалить"
"Update","Обновить"
"URL","URL"
"Vision","Зрение"
"Warning","Предупреждение"
"Width","Ширина"
"X-Coordinate","X-координата"
"Y-Coordinate","Y-координата"
"Yes","Да"
"Actors Directory","Список актёров"
"Create Actor","Создать актёра"
"Search Actors","Поиск актёра"
"Are you sure you want to exit the Foundry Virtual Tabletop game?","Вы уверены, что хотите выйти из Foundry VTT игры?"
"Clear Chat Log","Очистить чат"
"Export Chat Log","Экспорт чата"
"Flush Chat Log","Очистить чат"
"All messages within the chat log will be permanently deleted.","Все сообщения чата будут удалены.</p>"
"{command} is not a valid chat message command.","{command} не является командой чата."
"Chat Log","Чат"
"To","К"
"Pop Out Message","Вывести сообщение"
"Reveal To Everyone","Показать всем"
"Make Private","Сделать приватным"
"Blind GM Roll","Слепой бросок (GM)"
"Default Roll Mode","Стандартный бросок"
"Public Roll","Публичный бросок"
"Private GM Roll","Приватный бросок (GM)"
"Self Roll","Бросок для себя"
"Rollable Tables","Случайные таблицы"
"{user} privately rolled some dice","{user} скрыто бросил кости"
"Begin Combat","Начать бой"
"Create Encounter","Создать бой"
"Delete Encounter","Удалить бой"
"Encounter","Бой"
"Activate Previous Encounter","Активировать предыдущий бой"
"Activate Next Encounter","Активировать следующий бой"
"End Combat","Конец боя"
"Roll Initiative","Бросок инициативы"
"Reset Initiative","Сбросить инициативу"
"End Combat Encounter?","Завершить бой?"
"End this combat encounter and empty the turn tracker?","Завершить этот бой и очистить очередь ходов?"
"No Active Encounter","Нет активных боёв"
"There is no active Combat Encounter in your currently viewed Scene.","В текущей сцене нет активных боёв."
"There are no Combatants remaining in this Encounter which are not defeated.","В бою не осталось участников, которые не были побеждены."
"Not Started","Не в бою"
"Tracked Resource","Отслеживаемый ресурс"
"Choose an attribute to track for each combatant.","Выберите ресурс для отслеживания"
"Round","Раунд"
"Rounds","Раунды"
"Previous Round","Предыдущий раунд"
"Next Round","Следующий раунд"
"Roll NPCs","Бросить для NPC"
"Roll All","Бросить для всех"
"{name} rolls for Initiative!","{name} проверяет инициативу!"
"Combat Tracker Settings","Настройки боя"
"Save Tracker Settings","Сохранить настройки"
"Skip Defeated?","Пропуск побеждённых"
"Automatically bypass combatants marked as defeated?","Автоматически пропускать побеждённых врагов"
"Toggle Visibility","Переключение видимости"
"Mark Defeated","Отметить побеждённым"
"Turn","Ход"
"Turns","Ходы"
"End Turn","Закончить ход"
"Next Turn","Следующий ход"
"Previous Turn","Предыдущий ход"
"Unknown Combatant","Неизвестный боец"
"Represented Actor","Представляет актёра"
"Create Combatant","Создать бойца"
"Defeated","Побеждён"
"Hidden","Скрыт"
"Thumbnail Image","Эскиз"
"Initiative Value","Значение инициативы"
"Combatant Status","Статус бойца"
"Update Combatant","Обновить бойца"
"Displayed Name","Отображаемое имя"
"Remove Combatant","Удалить бойца"
"Clear Initiative","Очистить инициативу"
"Re-roll Initiative","Перебросить инициативу"
"Represented Token","Связанный токен"
"The Combatant {name} is not present in your currently viewed Scene","Боец {name} отсутствует на текущей сцене"
"Compendium Name","Название библиотеки"
"Create Compendium","Создать библиотеку"
"Create a new Compendium pack in your current World.","Создать новую библиотеку в вашем мире."
"Delete Compendium","Удалить библиотеку"
"This Compendium Pack will be permanently deleted and cannot be recovered.","Эта библиотека будет удалена без возможности восстановления."
"Delete Entry","Удалить запись"
"This Compendium entry and its data will be permanently deleted.","Эта запись библиотеки будет удалена."
"Duplicate Compendium","Создать копию"
"New Compendium Title","Название новой библиотеки"
"You may duplicate this compendium into your World to have a local copy of its content which is safe to edit.","Вы можете сохранить копию этой библиотеки в вашем Мире, чтобы иметь локальную копию для редактирования."
"You must provide a title to create a World Compendium pack.","Вы должны дать название библиотеке."
"Import All Content","Импортировать всё содержимое"
"All of the content from this Compendium pack will be imported into your World to a Folder which you may name.","Всё содержимое этой библиотеки будет импортировано в ваш мир."
"Importing {number} {type} entries into the {folder} folder. Please be patient.","Импорт {number} {type} записей в папку {folder}. Пожалуйста, подождите."
"Successfully imported {number} {type} entries into the {folder} folder.","Успешно импортировано {number} {type} записей в папку {folder}."
"Import Entry","Импортировать запись"
"Document Type","Тип записи"
"Each Compendium pack contains a specific type of Document.","Каждая библиотека содержит определённый тип записей."
"Toggle Visibility","Изменить видимость"
"Toggle Edit Lock","Режим редактирования"
"You are attempting to unlock for editing a compendium that does not belong to this World. Any changes you make in this compendium pack may be lost if the system or module which owns it is updated. You may wish to duplicate the compendium to your world instead. Do you wish to proceed?","Вы собираетесь разблокировать библиотеку для редактирования, но она не принадлежит вашему Миру. Желаете создать локальную копию библиотеки, чтобы не потерять изменения при обновлении модуля или системы?"
"Game Controls Reference","Справка по управлению"
"This form describes common keyboard and mouse commands used to control various aspects of the Foundry Virtual Tabletop environment. Some controls are only available to a Game Master user, those are highlighted in light purple.","Ознакомьтесь с управлением мышью и клавиатурой в Foundry Virtual Tabletop. Пункты отмеченные фиолетовым цветом доступны только GM."
"Token Controls","Инструменты токенов"
"Select Tokens","Выбрать токены"
"Select Targets","Выбрать цели"
"Measure Distance","Отмерить дистанцию"
"Measurement Controls","Инструменты измерений"
"Template Type","Тип шаблона"
"Border Color","Цвет рамки"
"Configure the placement and display of the measurement template.","Настройте расположение и вид измерительного шаблона."
"Circle Template","Шаблон круга"
"Cone Template","Шаблон конуса"
"Rectangle Template","Шаблон прямоугольника"
"Ray Template","Шаблон луча"
"Clear Templates","Очистить шаблоны"
"Template Texture","Текстура шаблона"
"Tile Controls","Инструменты тайлов"
"Select Tiles","Выбрать тайлы"
"Place Tile","Разместить тайл"
"Foreground Layer","Слой переднеего плана"
"Tile Browser","Браузер тайлов"
"Drawing Tools","Инструменты рисования"
"Select Drawings","Выбрать рисунки"
"Draw Rectangle","Нарисовать прямоугольник"
"Draw Ellipse","Нарисовать эллипс"
"Draw Polygon","Нарисовать полигон"
"Draw Freehand","Свободное рисование"
"Draw Text","Добавить текст"
"Clear Drawings","Очистить рисунки"
"Configure Drawing","Настройки рисования"
"Wall Controls","Инструменты стен"
"Draw Walls","Обычные стены"
"Invisible Walls","Невидимые стены"
"Terrain Walls","Заграждающие стены"
"Ethereal Walls","Бесплотные стены"
"Draw Doors","Двери"
"Secret Doors","Скрытые двери"
"Rectangular Select Walls","Инструмент выделения стен"
"Force Snap to Grid","Прикреплять к сетке"
"Clone Walls","Клонировать стены"
"Clear Walls","Очистить стены"
"Lighting Controls","Инструменты освещения"
"Draw Light Source","Источник света"
"Clear Lights","Очистить источники света"
"Reset Fog of War","Сбросить туман войны"
"Transition to Daylight","Переход в День"
"Transition to Darkness","Переход в Ночь"
"Reset Fog of War Exploration?","Сброс тумана войны"
"This will reset fog of war for this Scene for all players.","Это действие сбросит весь открытый туман на сцене для всех игроков."
"Ambient Sound Controls","Инструменты фоновых звуков"
"Draw Ambient Sound","Источник фонового звука"
"Preview Ambient Sounds","Прослушать фоновые звуки"
"Clear Sounds","Очистить фоновые звуки"
"Journal Notes","Заметки журнала"
"Select Notes","Выбрать заметки"
"Toggle Notes Display","Изменить видимость заметок"
"Clear Notes","Очистить заметки"
"Clear All Objects","Очистить все объекты"
"Permanently delete all {type} objects from this Scene?","Вы желаете удалить все {type} объекты со сцены?"
"General Game Controls","Основное управление"
"These controls generally apply across all aspects of Foundry functionality.","Это управление распространяется на все экраны Foundry."
"Canvas Layer Controls","Управление полотном"
"These controls apply when interacting with a specific Canvas layer.","Это управление распространяется на определённое полотно."
"Placeable Object Controls","Управление объектами"
"These controls apply when interacting with an Object placed on the Canvas.","Это управление распространяется на объекты, размещённые на полотне."
"Specialized Controls","Особое управление"
"These controls apply only during specific interactions.","Это управление распространяется только на особые виды взаимодействий."
"Mouse Controls","Управление мышью"
"Keyboard Controls","Управление клавиатурой"
"Toggle Main Menu","Открытие меню"
"Close Open Windows","Закрытие открытых окон"
"Toggle Game Pause","Пауза"
"Cancel Pending Move","Отмена перемещения"
"Move Object","Перемещение объекта"
"Pan Canvas","Перемещение по полотну"
"Select Object","Выбор объекта"
"Add or Remove Selected Objects","Добавить или снять выбор с объекта"
"Use Active Tool","Использовать активный инструмент"
"Cancel Left-Drag Operation","Отмена перетягивания"
"Zoom Canvas","Приближение полотна"
"Left Click","ЛКМ"
"Double Left Click","Двойной клик ЛКМ"
"Left-Click Drag","Клик ЛКМ и перетягивание"
"Double","Двойной клик"
"Right-Click","ПКМ"
"Drag","Перетягивание"
"Drop","Отпускание"
"during","во время"
"Highlight Canvas Objects","Подсветить объекты на полотне"
"Pan Canvas","Перемещение по полотну"
"Zoom In","Приближение"
"Zoom Out","Отдаление"
"Cycle Tokens or Reset View","Следующий токен"
"Keyboard Movement (Tokens or Tiles)","Перемещение клавиатурой (токены и тайлы)"
"Diagonal Movement","Диагональное движение"
"Face Direction","Направление поворота"
"Delete Selected Objects","Удалить выбранные объекты"
"Copy Canvas Elements","Копировать элементы полотна"
"Paste Canvas Elements","Вставить элементы полотна"
"Undo Canvas Operation","Отменить операцию"
"Activate Hotbar Slot","Активировать слот быстрого действия"
"Ruler Measurement","Измерение линейкой"
"Measure Distance with Ruler","Измерение дистанции линейкой"
"Place Measurement Waypoint","Разместить точку линейки"
"Move Token on Measured Path","Переместить токен вдоль линейки"
"while measuring from a Token","Когда отмеряется от токена"
"Open Referenced Object Sheet","Открыть лист выбранного токена"
"Display Object HUD (If Applicable)","Показать интерфейс объекта"
"Open Object Configuration Sheet","Открыть окно настроек объекта"
"Move Controlled Objects","Переместить объект"
"Cancel Drag Workflow","Отменить перемещение"
"Rotate Object (Slow)","Поворот объекта (Медленно)"
"Rotate Object (Fast)","Поворот объекта (Быстро)"
"Bypass Snap-to-Grid","Игнорировать сетку"
"Mouse-Wheel","Колёсико мыши"
"Drag and Drop","Перетягивание"
"Token Controls","Управление токенами"
"Place Hidden Token","Размещение скрытого токена"
"Set (non-Owned) Token as Target","Выбрать чужой токен как цель"
"when creating a Token.","при создании токена."
"Walls Layer Controls","Управление стенами"
"Chain Wall Creation","Размещение связанных стен"
"Select Chained Segments","Выбор связанных стен"
"Drawing Tool Controls","Управление рисованием"
"Confirm Drawing Text","Подтвердить текст"
"Cancel Drawing Text","Отменить текст"
"The dice roll formula {formula} did not produce a numeric outcome.","Формула броска {formula} не имеет числового результата."
"The attribute {match} was not present in the provided roll data.","Аттрибут {match} не был найден в данных броска."
"Create New {type}","Создать {type}"
"Delete {type}","Удалить {type}"
"New {type}","Новый {type}"
"Update {type}","Обновить {type}"
"Import Data","Импорт данных"
"You did not upload a data file!","Вы не загрузили файл данных!"
"You may import data for this {document} from an exported JSON file.","Вы можете импортировать данные для этого {document} из экспортированного JSON."
"This operation will update the data for {name} and cannot be un-done.","Операция обновит данные для {name} и не может быть отменена."
"Source Data","Источник данных"
"You do not have permission to view this {document} sheet.","У вас нет прав для просмотра листа {document}."
"You do not have permission to use this {document}.","У вас нет прав для использования этого {document}."
"Active Effect","Активный эффект"
"Actor","Актёр"
"Ambient Light","Фоновое освещение"
"Ambient Sound","Фоновый звук"
"Chat Message","Сообщение чата"
"Combat Encounter","Бой"
"Combatant","Участник боя"
"Drawing","Рисунок"
"Folder","Папка"
"Item","Предмет"
"Journal Entry","Запись журнала"
"Macro","Макрос"
"Measured Template","Измерительный шаблон"
"Note","Заметка"
"Playlist","Плейлист"
"Playlist Sound","Звук плейлиста"
"Scene","Сцена"
"Setting","Настройки"
"Rollable Table","Случайная таблица"
"Table Result","Результат таблицы"
"Tile","Тайл"
"Token","Токен"
"User","Участник"
"Wall","Стена"
"Drawing Configuration","Настройки рисунка"
"Default Drawing Configuration","Стандартные настройки рисунка"
"Configure Default","Изменить стандартные"
"Create Drawing","Создать рисунок"
"Update Drawing","Обновить рисунок"
"Reset Defaults","Сбросить стандартные"
"Position","Положение"
"Lines","Линии"
"Fill","Заливка"
"Text","Текст"
"Adjust the position and visibility of the Drawing.","Расположение и видимость рисунка."
"Adjust the outer line work for the Drawing.","Настройка обрамляющих линий рисунка."
"Adjust the interior fill preferences for this Drawing.","Настройка внутреннего заполнения рисунка."
"Adjust the text label applied to this Drawing (if any).","Настройка текстовых надписей рисунка."
"Author","Автор"
"X-Position","X-координата"
"Y-Position","Y-координата"
"Width","Ширина"
"Height","Высота"
"Rotation","Вращение"
"Z-Index","Z-порядок"
"Line Width","Ширина линий"
"Stroke Color","Цвет линий"
"Line Opacity","Непрозрачность линий"
"Smoothing Factor","Сглаживание"
"For freehand drawing, the smoothing factor controls the amount of spline smoothing.","Сглаживание влияет на остроту углов при свободном рисовании."
"Fill Types","Тип заливки"
"None","Нет"
"Solid","Сплошная"
"Pattern","Узор"
"Fill Color","Цвет заливки"
"Fill Opacity","Непрозрачность заливки"
"Fill Texture","Текстура заливки"
"Text Label","Текст"
"Font Family","Шрифт"
"Font Size","Размер текста"
"Text Color","Цвет текста"
"Text Opacity","Непрозрачность текста"
"Custom","Свой"
"Multiply","Умножение"
"Add","Добавление"
"Downgrade","Понижение"
"Upgrade","Повышение"
"Override","Перезапись"
"Configure Active Effect","Настройка активного эффекта"
"Details","Подробности"
"Duration","Длительность"
"Effects","Эффекты"
"Effect Label","Название эффекта"
"Effect Icon","Иконка эффекта"
"Icon Tint Color","Оттенок иконки"
"Effect Suspended","Приостановка эффекта"
"Effect Origin","Источник эффекта"
"Transfer Effect to Actor","Перенести эффект на актёра"
"Effect Duration (Seconds)","Продолжительность (сек)"
"Effect Start Time","Время начала эффекта"
"Effect Duration (Turns)","Продолжительность (ходы)"
"Combat Encounter","Бой"
"Effect Start Turn","Начальный ход эффекта"
"Attribute Key","Ключ аттрибута"
"Change Mode","Изменить режим"
"Effect Value","Значение эффекта"
"Submit Changes","Применить изменения"
"Asleep","Сон"
"Dead","Смерть"
"Unconscious","Потеря сознания"
"Stunned","Шок"
"Prone","Распластанность"
"Restrained","Обездвиженность"
"Paralyzed","Паралич"
"Flying","Полёт"
"Blind","Слепота"
"Deaf","Глухота"
"Silenced","Немота"
"Afraid","Испуг"
"Burning","Горение"
"Frozen","Заморозка"
"Shocked","Ошеломление"
"Corroding","Разъедание"
"Bleeding","Кровотечение"
"Diseased","Болезнь"
"Poisoned","Отравление"
"Radioactive","Облучение"
"Regeneration","Регенерация"
"Degeneration","Разложение"
"Empowered","Усиление"
"Weakened","Ослабление"
"Targeted","Нацеливание"
"Marked","Отметка"
"Cursed","Проклятие"
"Blessed","Благословение"
"Fire Shield","Огненный щит"
"Ice Shield","Ледяной щит"
"Magic Shield","Магический щит"
"Holy Shield","Священный щит"
"Actor","Актёр"
"Chat Message","Сообщения чата"
"Combat Encounter","Бой"
"Item","Предмет"
"Folder","Папка"
"Journal Entry","Запись журнала"
"Macro Command","Макрос"
"Audio Playlist","Плейлист"
"Scene","Сцена"
"Rollable Table","Случайная таблица"
"User","Участник"
"Create New {entity}","Создать {entity}"
"New {entity}","{entity} без названия"
"Create New","Создать"
"Foundry Virtual Tabletop uses modern JavaScript features which are unsupported on {browser} version less than {minimum}. You are using {browser} version {version}. Please update or use a different browser.","Foundry VTT используется современные функции JavaScript, которые не поддерживаются браузером {browser} версии ниже {minimum}. Вы используете {browser} версии {version}. Пожалуйста обновите браузер или используйте другой."
"Foundry Virtual Tabletop requires a minimum screen resolution of {reqWidth}px by {reqHeight}px or greater. Your display currently has an effective resolution of {width}px by {height}px, as a result many features of the software may not work properly.","Foundry Virtual Tabletop требует разрешение экрана {reqWidth}px на {reqHeight}px или выше. Ваше разрешение составляет {width}px на {height}px и вы можете столкнуться с проблемами и ограниченными функциями."
"Your browser does not currently support WebGL rendering which is required by Foundry Virtual Tabletop. Ensure that you have hardware rendering and WebGL enabled in your browser.","Ваш браузер не поддерживает рендеринг WebGL, требуемый для Foundry Virtual Tabletop. Убедитесь, что аппаратное ускорение и WebGL включены в вашем браузере."
"You are using a Scene background texture with dimensions {width}px by {height}px. One or both of these dimensions exceeds the maximum texture size of {max}px supported by your device.","Вы используете фон сцены размером {width}px на {height}px. Сторона {max}px превышает максимально поддерживаемое разрешение вашего устройства."
"The provided server administrator password is invalid. If you have forgotten your configured password you will need to manually delete the <strong>Config/admin.txt</strong> file from your user data location.","Ключ администратора не действителен. Если вы забыли пароль, то требуется вручную удалить файл <strong>Config/admin.txt</strong> из папки пользовательских данных.</p>"
"The attempted Token movement collides with at least one Wall.","Движение токена блокируется стеной."
"The request to browse existing packages failed to connect with the Foundry server. Make sure your application allows outbound connections.","Запрос получения пакета был не достиг сервера Foundry. Убедитесь, что ваше приложение не заблокировано на исходящие соединения."
"No target users exist for this whisper. Check your spelling or try ""/w [User Name]"" instead.","Не был найден получатель для шёпота. Проверьте корректность написания или используйте ""/w [Имя участника]""."
"You do not have permission to send whispered chat messages to other players.","У вас нет прав на отправку сообщений шёпотом другим игрокам."
"You are using the grid configuration tool for a scene with no background image. This is not currently recommended and may produce unpredictable results.","Вы используете инструмент настройки сетки на сцене без фонового изображения. Это не рекомендуется и может привести к непредвиденным ошибкам."
"The dimensions of your configured Foreground Layer image do not match the dimensions of the Background Layer image for this scene. The foreground has been resized which may have undesired results.","Размер изображения для слоя переднего плана  не совпадает с размером изображения на фоновом слое этой сцены. Передний план был подогнан по размеру, что может привести к нежелательным результатам."
"Acknowledge Agreement","Условия использования"
"Agree","Согласиться"
"I agree to these terms","Я согласен с условиями"
"Decline","Отказаться"
"Create Directory","Создать папку"
"Toggle Privacy Mode","Переключить режим приватности"
"Display Mode","Режим отображения"
"List View","Список"
"Tiles View","Плитка"
"Thumbnail View","Эскизы"
"Images View","Изображения"
"Filter Results","Фильтр"
"S3 Bucket","S3 Bucket"
"Selected","Выбрано"
"Select File","Выбор файла"
"Select Directory","Выбор папки"
"Asset Grid Size","Размер сетки ресурсов"
"Specify the pixel grid size of source tile artwork so it will be automatically resized when placed onto your active Scene.","Укажите размер сетки исходного тайла для автоматического изменения размера при перемещении на сцену."
"No matching results found in this location.","Подходящие ресурсы не найдены."
"Upload","Загрузить"
"Search","Поиск"
"The file you have attempted to upload is too large for your proxy server to handle.","Файл, который вы пытаетесь загрузить, слишком большой для настроек сервера."
"Something went wrong with your file upload request.","Что-то пошло не так с запросом загрузки файла."
"You have uploaded files into a module or system directory. This is generally <strong>unsafe</strong> because updates to the system or module will delete your files.","Вы загрузили файл в папку модуля или системы. Это не рекомендуется делать, т.к. при обновлении модуля или системы загруженные файлы удалятся."
"Directory Browser","Просмотр папок"
"Image or Video Browser","Обзор изображений и видео"
"Image Browser","Обзор изображений"
"Video Browser","Обзор видео"
"Audio Browser","Обзор звуков"
"User Data","Данные пользователя"
"Core Data","Данные программы"
"Amazon S3","Amazon S3"
"Browse Files","Обзор файлов"
"Game Paused","Игра на паузе"
"You cannot take this action while the game is currently paused.","Вы не можете совершить это действия пока игра на паузе."
"Game invitation link copied to clipboard","Ссылка с приглашением скопирована в буфер обмена"
"Share the below invitation links with users who you wish to have join your game. The local invitation link is for users on your local network while the internet link connects via internet on the configured port.","Отправьте ссылку с приглашением другим игрокам. Локальная ссылка работает только в локальной сети. Интернет ссылка работает в глобальной сети, но требует открытого порта."
"Internet","Интернет"
"Local Network","Локальная сеть"
"Game Invitation Links","Ссылки приглашений"
"Create Item","Создать предмет"
"Delete Item","Удалить предмет"
"Search Items","Поиск предметов"
"View Item Artwork","Открыть изображение"
"Toggle Visibility State","Переключить видимость"
"Toggle Locked State","Переключить блокировку"
"Bring to Front","На передний план"
"Send to Back","На задний план"
"Overhead Tile","Верхний тайл"
"Underfoot Tile","Нижний тайл"
"Play Tile Video","Запустить видео тайла"
"Pause Tile Video","Остановить видео тайла"
"Journal","Журнал"
"Search Journal Entries","Поиск в заметках журнала"
"Create Entry","Создать заметку"
"Text","Текст"
"Image","Изображение"
"Show Players","Показать игрокам"
"Showed the {mode} content of {title} to {which} players.","{mode} {title} показан {which} игрокам."
"Save Entry","Сохранить заметку"
"Center","По центру"
"Bottom","Снизу"
"Top","Сверху"
"Left","Слева"
"Right","Справа"
"Light Animation Type","Тип анимации"
"Animation Speed","Скорость анимации"
"Animation Intensity","Интенсивность анимации"
"Torch","Факел"
"Pulse","Пульс"
"Chroma","Перелив"
"Pulsing Wave","Пульсирующая волна"
"Swirling Fog","Вихрь тумана"
"Sunburst","Солнечный луч"
"Light Dome","Купол света"
"Mysterious Emanation","Таинственное излучение"
"Energy Field","Силовое поле"
"Hexa Dome","Купол гексов"
"Ghostly Light","Призрачный свет"
"Roiling Mass (Darkness)","Бурлящая тьма"
"Black Hole (Darkness)","Чёрная дыра"
"Light Source Configuration","Настройка источника света"
"Configure the position, radius, angle, color, and animation of this ambient light source.","Настройка расположения, радиуса, угла, оттенка и анимации света."
"Create Light Source","Создать источник света"
"Darkness Activation Range","Диапазон активации темноты"
"You may specify a range of darkness levels during which this light source will be visible.","Вы можете указать диапазон уровня темноты при котором будут видимы источкники света."
"Dim Light Radius","Радиус тусклого света"
"Bright Light Radius","Радиус яркого света"
"Emission Angle","Угол излучения"
"Light Color","Оттенок света"
"Color Intensity","Насыщенность оттенка"
"Light Rotation Angle","Поворот света"
"Light Type","Тип света"
"Local Light","Локальный свет"
"Global Light","Глобальный свет"
"Universal Light","Универсальный свет"
"Update Light Source","Обновить источник света"
"Create Macro","Создать макрос"
"Delete Macro","Удалить макрос"
"This Macro will be permanently deleted for all Users.","Этот макрос будет навсегда удалён для всех участников."
"Edit Macro","Изменить макрос"
"Execute Macro","Запустить макрос"
"Remove Macro","Убрать макрос"
"Save Macro","Сохранить макрос"
"Search Macros","Поиск макроса"
"Reload Application","Перезагрузка"
"Log Out","Выход"
"User Management","Игроки"
"Return to Setup","Главное меню"
"Bug or Issue Reports","Сообщить об ошибке"
"Deactivate All Modules","Деактивировать все модули"
"Module Documentation","Документация модуля"
"Module Management","Управление модулями"
"Use this form to configure which Modules are active within your current World. Submitting changes to active modules will cause the current session to reload.","В этом меню можно активировать и деактивировать модули для текущего мира. Сессия автоматически перезагрузится при внесении изменений."
"The Modules listed below are currently active within this World.","Следующие модули в данный момент активны в этом Мире."
"No Modules are available within this World. You can view, but do not have permission to modify this list.","В этом Мире нет доступных модулей. Вы можете просматривать, но не можете изменять этот список."
"Filter Modules","Фильтр модулей"
"Save Module Settings","Сохранить настройки"
"Dependencies","Зависимости"
"This module has {number} inactive dependencies which are required for it to function properly:","Этот модуль имеет {number} зависимостей, которые требуются для правильной работы. Желаете их активировать?"
"Enable module and its dependencies?","Включить модули и их зависимости?"
"This module had {number} dependencies which may no longer be required:","Этот модуль имеет {number} зависимостей, которые больше не требуются. Желаете их деактивировать?"
"Would you like to disable them also?","Хотите ли вы отключить их?"
"The dependency {missing} is not installed!","Зависимый модуль {missing} не установлен!"
"You have enabled the module {module}, but it's dependencies {missing} are not enabled!","Вы активировали модуль {module}, но его зависимости {missing} не активны!"
"All Modules","Все модули"
"Active Modules","Активные модули"
"Inactive Modules","Неактивные модули"
"Text Anchor Point","Привязка текста"
"Map Note Configuration","Настройка заметки карты"
"Create Map Note","Создать заметку карты"
"Entry Icon","Иконка заметки"
"Font Size","Размер шрифта"
"Font Family","Шрифт"
"Icon Size","Размер иконки"
"Icon Tint","Оттенок иконки"
"Text Label","Надпись"
"Text Color","Цвет текста"
"Update Map Note","Обновить заметку"
"You do not have sufficient permission to create a Note for {name}.","У вас нет подходящих прав для создания заметок для {name}."
"Players","Игроки"
"Select Character","Прикрепить персонажа"
"Selected Character","Выбранный персонаж"
"Release Character","Открепить персонажа"
"User Configuration","Настройка игрока"
"Player Color","Цвет игрока"
"Player Avatar","Аватар игрока"
"Pull To Scene","Переместить на сцену"
"Save Configuration","Сохранить"
"View Player Avatar","Открыть аватар"
"Kick Player","Выгнать игрока"
"Ban Player","Заблокировать игрока"
"Un-Ban Player","Разблокировать игрока"
"Create Playlist","Создать плейлист"
"Delete Playlist","Удалить плейлист"
"Edit Playlist","Изменить плейлист"
"Search Playlists","Поиск плейлиста"
"Global Volume Controls","Общая громкость"
"Currently Playing","Сейчас играет"
"Soundboard Only","Ручной"
"Sequential Playback","Последовательный"
"Shuffle Tracks","Перемешивание"
"Simultaneous Playback","Одновременный"
"Play Playlist","Воспроизвести плейлист"
"Stop Playlist","Остановить плейлист"
"Next Sound","Следующий звук"
"Previous Sound","Предыдущий звук"
"Playlists","Плейлисты"
"Ambient","Фоновые звуки"
"Interface","Интерфейс"
"Playlist Name","Название плейлиста"
"Playback Mode","Режим воспроизведения"
"Fade Duration (ms)","Затухание (мс)"
"Playlist Description","Описаний плейлиста"
"Update Playlist","Обновить плейлист"
"Create Sound","Создать звук"
"Edit Sound","Редактировать звук"
"Delete Sound","Удалить звук"
"Loop Sound","Повторять звук"
"Track Name","Название звука"
"Audio Source","Источник звука"
"Sound Description","Описание звука"
"Repeat","Повторять"
"Large File Streaming","Передача большого файла"
"Update Track","Обновить звук"
"Play Sound","Воспроизвести звук"
"Pause Sound","Пауза"
"Preload Sound","Предзагрузка звука"
"Resume Sound","Продолжить"
"Sound Volume","Громкость звука"
"Sound Stop","Остановить"
"Bulk Import","Массовый импорт"
"No valid Playlist Sounds were imported from the requested ""{path}"" directory","В указанной папке ""{path}"" не было найдено подходящих звуков для импорта"
"Accessibility","Доступ"
"GM Only","Только GM"
"All Players","Все игроки"
"Activate","Активировать"
"Audio Playlist","Плейлист"
"A Playlist which should automatically begin playing when this Scene is activated.","Плейлист звуков, который будет автоматически проигрываться при активации сцены."
"Background Color","Фоновый цвет"
"Background Image","Фоновое изображение"
"Configure the background image and dimensions of the scene's primary map.","Настройте изображение основной карты сцены."
"Foreground Image","Переднее изображение"
"An optional foreground image which is drawn above other objects in the Scene.","Опциональное изображение переднего плана, отображаемое поверх других объектов сцены."
"Background Image Scale","Масштаб фонового изображения"
"Use SHIFT+Mousewheel or SHIFT+Up Arrow and SHIFT+Down Arrow to adjust the background image size.","Используйте SHIFT+Колёсико или SHIFT+Вверх и SHIFT+Вниз для настройки масштаба фонового изображения."
"Configure","Настроить"
"Configure Scene","Настроить сцену"
"Darkness Level","Уровень темноты"
"Apply an overlay which darkens the Scene and diminishes light sources to simulate nighttime or dim conditions.","Настройте уровень темноты, которая покрывает сцену, изображая ночь или недостаток света."
"Scene Dimensions","Размер сцены"
"Change Scene Dimensions?","Изменить размер сцены?"
"You are changing the underlying dimensions of this Scene, if you have already placed objects in this Scene this operation may cause those objects to shift position relative to the background image.","Вы собираетесь именить исходный размер сцены. Это может сместить находящиеся на ней объекты."
"Fog Exploration","Туман"
"Track the exploration progress of Tokens in this Scene, revealing fog of war for areas which have been explored.","Сцена будет покрыта туманом войны, раскрываемым зрением токенов."
"Regenerate Thumbnail Image","Обновить эскиз"
"Unrestricted Vision Range","Неограниченная дистанция зрения"
"Reveal all areas that controlled Tokens have direct line of sight to observe. If disabled, vision is restricted to illuminated areas.","Все области в зоне видимости токена будут видны. Если выключено, то зрение будет ограничено освещением."
"Vision Limitation Threshold","Порог ограничения зрения"
"Automatically disable the Unrestricted Vision Range setting when the Darkness Level of the Scene exceeds a threshold value.","Автоматически выключать Неограниченную дистанцию зрения, когда Уровень темноты достигает порога."
"Grid Color","Цвет сетки"
"Grid Configuration Tool","Инструмент настройки сетки"
"Configure the grid and background image position using the mousewheel and arrow keys, or by manually setting the following fields.","Настройте сетку и расположение фонового изображения, используя колёсико мыши и кнопки стрелок, или введя значения вручную."
"Grid Opacity","Непрозрачность сетки"
"Grid Type","Тип сетки"
"Gridless","Без сетки"
"Square","Квадратная"
"Hexagonal Rows - Odd","Гексагональная плоская - Тип 1"
"Hexagonal Rows - Even","Гексагональная плоская - Тип 2"
"Hexagonal Columns - Odd","Гексагональная острая - Тип 1"
"Hexagonal Columns - Even","Гексагональная острая - Тип 2"
"Grid Size","Размер сетки"
"Use ALT+Mousewheel or ALT+Up Arrow and ALT+Down Arrow to adjust the grid size.","Используйте ALT+Колёсико или ALT+Вверх и ALT+Вниз для настройки размера сетки."
"Grid Offset Position","Смещение позиции сетки"
"Use the Arrow Keys to shift the grid offset.","Используйте кнопки стрелок для регулирования смещения сетки."
"Grid Scale","Масштаб сетки"
"Distance","Дистанция"
"Units","Единицы измерения"
"Ambience and Atmosphere","Окружение и атмосфера"
"Configure additional integrations between this scene and Journal Entries, Audio Playlists, or Weather Effects.","Настройки взаимодействия с заметками журнала, звуками и погодными эффектами."
"Details and Dimensions","Детализация и масштаб"
"Configure the basic details for this scene and permissions which control its visibility.","Настройки общих параметров сцены, её размера и прав доступа."
"Grid Configuration","Настройка сетки"
"Configure the grid dimensions which are used to measure token movement in this scene.","Настройки размера сетки для перемещения токенов."
"Vision and Lighting","Освещение и видимость"
"Configure the vision, lighting, and fog of war settings which apply to this Scene.","Настройки видимости, освещение и тумана войны для этой сцены."
"Initial View Position","Начальное положение камеры"
"Capture Current View","Сохранить текущую камеру"
"Set a default camera position that is displayed the first time this Scene is viewed.","Начальное положение камеры при открытии сцены."
"Loading {name}","Загрузка {name}"
"Navigation Name","Название в навигации"
"An alternative name for the Scene that is displayed in the Navigation Bar instead of the actual Scene name.","Альтернативное название, которое будет отображаться игрокам в панеле навигации."
"Scene Notes","Заметки сцены"
"Padding Percentage","Процент отступа"
"pixels","пиксели"
"Preload Scene","Предзагрузка"
"Scene Name","Название сцены"
"View Scene","Просмотр сцены"
"Journal Notes","Заметки"
"A linked Journal Entry which provides notes for the Game Master about this Scene.","Связанные со сценой заметки журнала для помощи GM."
"Playlist Sound","Звук плейлиста"
"You may choose a specific Playlist Sound which should play when this Scene is active, otherwise the entire Playlist will play.","Вы можете выбрать звук в плейлисте, который будет проигрываться при активации сцены. Иначе будет проигран весь плейлист."
"Navigation","Показывать в панели навигации"
"Offset Background","Смещение фонового изображения"
"Horizontal","Смещение по горизонтали"
"Vertical","Смещение по вертикали"
"Token Vision","Зрение токенов"
"Restrict visibility within this Scene to the shared vision of all controlled Tokens. If disabled, the entire Scene is visible.","Ограничить видимость внутри сцены зрением токенов. Иначе вся сцена будет видимой."
"Toggle Navigation","Показать/скрыть"
"units","ед. измерения"
"Weather Effect","Погодные эффекты"
"Configure an active Weather Effect which is present within this Scene.","Настройки активных погодный эффектов на сцене."
"Configure Settings","Настройка параметров"
"Controls Reference","Справка по управлению"
"Demo Mode","Режим демо"
"View Documentation","Просмотр документации"
"Invitation Links","Ссылки приглашений"
"Manage Modules","Управление модулями"
"View Active Modules","Посмотреть активные модули"
"Configure Game Settings","Настройки"
"Update Software","Обновление программы"
"Log Out","Выйти из аккаунта"
"User Management","Настройка игроков"
"Reset Defaults","Сбросить настройки"
"Save Changes","Сохранить изменения"
"Return to Setup","В главное меню"
"General Information","Основная информация"
"Game Settings","Параметры игры"
"Help and Documentation","Помощь и документация"
"Game Access","Доступ к игре"
"Community Wiki Pages","Wiki сообщества"
"Token Vision Animation","Анимация зрения токена"
"Animate Token vision and light changes during Token movement animations. Disabling this will improve performance for lower-end machines.","Анимировать зрение токена при движении в источниках света. Отключение может повысить производительность на слабых PC."
"Light Source Animation","Анимация источников света"
"Allow light source animations. Disabling this will improve performance for lower-end machines.","Анимировать некоторые источники света. Отключение может повысить производительность на слабых PC."
"Disable Pixel Resolution Scaling","Выключить масштабирование разрешения"
"Disable automatic scaling of the canvas resolution to the pixel density of the display device. This will result in a reduction in visual quality but an improvement in application performance for high-density displays.","Выключает автоматическое масштабирование разрешения полотна к плотности пикселей экрана. Это повлечёт снижение качества изображения, но может повысить производительность на экранах с высокой плотностью пикселей."
"Language Preference","Язык"
"Change the displayed language for Foundry Virtual Tabletop.","Смена отображаемого языка в Foundry VTT."
"Left-Click to Release Objects","Клик ЛКМ для снятия выделения"
"When enabled, a left click on empty canvas space will release any currently controlled objects. If disabled, objects are released by selecting an empty space, shift-clicking the object, or pressing the escape key.","Если включено, клик левой кнопкой мыши по пустому месту будет снимать выделение с выбранного объекта. Если отключено, то выделение будет сниматься Shift+ЛКМ, выделением пустого места или Esc."
"Disable Game Canvas","Отключить игровой стол"
"The game canvas which provides a visual representation of the virtual tabletop can be disabled. This allows for low-end machines to use a subset of software features.","Визуальное представление игрового стола можно отключить. Это позволит участникам с очень слабыми PC пользоваться только базовым функционалом Foundry, вроде листов персонажа и чата."
"Enable Chat Bubbles","Включить облака чата"
"Configure whether or not chat bubbles will be displayed above Tokens for in-character and emote type chat messages.","При включённой опции над токеном будет отображаться облако с текстом из чата."
"Pan to Token Speaker","Камера на говорящего"
"Configure whether to automatically pan the camera to a speaking token when it displays a chat bubble.","При включенной опции камера будет автоматически перемещаться на токен с облаком чата."
"Maximum Framerate","Максимум кадров"
"Limit the maximum framerate at which Foundry Virtual Tabletop will render canvas updates. Lowering this value may improve application performance for less powerful hardware.","Лимит кадров в секунду при котором Foundry будет рендерить сцену. Снижение этого значения может улучшить производительность на слабых компьютерах."
"Zoomed Texture Antialiasing","Сглаживание текстур при приближении"
"Compute mipmaps to antialias sprite textures at lower levels of zoom. This is a client setting as different users may prefer different visual styles.","При включении, текстуры будут сглаживаться при приближении камеры. Это настройка индивидуальна для каждого участника и зависит от визуальных предпочтений."
"Enable Soft Shadows","Включить мягкие тени"
"Enable soft shadows for more beautiful dynamic lighting, or disable it for improved performance on machines with lower-end hardware.","Мягкие тени делают динамическое освещение намного красивее, но это может влиять на производительность на слабых компьютерах."
"Core Settings","Основные настройки"
"Module Settings","Настройки модулей"
"System Settings","Настройки системы"
"Token Drag Vision","Зрение при перетаскивании"
"When enabled, vision and lighting for a Token is previewed in real time during a left-click drag workflow. This is disabled by default because it may promote undesirable meta-gaming behaviors.","Если включено, то зрение токена будет обновляться в реальном времени при перетаскивании. По умолчанию опция выключена, чтобы избежать нежелательного мухлежа."
"Default Token Configuration","Настройки токена по умолчанию"
"Configure Default Token Settings","Настроить токен по умолчанию"
"Configure default Token values for newly created Actors.","Настройте значения по умолчанию для токенов новых актёров."
"Reset User role permission configuration to default values.","Сбросить права роли участника на стандартные."
"Updated User role permission configuration.","Обновлены настройки прав роли участника."
"Core Software Version","Версия программы"
"If an update to the core Foundry Virtual Tabletop software is available, you may apply it here. You are currently using version {coreVersion}.","Если доступно обновление Foundry Virtual Tabletop, вы можете применить его здесь. Сейчас вы используете версию {coreVersion}."
"Default Language","Язык по умолчанию"
"You may choose a default language for the application by choosing a module which provides the core translation files for that language.","Вы можете выбрать язык приложения по умолчанию, который будет активен для всех игроков."
"Software Configuration","Настройки программы"
"You must install a game System before you can create a new World","Вы должны установить игрвую систему перед созданием нового мира"
"Software Update","Обновление программы"
"A {type} update to {channel} version {version} is now available!","Обновление программы в {channel} версии {version} уже доступно!"
"Configuration","Настройки"
"These fields customize the behavior of the Foundry Virtual Tabletop application. Changes will require the server to restart.","Данные настройки изменяют параметры сервера Foundry Virtual Tabletop. После внесения изменений требуется перезапуск программы."
"Optimize Static Files","Оптимизировать статичные файлы"
"Reduce network traffic by serving minified static JavaScript and CSS files. Enabling this setting is recommended for most users, but module developers may wish to disable it.","Данная функция снижает нагрузку на сеть, передавая уменьшенные CSS и JSS файлы. Рекомендуется включить эту опцию."
"Add-on Modules","Модули"
"Game Systems","Системы"
"Configuration and Setup","Настройки"
"Update Software","Обновление"
"Update System","Обновить систему"
"An update to the Core Software is available, Return to Setup in order to apply it!","Доступна новая версия приложения. Вернитесь в главное меню для обновления!"
"An update to the System is available, Return to Setup in order to apply it!","Доступна новая версия системы. Вернитесь в главное меню для обновления!"
"Update All","Обновить всё"
"Software Update Channel","Тип обновлений"
"You may choose an update channel to control the types of updates you wish to receive for the core Foundry Virtual Tabletop software. If you do not have a specific reason to change this, it is recommended to consume the Release channel.","Вы можете выбрать тип обновлений Foundry Virtual Tabletop. Если у вас нет определённой цели изменения этого параметра, то рекомендуется Релиз."
"Update","Обновить"
"Check For Update","Проверить обновления"
"Alpha (Unstable)","Альфа (Нестабильный)"
"Beta (Release Candidate)","Бета (Ранний доступ)"
"Release (Stable)","Релиз (Стабильный)"
"Checking the Force Update box will force your version to the requested channel. Do not use this option unless you know exactly what you are doing.","Принудительно обновление установит выбранную версию Foundry даже если она не является более новой. Не выбирайте эту опцию, если не знаете зачем она вам."
"Uninstall","Удалить"
"Create World","Создать мир"
"Delete World","Удалить мир"
"Edit World","Настройка мира"
"Launch World","Запустить"
"Game Worlds","Миры"
"Requires Update","Требуется обновление"
"Requires System Update","Требуется обновление системы"
"Requires Dependency","Требуется зависимость"
"Requires Core Update","Требуется обновление программы"
"Locking a Package prevents it from being uninstalled or updated","Блокировка пакета предотвращает его удаление или обновление"
"Updated version available at new installation URL","Обновлён URL установки"
"A newer version of ""{package}"" is available at a different installation URL. This happens when the package hosting location or the author has changed.","URL для установки ""{package}"" был обновлён. Это происходит, если пакет изменил хостинг или автора."
"Prior Manifest URL (Version {version})","Прежний URL установки"
"Updated Manifest URL (Version {version})","Новый URL установки"
"Would you like to switch to the new manifest URL? (this is recommended)","Желаете ли вы переключиться на новый URL установки? (рекомендуется)"
"Save Application Configuration","Сохранить настройки"
"Modifying these configuration options will cause the server to be shut down and require that you restart the server manually. Do you wish to continue?","Изменение этих настроек приведёт к выключению сервера и потребует ручной перезагрузки. Хотите продолжить?"
"The Foundry Virtual Tabletop server has been terminated to apply changes. You must restart manually.","Сервер Foundry был выключен для применения изменений. Вам нужно перезапустить его вручную."
"Current Version","Текущая версия"
"Force Update?","Принудительно"
"Compatibility Unknown","Неизвестная зависимость"
"Compatibility Risk","Риск совместимости"
"Compatibility Risk ({version})","Риск зависимости ({version})"
"Manifest URL","Manifest URL"
"You can install any package by providing a direct link to its JSON manifest URL.","Вы можете установить модуль, указав ссылку на JSON manifest."
"Install Module","Установить модуль"
"Install System","Установить систему"
"{type} {name} was installed successfully","{type} {name} успешно установлен"
"Installation failed: {message}","Установка не удалась: {message}"
"Install World","Установить мир"
"uninstalled successfully","успешно удалено"
"Uninstallation failed","Удаление не удалось"
"updated successfully","успешно обновлено"
"Update failed","Обновление не удалось"
"Loading Available Packages","Загрузка доступных пакетов"
"Filter Packages","Фильтр пакетов"
"You can filter available packages by name.","Вы можете искать пакеты по их названию."
"Package Categories","Категории пакетов"
"Installed","Установлен"
"Not Owned","Купить"
"Package Name","Название пакета"
"All Packages","Все пакеты"
"Installed Only","Только установленные"
"Uninstalled Only","Только неустановленные"
"{title} has {number} dependencies which are not yet installed.","Этот пакет имеет {number} зависимостей, которые не установлены."
"Install Package Dependencies","Установить зависимости"
"You may not be able to use this package if these dependencies are not present. Do you wish to install them automatically?","Вы не можете использовать этот пакет без нужных зависимостей. Желаете их автоматически установить?"
"You have chosen not to install the required dependency packages for {title}. You will need to install them manually.","Вы решили не устанавливать необходимые зависимости для {title}. Вам будет нужно установить их вручную."
"Successfully installed {title} and {number} dependencies.","Установка успешна: {title} и {number} зависимостей."
"An update is available for {name} but cannot be installed because it requires core software version {vreq} and you are currently using version {vcur}.","Для {name} доступно обновление, но оно требует Foundry VTT версии {vreq}, тогда как у вас {vcur}."
"Delete {type}: {title}","Удалить {type}: {title}"
"Are you sure you want to delete the {type} <strong>{title}</strong>?","Вы уверены, что хотите удалить {type} <strong>{title}</strong>?"
"<strong>Warning:</strong> This will permanently delete your world content and <strong>can not</strong> be un-done. Are you sure you wish to do this?</strong>.","<strong>Внимание:</strong> Это действие <strong>навсегда</strong> удалит ваш мир и всё его содержимое. Вы уверены?"
"Type the exact title of your world <strong>{title}</strong> in the box below to proceed.","Введите точное название мира <strong>{title}</strong>, чтобы продолжить."
"<strong>Warning:</strong> This operation cannot be un-done.","<strong>Внимание:</strong> Это действие не может быть отменено."
"You must enter the exact World name to confirm the deletion request.","Введите точное название мира, чтобы подтвердить удаление."
"Update","Проверить обновление"
"Blocked","Заблокирован"
"Update","Обновить"
"Current","Обновлён"
"Updating","Обновление"
"Updated","Обновлён"
"Downloading Update","Загружается обновление"
"Download Complete","Загрузка завершена"
"Extracting Update","Распаковывается обновление"
"Extraction Complete","Распаковка завершена"
"Cleaning Directory","Очистка папок"
"Cleaning Complete","Очистка завершена"
"Installing Update","Устанавливается обновление"
"Installation Complete","Установка завершена"
"In order to update Foundry Virtual Tabletop you will need to be connected to the internet and have a valid software license.","Для обновления Foundry Virtual Tabletop требуется Интернет соединение и активная лицензия."
"This update is a new major version of the Foundry Virtual Tabletop software. Installing this update will require some installed modules which may not yet be compatible to be disabled.","Это крупное обновление Foundry Virtual Tabletop. Некоторые модули и системы могут быть не обновлены для совместимости."
"Download Update {version}","Скачать обновление {version}"
"An update to Foundry Virtual Tabletop version {version} is available!","Доступно обновление Foundry Virtual Tabletop до версии {version}!"
"You are not allowed to update this instance of Foundry Virtual Tabletop because it was launched in --noupdate mode.","Вы не можете обновить версию Foundry, т.к. программа была запущена в режиме --noupdate"
"No software update is currently available on the requested update channel.","Обновлений в выбранном канале не найдено."
"Package Update Log","Журнал обновлений"
"Package","Пакет"
"Version Change","Изменение версии"
"World Data Migration Required","Требуется обновление данных мира"
"<p>Launching the world <strong>{world}</strong> will migrate its data model from an older core software version {oldVersion} to the currently installed version {newVersion}.</p><p>As part of this process, <strong>{nIncompatible} out of {nModules} installed modules</strong> which may not yet be compatible with the new version will be automatically disabled. You may re-enable them manually if you wish.</p><p>Please check for any available updates to your game systems and modules, and please be sure to periodically back up your critical world data. Would you like to proceed?</p>","<p>Запуск мира <strong>{world}</strong> требует обновления данных с версии {oldVersion} на текущую версию {newVersion}.</p><p>В ходе этого процесса <strong>{nIncompatible} из {nModules} установленных модулей</strong> могут быть не совместимы с новой версией и будут отключены. Позже вы можете включить их вручную.</p><p>Проверьте обновления ваших модулей и систем. Начать обновление данных?</p>"
"Foundry Virtual Tabletop &bull; Administrator Access","Foundry VTT и администрирование"
"Administrator Password","Пароль администратора"
"You must provide the administrator password in order to access application setup.","Вы должны ввести ключ администратора для доступа к настройкам приложения."
"You may assign a special administrator password which is required in order to access this setup screen.","Вы можете создать пароль для доступа к этому экрану настроек."
"Admin Log Out","Выйти из администратора"
"AWS Configuration Path","Путь настроек AWS"
"You may provide an AWS configuration file for S3 integration. The path is absolute or relative to the Config subdirectory of user data.","Вы можете выбрать указать файл настроек AWS для интеграции S3 (абсолютный/относительный путь к папке User Data)"
"Port","Порт"
"You may choose which port Foundry Virtual Tabletop uses for TCP connection traffic and enable or disable Universal Plug and Play (UPnP).","Вы можете выбрать порт, который Foundry Virtual Tabletop будет использовать для соединений TCP и Universal Plug and Play (UPnP)."
"Enable UPnP?","Вкл. UPnP?"
"User Data Path","Путь к User Data"
"Configure the location where your user data including worlds, systems and modules are stored.","Выбор папки в которой будут храниться ваши миры, системы, модули и загруженные файлы."
"Default World","Мир по умолчанию"
"You may choose one of your available worlds to automatically launch when the software is started.","Вы можете выбрать мир, который будет загружаться автоматически при запуске программы."
"SSL Certificate","Сертификат SSL"
"SSL Private Key","Приватный ключ SSL"
"You may run the server using secure socket layer (SSL) encryption by providing paths to certificate and key files. Paths are absolute or relative to the Config subdirectory in user data.","Вы можете запустить сервер с шифрованием SSL, предоставив сертификат и файл ключа (абсолютный/относительный путь к папке Config в User Data)"
"JavaScript","JavaScript"
"CSS","CSS"
"Compendium","Библиотека"
"Localization","Перевод"
"Version","Версия"
"Core Version","Версия приложения"
"Timed Out","Истекло время ожидания"
"Current Players","Текущие игроки"
"Join Game Session","Войти в игру"
"Game Details","Подробности игры"
"Return to Setup","Вернуться к настройкам"
"World Description","Описание мира"
"Next Session","Следующая игра"
"Select User","Выбор участника"
"User Password","Ключ участника"
"You are authenticated as a server administrator user.","Вы вошли как администратор сервера."
"The requested User, ""{user}"", does not exist!","Участник ""{user}"" не существует!"
"Invalid password provided for {user}!","Введён неверный пароль для {user}!"
"{user} does not have permission to access this World!","У {user} нет прав на доступ к этому миру!"
"Login as {user} successful, joining game!","Вход как {user} был успешен, присоединяемся к игре!"
"This Sheet","Этот лист"
"Default Sheet","Лист по умолчанию"
"Override which sheet type you would like to use for this specific entity.","Перезаписать вид листа для этого типа объектов."
"Set the default sheet type used for this entity type (GM Only).","Установить вид листа по умолчанию для данного типа объектов (только GM)."
"You do not have sufficient permissions to view this entity sheet.","У вас нет прав доступа к этому листу."
"Save Sheet Configuration","Сохранить настройки"
"View Character Artwork","Открыть портрет"
"Collapse or Expand","Свернуть / развернуть"
"Delete","Удалить"
"This {type} will be permanently deleted and cannot be recovered.","Этот {type} будет навсегда удалён."
"Duplicate","Создать копию"
"Export Data","Экспорт данных"
"Ambient Sound Configuration","Параметры фонового звука"
"Configure the ambient sound to play an audio file when tokens move within it's radius.","Настройка фонового звука, проигрываемого при приближении токена к объекту."
"Create Ambient Sound","Создать фоновый звук"
"Update Ambient Sound","Обновить фоновый звук"
"Source File Path","Файл звука"
"path/to/audio.mp3","путь/к/audio.mp3"
"Effect Radius","Радиус звука"
"Sound Type","Тип звука"
"Local Sound","Локальный звук"
"Global Sound","Глобальный звук"
"Volume Easing","Затухание громкости"
"Adjust the volume level of the sound as Tokens move closer to the origin.","Динамическое изменение громкости по мере приближения к объекту."
"Maximum Volume","Максимальная громкость"
"Define the maximum volume of the sound at it's origin point (if easing) or everywhere in the area.","Определяет максимальную громкость звука при приближении вплотную к источнику."
"New Sound","Создать звук"
"Darkness Activation Range","Диапазон активации темноты"
"You may specify a range of darkness levels during which this ambient sound will be audible.","Вы можете указать диапазон уровня темноты при котором будет слышен фоновый звук."
"Clear Folder","Очистить папку"
"Folder Color","Цвет папки"
"Create Folder","Создать папку"
"Collapse All Folders","Свернуть все папки"
"Delete All","Удалить все"
"This folder and its contents will be permanently deleted and cannot be recovered.","Эта папка и всё её содержимое будет навсегда удалено без возможности восстановления."
"Edit Folder","Изменить папку"
"Export to Compendium","Экспорт в библиотеку"
"Folder Name","Название папки"
"Remove Folder","Удалить папку"
"This folder will be permanently deleted and its contents will be moved to its parent folder.","Эта папка и всё её содержимое будет навсегда удалено, а содержимое перемещено в вышестоящую папку."
"Alphabetical","По алфавиту"
"Manual","Ручной порядок"
"Sorting Mode","Тип сортировки"
"Update Folder","Обновить папку"
"Export Content","Экспорт содержимого"
"You may export contained entities from this folder into an unlocked Compendium pack of the appropriate type.","Вы можете экспортировать содержимое папки в разблокированную библиотеку соответствующего типа."
"Destination Pack","Назначение"
"Merge By Name?","Объединить по имени?"
"There are no unlocked compendium packs available for {type} entities which you can export to.","Для типа объектов {type} не найдено подходящих разблокированных библиотек."
"Create Rollable Table","Создать таблицу"
"Create a new Rollable Table entity using the contents of this Folder as table results?","Создать случайную таблицу, используя содержимое папки в качестве результатов?"
"None","Нет доступа"
"Limited","Ограниченный"
"Observer","Наблюдатель"
"Owner","Владелец"
"Default","По умолчанию"
"No Change","Без изменений"
"All Players","Все игроки"
"Configure Permissions","Настройки прав"
"Open Permission Configuration","Настройки прав"
"Fine tune the permitted actions which are allowed to Users for each role.","Настройте разрешенные действия для каждой роли."
"Permission Configuration","Настройка прав доступа"
"Configure which User role has permission to perform which action. Note that some actions cannot be disabled for Game Master users. Some changes may not take effect until the game is reloaded.","Настройте разрешенные действия для каждой роли. Некоторые действия не могут быть запрещены роли GM. Некоторые изменения требуют перезапуска."
"Configure access for all Entities within this Folder. Changes will be applied to all contained Entities, excluding the contents of sub-folders.","Настройте уровень доступа для всех объектов в этой папке. Изменения не затронут вложенные папки."
"Configure access to this specific Entity, allowing each User to be assigned a different level of visibility.","Настройте уровень доступа для этого объекта, наделяя участника правами просмотра и редактирования."
"Permission","Права"
"User Role Permissions","Права для ролей"
"Reset Defaults","Сброс настроек"
"Save Configuration","Сохранить настройки"
"Allow Broadcasting Audio","Передача звука"
"Allow players with this role to broadcast audio when using A/V chat integration.","Позволить роли транслировать звук при использовании A/V чата."
"Allow Broadcasting Video","Передача видео"
"Allow players with this role to broadcast video when using A/V chat integration.","Позволить роли транслировать видео при использовании A/V чата."
"Create New Actors","Создание актёров"
"Allow players with this role to create new Actors in the World.","Позволить роли создавать новых актёров в мире."
"Use Drawing Tools","Инструменты рисования"
"Allow players with this role to create Drawings using the drawing tools.","Позволить роли использовать инструменты рисования."
"Create New Items","Создание предметов"
"Allow players with this role to create new Items in the World.","Позволить роли создавать новые предметы в мире."
"Use File Browser","Проводник файлов"
"Allow players with this role to browse through available files in the File Browser.","Позволить роли использовать Проводник файлов для просмотра и выбора файлов."
"Upload New Files","Загрузка файлов"
"Allow players with this role to upload content to the server using the File Browser.","Позволить роли использовать Проводник файлов для загрузки новых файлов."
"Create Journal Entries","Создание заметок журнала"
"Allow players with this role to create new Journal Entries in the Journal sidebar.","Позволить роли создавать заметки журнала."
"Use Script Macros","Скрипты в макросах"
"Allow players with this role to use JavaScript macros which access the API.","Позволить роли использовать JavaScript в макросах с доступом к API."
"Whisper Private Messages","Приватные сообщения"
"Allow players with this role whisper private messages that the Game Master cannot see.","Позволить роли отправлять приватные сообщения друг другу, которые GM не видит."
"Create Map Notes","Создание заметкок карты"
"Allow users with this role to create Note objects from Journal Entries which they own.","Позволяет участникам с этой ролью создавать объекты заметок из записей журнала."
"Modify Configuration Settings","Изменение настроек"
"Allow players with this role to modify game settings and enable or disable modules.","Позволить роли."
"Display Mouse Cursor","Отображение курсора"
"Display the position of the player's mouse cursor which illustrates where the user is looking on the canvas.","Отображать курсор мыши этой роли для всех"
"Display Ruler Measurement","Отображать значения линейки"
"Display measurement using the ruler tool to other connected players.","Отображать значения линейки другим участникамц"
"Create Measured Template","Создание шаблонов"
"Allow players with this role to create templates for area-of-effect measurement.","Позволить роли создавать и настраивать измерительные шаблоны для эффектов области"
"Create New Tokens","Создание токенов"
"Allow players with this role to place Tokens for Actors they own on the game canvas.","Позволить роли добавлять токены актёров под управлением этой роли на игровую сцену"
"Configure Token Settings","Настройка токена"
"Allow players with this role to configure the settings for Tokens that they own.","Позволить роли изменять параметры токенов под управлением этой роли"
"Open and Close Doors","Открытие дверей"
"Allow players with this role interact with doors defined on the Walls Layer.","Позволить роли взаимодействовать с дверьми, установленными на слое стен"
"Import Data","Импорт данных"
"Create Scene","Создать сцену"
"Search Scenes","Поиск сцены"
"Chat Log","Чат"
"Combat Tracker","Бой"
"Scenes Directory","Сцены"
"Actors Directory","Актёры"
"Items Directory","Предметы"
"Journal Entries","Заметки журнала"
"Audio Playlists","Плейлисты"
"Compendium Packs","Библиотека"
"Game Settings","Настройки игры"
"Rollable Tables","Случайные таблицы"
"View Token Artwork","Открыть изображение токена"
"Jump To Pin","Перейти к отметке"
"Animate Roll Tables?","Анимировать броски по таблице"
"Configure whether to display a roulette-style animation when drawing from a Roll Table.","Показывать анимацию в виде рулетки при броске по таблице."
"Create Table","Создать таблицу"
"Table Description","Описание таблицы"
"Display Roll to Chat?","Показывать результат в чате"
"Roll Table Formula","Формула броска"
"Search Tables","Поиск таблицы"
"Table Configuration","Настройка таблицы"
"Normalize Result Weights","Усреднить вероятности"
"Draw with Replacement?","Не блокировать выброшенные результаты"
"Reset","Сброс"
"Add New Result","Добавить результат"
"Result Type","Тип результата"
"Result Details","Описание результата"
"Result Description","Описание результата"
"Delete Result","Удалить результат"
"Weight","Вес"
"Range","Диапазон"
"Roll","Бросок"
"Toggle Drawn Status","Заблокировать результат"
"Update","Обновить"
"Cone Template Type","Вид шаблона конуса"
"Choose how the area of effect for cone templates should be defined.","Выберите тип отображения конуса."
"Flat","Плоский"
"Round","Округлый"
"Tile Configuration","Настройка тайла"
"Basic","Основное"
"Configure this tile sprite which is displayed above the Scene background.","Настройте верхнее изображение, отображаемое над фоновым."
"Overhead","Верхний"
"Additional attributes which apply if the Tile is overhead in the Foreground.","Дополнительные параметры для верхних тайлов переднего слоя."
"Animation","Анимация"
"Additional attributes which apply if the Tile uses an animated video texture.","Дополнительные параметры, используемые для анимированных видео-текстур."
"Tile Image or Video","Изображение или видео"
"Tile Opacity","Прозрачность"
"Tint Color","Оттенок"
"Is Overhead?","Верхний?"
"Occlusion Mode","Режим преграждения"
"None (Always Visible)","Нет (всегда видимый)"
"Fade (Entire Tile)","Исчезновение (весь тайл)"
"Roof (Blocks Vision and Lighting)","Крыша (влияет на видимость)"
"Radial (Surrounding Token)","Круговой"
"Occlusion Alpha","Альфа преграждения"
"Loop Video","Повторять видео"
"Autoplay Video","Автопроигрывание"
"Video Volume","Громкость видео"
"Assign Token","Прикрепить токен"
"You must select one existing Token to assign as the new prototype configuration.","Вы должны выбрать один токен, чтобы прикрепить новые настройки прототипа."
"Updated prototype Token configuration for {name}","Прототип токена для {name} обновлён."
"Attribute Bars","Полоски ресурсов"
"Single Values","Одиночные значения"
"Represented Actor","Связанный актёр"
"Token Disposition","Отношение токена"
"Configure which Actor this Token is associated with.","Выберите с каким актёром связан этот токен."
"Link Actor Data","Связать данные актёра"
"Token Name","Имя токена"
"Display Name","Отображаемое имя"
"Alternate Actor Tokens","Альтернативный токен"
"Configure the Token image and its displayed size and scale.","Настройка изображения, размера и масштаба токена."
"Token Image Path","Путь к изображению"
"Mirror Image Horizontally","Отразить по горизонтали"
"Mirror Image Vertically","Отразить по вертикали"
"Token Opacity","Прозрачность"
"Configure the Token's position, orientation, and elevation.","Настройка расположения, ориентации и высоты токена."
"Lock Rotation","Заблокировать поворот"
"Randomize Wildcard Images","Случайные изображения токена"
"Configure the resource bars which are tracked for the Token.","Выберите полоски ресурсов, отображаемые на токене."
"Bar 1 Attribute","Ресурс 1"
"Bar 1 Data","Значение ресурса 1"
"Bar 2 Attribute","Ресурс 2"
"Bar 2 Data","Значение ресурса 2"
"Display Bars","Отображать ресурсы"
"Token Configuration","Параметры токена"
"Prototype Token","Шаблон токена"
"Tint Color","Оттенок"
"Update Token","Обновить токен"
"Configure the vision capability and light emission of this Token.","Настройка зрения и отбрасываемого токеном света."
"Has Vision","Имеет зрение"
"Bright Vision","Яркое зрение"
"Dim Vision","Тусклое зрение"
"Sight Angle","Угол зрения"
"This Token references an Actor which no longer exists within the World.","Этот токен связан с актёром, который больше не существует."
"You do not own any Token with vision in this Scene","У вас нет токенов со зрением в этой сцене."
"Hostile","Враждебный"
"Neutral","Нейтральный"
"Friendly","Дружественный"
"Never Displayed","Никогда не отображать"
"When Controlled","При выборе"
"Hovered by Owner","При наведении владельцем"
"Hovered by Anyone","При наведении всеми"
"Always for Owner","Всегда для владельца"
"Always for Everyone","Всегда для всех"
"None","Без роли"
"Player","Игрок"
"Trusted Player","Доверенный"
"Assistant GM","Ассистент GM"
"Game Master","GM"
"Password","Ключ доступа"
"User Role","Роль участника"
"User Name","Имя участника"
"Show Password","Показать ключ доступа"
"Create Additional User","Создать участника"
"Delete User","Удалить участника"
"Save and Return","Сохранить и вернуться"
"User Management","Управление участниками"
"Game users updated successfully, returning to the game World.","Данные участников обновлены, возвращение в игру."
"You must have at least one Game Master user within your World.","В вашем мире должен быть как минимум один GM."
"This user will be permanently deleted from the game world.","Этот участник будет навсегда удалён из игрового мира."
"You are about to delete a Game Master user!","Вы собираетесь удалить ведущего!"
"Wall Configuration","Настройка стены"
"Wall Configuration [Multiple]","Настройка стен (нескольких)"
"Customize how this wall segment restricts movement or senses.","Настройка ограничения передвижения и зрения токенов"
"Wall Coordinates","Координаты стены"
"Movement Restrictions","Ограничение движения"
"Sight Restriction","Ограничение зрения"
"Sound Restriction","Ограничение звука"
"Wall Direction","Направление стены"
"Is Door?","Дверь"
"Door State","Состояние двери"
"Update Wall","Обновить стену"
"World Details","Подробности мира"
"World Description","Описание мира"
"Audio/Video Configuration","Параметры аудио-видео"
"Configure Audio/Video","Настроить аудио-видео"
"Configure settings specific to the integrated Audio/Video WebRTC component","Настройка параметров аудио-видео компонента WebRTC"
"<Unknown Device>","<Неизвестное устройство>"
"Video Capture Device","Устройство ввода видео"
"Select which video capture device you wish to use, if any.","Выберите устройство записи видео."
"Audio Capture Device","Устройство ввода звука"
"Select which audio capture device you wish to use, if any.","Устройство устройство записи звука."
"Audio Output Device","Устройство вывода звука"
"Select which audio output device you wish to use.","Выберите устройство проигрывания звука."
"Audio/Video communication was unable to start because one of the configured input devices was unavailable.","Аудио-видео трансляция не удалась, т.к. одно из устройств не доступно."
"Disable Sending Camera","Не транслировать камеру"
"Disable Sending Audio","Не транслировать звук"
"Disable Audio Output","Не получать звук"
"Default Device","Устройство по умолчанию"
"Unavailable Device (will use Default)","Недоступное устройство"
"Choose Signalling Server","Выберите транслирующий сервер"
"Signalling Server URL","URL транслирующего сервера"
"Foundry VTT","Foundry VTT"
"Custom Server","Свой сервер"
"Signalling Server Username","Логин сервера"
"Signalling Server Password","Пароль сервера"
"Relay Server Configuration","Настройка Relay-сервера"
"Provided by Signalling Server","Устанавливается транслирующим сервером"
"Custom Relay Server","Свой Relay-сервер"
"Relay Server URL","URL Relay-сервера"
"Relay Server Username","Логин Relay-сервера"
"Relay Server Password","Пароль Relay-сервера"
"General","Основное"
"Devices","Устройства"
"Server","Сервер"
"General Audio/Video Conferencing Settings can only be modified by the GM","Настройки аудио-видео конференции могут быть изменены только GM"
"Audio/Video Conferencing Mode","Режим аудио-видео конференции"
"Only a Game Master user may change this setting, which will require Foundry VTT to reload.","Только GM может изменять настройки, т.к. они требуют перезагрузки Foundry VTT"
"Disabled","Выключено"
"Audio Only","Только аудио"
"Video Only","Только видео"
"Audio/Video Enabled","Аудио и видео"
"Toggle video","Включить видео"
"Configure Settings","Настройка параметров"
"Send to Dock","Отправить в док"
"Pop out","Вывести в окно"
"Push-to-Talk/Mute Key","Рация/заглушение"
"Assign a keyboard key which, in PTT mode, enables voice while held. If not in PTT mode, the same key mutes while pressed.","Установите клавишу, которая будет включать передачу голоса в режиме рации. В других режимах эта клавиша будет заглушать передачу голоса."
"Voice Broadcasting Mode","Режим передачи голоса"
"Choose how your voice is broadcast in AV calls.","Выберите режим передачи голоса в конференции."
"Always Enabled","Постоянно транслировать"
"Voice Activation","Активация по голосу"
"Push-to-Talk","Режим рации"
"Allow User Video","Разрешить видео игроков"
"Block User Video","Блокировать видео игроков"
"Allow User Audio","Разрешить аудио игроков"
"Block User Audio","Блокировать аудио игроков"
"Enable Your Video","Включить ваше видео"
"Disable Your Video","Выключить ваше видео"
"Enable Your Audio","Включить ваше аудио"
"Mute Your Audio","Заглушить ваше аудио"
"Mute Others' Audio","Заглушить аудио от других"
"Unmute Others' Audio","Включить аудио от других"
"Show Players List","Показывать список участников"
"Hide Players List","Скрыть список участников"
"Cycle Video Size","Прокручивать размер видео"
"Unable to capture from your Audio devices; Sharing Video only","Невозможно передать аудио с вашего устройства; Будет передано только видео"
"Unable to capture from your Video devices; Sharing Audio only","Невозможно передать видео с вашего устройства; Будет передано только аудио"
"Unable to capture from your Audio & Video devices","Невозможно передать аудио и видео с вашего устройства"
"Unable to capture from your Video devices","Невозможно передать видео с вашего устройства"
"Unable to capture from your Audio devices","Невозможно передать аудио и видео с вашего устройства"
"Error connection to Audio/Video Signalling Server","Ошибка подключения к транслирующему серверу"
"Lost connection to the Audio/Video Signalling server. Trying to re-establish connection.","Потеряно соединение с транслирующим сервером. Попытка переподключения."
"WebRTC Error : ","Ошибка WebRTC: "
"You cannot use Audio/Video calls unless your Foundry VTT server is using SSL certificates. See the online documentation for instructions.","Вы не можете использовать трансляцию аудио-видео, если ваш сервер Foundry VTT не имеет SSL сертификата. Подробности в документации."
"You cannot enable your camera because you do not have permission to broadcast your video feed.","Вы не можете включить камеру, т.к. у вас нет права на трансляцию видео."
"You cannot enable your microphone because you do not have permission to broadcast your audio feed.","Вы не можете включить микрофон, т.к. у вас нет права на трансляцию аудио."
"World Title","Название мира"
"Data Path","Путь к файлам"
"Game System","Система"
"Background Image","Фоновое изображение"
"Next Session","Следующая игра"
"Reset Active Modules","Сбросить активные модули"
"Reset User Passwords","Сбросить ключи доступа"
"Launch in Safe Configuration","Запуск в безопасном режиме"
"Disables all modules and active scenes, and stops any playing audio","Отключает все модули, активные сцены и останавливает звуки"
"World Description","Описание мира"