"en","sv"
"Activate","Aktivera"
"Angle","Vinkel"
"Author","Författare"
"Are You Sure?","Är du säker?"
"and","och"
"Between","Mellan"
"Cancel","Avbryt"
"Character","Karaktär"
"Configure","Konfigurera"
"Command","Kommando"
"Close","Stäng"
"Degrees","Grad"
"Default","Standard"
"Delete","Ta bort"
"Description","Beskrivning"
"Distance","Avstånd"
"Direction","Riktning"
"Documentation","Dokumentation"
"Duplicate","Duplicera"
"Error","Fel"
"Grid Units","Rutnätsenhet"
"Install","Installera"
"Elevation","Höjd"
"Foundry Virtual Tabletop","Foundry Virtual Tabletop"
"File Path","Filsökväg"
"Height","Höjd"
"Hidden","Dold"
"Hold","Håll"
" Name","Namn"
"No","Nej"
"Notes","Anteckningar"
"Preload","Förladda"
"Token","Spelfigur"
"Minimum","Minimum"
"Maximum","Maximum"
"Image","Bild"
"None","Ingen"
"Path","Sökväg"
"Packs","Paket"
"Permissions","Rättigheter"
"Position","Position"
"Pixels","Pixlar"
"Ratio","Ratio"
"Rotation","Rotation"
"Roll Formula","Roll-formel"
"Commit Changes","Spara förändringar"
"Reset Changes","Återställ förändringar"
"Save Changes","Spara ändringar"
"Scale","Skala"
"Scope","Scope"
"Sheet","Blad"
"System","System"
"Type","Typ"
"Uninstall","Avinstallera"
"Update","Uppdatera"
"URL","URL"
"Vision","Syn"
"Warning","Varning"
"Width","Bredd"
"X-Coordinate","X-koordinat"
"Y-Coordinate","Y-koordinat"
"Yes","Ja"
"Actors Directory","Karaktärskatalog"
"Create Actor","Skapa karaktär"
"Search Actors","Hitta karaktär"
"Are you sure you want to exit the Foundry Virtual Tabletop game?","Är du säker på att du vill avsluta spel med Foundry Virtual Tabletop?"
"Clear Chat Log","Radera meddelanden"
"Export Chat Log","Exportera meddelanden"
"Flush Chat Log","Radera meddelanden"
"All messages within the chat log will be permanently deleted.","<h3> Är du säker? </h3> <p> Alla meddelanden raderas. </p>"
"{command} is not a valid chat message command.","{command} är inte ett giltigt chattmeddelandekommando."
"Chat Log","Nyheter"
"To","Till"
"Pop Out Message","Poppa Ut Meddelande"
"Reveal To Everyone","Visa alla"
"Make Private","Gör privat"
"Blind GM Roll","Täckt SL-slag"
"Default Roll Mode","Standard slag"
"Public Roll","Öppet slag"
"Private GM Roll","Privat SL-slag"
"Self Roll","Privat slag"
"Rollable Tables","Tärningstabeller"
"{user} privately rolled some dice","{user} rullade tärningar privat"
"Begin Combat","Start"
"Create Encounter","Skapa möte"
"Delete Encounter","Radera möte"
"Encounter","Möte"
"Activate Previous Encounter","Tidigare möte"
"Activate Next Encounter","Nästa möte"
"End Combat","Slut"
"Roll Initiative","Rollinitiativ"
"Reset Initiative","Återställ initiativ"
"End Combat Encounter?","Avsluta stridsmöte?"
"End this combat encounter and empty the turn tracker?","Avsluta det här stridsmötet och tömma rundräknaren?"
"No Active Encounter","Inga deltagare"
"There is no active Combat Encounter in your currently viewed Scene.","Det finns ingen aktivt stridsmöte i din nu visade scen."
"There are no Combatants remaining in this Encounter which are not defeated.","Det finns inga fler obesegrade deltagare."
"Not Started","Inte startad"
"Tracked Resource","Spårad resurs"
"Choose an attribute to track for each combatant.","Välj ett attribut som ska spåras för varje deltagare."
"Round","Runda"
"Rounds","Rundor"
"Previous Round","Föregående omgång"
"Next Round","Nästa omgång"
"Roll NPCs","Rulla initiativ för NPC"
"Roll All","Rulla initiativ för alla"
"{name} rolls for Initiative!","{name} rullar för Initiative!"
"Combat Tracker Settings","Stridsinställningar"
"Save Tracker Settings","Spara stridsinställningar"
"Skip Defeated?","Hoppa över besegrad?"
"Automatically bypass combatants marked as defeated?","Hoppa automatiskt över besegrade karaktärer?"
"Toggle Visibility","Växla synlighet"
"Mark Defeated","Toggla besegrad"
"Turn","Turn"
"Turns","Turns"
"End Turn","Avsluta runda"
"Next Turn","Nästa drag"
"Previous Turn","Föregående drag"
"Unknown Combatant","Okänd stridande"
"Represented Actor","Representerad aktör"
"Create Combatant","Skapa stridande"
"Defeated","Besegrad"
"Hidden","Dold"
"Thumbnail Image","Miniatyrbild"
"Initiative Value","Initiativvärde"
"Combatant Status","Kampens status"
"Update Combatant","Uppdatera stridande"
"Displayed Name","Visat namn"
"Remove Combatant","Ta bort stridande"
"Clear Initiative","Rensa initiativ"
"Re-roll Initiative","Rulla om initiativ"
"Represented Token","Länkad spelfigur"
"The Combatant {name} is not present in your currently viewed Scene","Stridanden {name} finns inte i din nu visade scen"
"Compendium Name","Kompendiumnamn"
"Create Compendium","Skapa kompendium"
"Create a new Compendium pack in your current World.","Skapa ett nytt kompendiumpaket i din nuvarande värld."
"Delete Compendium","Radera kompendium"
"This Compendium Pack will be permanently deleted and cannot be recovered.","Detta kompendiumpaket raderas permanent och kan inte återställas."
"Delete Entry","Radera post"
"This Compendium entry and its data will be permanently deleted.","Denna kompendiepost och dess data kommer att raderas permanent."
"Duplicate Compendium","Duplicera Kompendium"
"New Compendium Title","Nytt namn"
"You may duplicate this compendium into your World to have a local copy of its content which is safe to edit.","Du kan kopiera detta kompendium till din värld så att du enkelt kan ändra det."
"You must provide a title to create a World Compendium pack.","Du måste ange en titel för att skapa ett kompendiumpaket för en värld."
"Import All Content","Importera allt innehåll"
"All of the content from this Compendium pack will be imported into your World to a Folder which you may name.","Allt innehåll från detta kompendiumpaket importeras till din värld till en mapp som du kan namnge."
"Importing {number} {type} entries into the {folder} folder. Please be patient.","Importerar {number} {type} poster till mappen {folder}. Ha tålamod."
"Successfully imported {number} {type} entries into the {folder} folder.","Importerade {number} {type} poster till mappen {folder}."
"Import Entry","Importera post"
"Document Type","Enhetstyp"
"Each Compendium pack contains a specific type of Document.","Varje kompendiumpaket innehåller en speciell enhetstyp."
"Toggle Visibility","Växla synlighet"
"Toggle Edit Lock","Växla skrivskydd"
"You are attempting to unlock for editing a compendium that does not belong to this World. Any changes you make in this compendium pack may be lost if the system or module which owns it is updated. You may wish to duplicate the compendium to your world instead. Do you wish to proceed?","Du försöker ta bort skrivskyddet från ett kompendium som inte tillhör din värld. Alla dina förändringar kan gå förlorade så snart motsvarande system eller modul har uppdaterats. Kanske borde du kopiera kompendiet till din värld istället du fortsätter? "
"Game Controls Reference","Översikt över spelkontroller"
"This form describes common keyboard and mouse commands used to control various aspects of the Foundry Virtual Tabletop environment. Some controls are only available to a Game Master user, those are highlighted in light purple.","Denna sida beskriver typiska tangentbords- och muskommandon med vilka olika aspekter av Foundry Virtual Tabletop-miljö styrs."
"Token Controls","Token Controls"
"Select Tokens","Välj spelfigur"
"Select Targets","Välj mål"
"Measure Distance","Mät avstånd"
"Measurement Controls","Mätverktyg"
"Template Type","Malltyp"
"Border Color","Gränsfärg"
"Configure the placement and display of the measurement template.","Konfigurera placeringen och visningen av mätmallen."
"Circle Template","Cirkelmall"
"Cone Template","Konmall"
"Rectangle Template","Rektangulär mall"
"Ray Template","Strålmall"
"Clear Templates","Ta bort mallar"
"Template Texture","Malltextur"
"Tile Controls","Brick-kontroll"
"Select Tiles","Välj brickor"
"Place Tile","Placera bricka"
"Foreground Layer","Förgrundslager"
"Tile Browser","Brickbläddrare"
"Drawing Tools","Ritverktyg"
"Select Drawings","Välj ritningar"
"Draw Rectangle","Rita rektangel"
"Draw Ellipse","Rita en cirkel"
"Draw Polygon","Rita polygon"
"Draw Freehand","Rita frihand"
"Draw Text","Rita text"
"Clear Drawings","Radera ritningar"
"Configure Drawing","Konfigurera ritning"
"Wall Controls","Väggverktyg"
"Draw Walls","Rita väggar"
"Invisible Walls","Osynliga väggar"
"Terrain Walls","Terrängväggar"
"Ethereal Walls","Eteriska väggar"
"Draw Doors","Rita dörrar"
"Secret Doors","Hemliga dörrar"
"Rectangular Select Walls","Rektangulärt väggval"
"Force Snap to Grid","Justera mot rutnät"
"Clone Walls","Klonväggar"
"Clear Walls","Ta bort väggar"
"Lighting Controls","Ljusverktyg"
"Draw Light Source","Placera ljuskälla"
"Clear Lights","Radera lampor"
"Reset Fog of War","Återställ krigsdimma"
"Transition to Daylight","Tona till dag"
"Transition to Darkness","Tona till natt"
"Reset Fog of War Exploration?","Dölj krigsdimme-område igen?"
"This will reset fog of war for this Scene for all players.","Det här alternativet återställer krigsdimma för alla spelare."
"Ambient Sound Controls","Omgivande ljud"
"Draw Ambient Sound","Placera omgivande ljud"
"Preview Ambient Sounds","Förhandsgranska omgivande ljud"
"Clear Sounds","Radera ljud"
"Journal Notes","Gruppanteckningar"
"Select Notes","Välj anteckningar"
"Toggle Notes Display","Visa anteckningsvisningen"
"Clear Notes","Ta bort anteckningar"
"Clear All Objects","Rensa alla objekt"
"Permanently delete all {type} objects from this Scene?","Ta bort alla {type} objekt permanent från den här scenen?"
"General Game Controls","Spelkontroller"
"These controls generally apply across all aspects of Foundry functionality.","Denna sektion beskriver typiska tangentbord- och muskommandon som vanligtvis kan användas var som helst i Foundry."
"Canvas Layer Controls","Duk-objekt"
"These controls apply when interacting with a specific Canvas layer.","Denna sektion beskriver typiska tangentbords- och muskommandon som kan användas när du interagerar med duklager."
"Placeable Object Controls","Placerbara objekt"
"These controls apply when interacting with an Object placed on the Canvas.","Denna sektion beskriver typiska tangentbords- och muskommandon som kan användas när du interagerar med placerade objekt."
"Specialized Controls","Special"
"These controls apply only during specific interactions.","Denna sektion beskriver typiska tangentbord- och muskommandon som endast kan användas för speciella interaktioner."
"Mouse Controls","Muskontroll"
"Keyboard Controls","Tangentbordskontroll"
"Toggle Main Menu","Byt huvudmeny"
"Close Open Windows","Stäng öppna fönster"
"Toggle Game Pause","Pausa / fortsätt spel (SL)"
"Cancel Pending Move","Avbryt väntande rörelse"
"Move Object","Flytta objekt"
"Pan Canvas","Flytta duk"
"Select Object","Välj objekt"
"Add or Remove Selected Objects","Lägg till eller ta bort valda objekt"
"Use Active Tool","Använd aktiverat verktyg"
"Cancel Left-Drag Operation","Avbryt dra med vänster musknapp"
"Zoom Canvas","Förstora / minska arbetsytan"
"Left Click","Vänsterklick"
"Double Left Click","Dubbelklicka"
"Left-Click Drag","dra med vänster musknapp"
"Double","Dubbel"
"Right-Click","Högerklicka"
"Drag","Dra"
"Drop","Släpp"
"during","under"
"Highlight Canvas Objects","Markera dukobjekt"
"Pan Canvas","Flytta duk"
"Zoom In","Förstora duk"
"Zoom Out","Minska duk"
"Cycle Tokens or Reset View","Växla igenom kontrollerbara spelfigurer eller återställ vy"
"Keyboard Movement (Tokens or Tiles)","Tangentbordets rörelse (figur eller bricka)"
"Diagonal Movement","Diagonal rörelse"
"Face Direction","Synriktning"
"Delete Selected Objects","Radera valda element (SL)"
"Copy Canvas Elements","Kopiera dukobjekt (SL)"
"Paste Canvas Elements","Infoga duk-element (SL)"
"Undo Canvas Operation","Ångra dukåtgärder"
"Activate Hotbar Slot","Aktivera posten i snabbfältet"
"Ruler Measurement","Mät avstånd"
"Measure Distance with Ruler","Mät avstånd med linjal"
"Place Measurement Waypoint","Ställ in mätpunkt"
"Move Token on Measured Path","Flytta längs den uppmätta banan"
"while measuring from a Token","medan avståndet mäts"
"Open Referenced Object Sheet","Visa ark för dukobjekt"
"Display Object HUD (If Applicable)","Visa HUD för dukobjekt (om tillgängligt)"
"Open Object Configuration Sheet","Konfigurera dukobjekt (SL)"
"Move Controlled Objects","Flytta kontrollerade objekt"
"Cancel Drag Workflow","Avbryt rörelse genom att dra"
"Rotate Object (Slow)","Rotera objekt (snabbt)"
"Rotate Object (Fast)","Rotera objekt (långsamt)"
"Bypass Snap-to-Grid","Stäng av magnetisk placering"
"Mouse-Wheel","Mushjul"
"Drag and Drop","Dra och släpp"
"Token Controls","Figurkontroll"
"Place Hidden Token","Placera dold figur (SL)"
"Set (non-Owned) Token as Target","Välj figur (inte kontrollerad) som mål"
"when creating a Token.","när du skapar en token."
"Walls Layer Controls","Väggnivå (SL)"
"Chain Wall Creation","Kedjeväggsplacering"
"Select Chained Segments","Välj kedjade segment"
"Drawing Tool Controls","Ritverktygskontroll"
"Confirm Drawing Text","Infoga text"
"Cancel Drawing Text","Avbryt infogning av texten"
"The dice roll formula {formula} did not produce a numeric outcome.","Tärningsslagsformeln {formula} gav inte ett numeriskt resultat."
"The attribute {match} was not present in the provided roll data.","Attributet {match} fanns inte i det tillhandahållna tärningsrullningsdatat."
"Create New {type}","Skapa ny {type}"
"Delete {type}","Radera {type}"
"New {type}","Ny {type}"
"Update {type}","Uppdatera {type}"
"Import Data","Importera data"
"You did not upload a data file!","Du laddade inte upp en datafil!"
"You may import data for this {document} from an exported JSON file.","Du kan importera data för detta {document} från en exporterad JSON-fil."
"This operation will update the data for {name} and cannot be un-done.","Denna åtgärd kommer att uppdatera data för {name} och kan inte tas bort."
"Source Data","Källdata"
"You do not have permission to view this {document} sheet.","Du har inte behörighet att visa detta {document} blad."
"You do not have permission to use this {document}.","Du har inte behörighet att använda detta {document}."
"Active Effect","Aktiv effekt"
"Actor","Aktör"
"Ambient Light","Omgivande ljus"
"Ambient Sound","Omgivande ljud"
"Chat Message","Chattmeddelande"
"Combat Encounter","Stridsmöte"
"Combatant","Stridande"
"Drawing","Teckning"
"Folder","Mapp"
"Item","Artikel"
"Journal Entry","Anteckning"
"Macro","Makro"
"Measured Template","Mätt mall"
"Note","Obs"
"Playlist","Playlist"
"Playlist Sound","Spellista ljud"
"Scene","Scene"
"Setting","Setting"
"Rollable Table","Rullbar tabell"
"Table Result","Tabellresultat"
"Tile","Bricka"
"Token","Spelfigur"
"User","Användare"
"Wall","Vägg"
"Drawing Configuration","Ritningskonfiguration"
"Default Drawing Configuration","Standardkonfiguration av ritning"
"Configure Default","Konfigurera standard"
"Create Drawing","Skapa ritning"
"Update Drawing","Uppdatera ritning"
"Reset Defaults","Återställ standardvärden"
"Position","Position"
"Lines","Linjer"
"Fill","Fyll"
"Text","Text"
"Adjust the position and visibility of the Drawing.","Justera ritningens position och synlighet."
"Adjust the outer line work for the Drawing.","Justera det yttre linjearbetet för ritningen."
"Adjust the interior fill preferences for this Drawing.","Justera inställningarna för invändig fyllning för denna ritning."
"Adjust the text label applied to this Drawing (if any).","Justera textetiketten som används på denna ritning (om sådan finns)."
"Author","Författare"
"X-Position","X-Position"
"Y-Position","Y-Position"
"Width","Bredd"
"Height","Höjd"
"Rotation","Rotation"
"Z-Index","Z-Index"
"Line Width","Linjebredd"
"Stroke Color","Penseldragets färg"
"Line Opacity","Linjens ogenomskinlighet"
"Smoothing Factor","Utjämningsfaktor"
"For freehand drawing, the smoothing factor controls the amount of spline smoothing.","För frihandsteckning styr utjämningsfaktorn mängden splineutjämning."
"Fill Types","Fylltyper"
"None","Ingen"
"Solid","Solid"
"Pattern","Mönster"
"Fill Color","Fyllfärg"
"Fill Opacity","Fyll opacitet"
"Fill Texture","Fyll textur"
"Text Label","Textetikett"
"Font Family","Fontfamilj"
"Font Size","Teckenstorlek"
"Text Color","Textfärg"
"Text Opacity","Textogenonskinlighet"
"Custom","Anpassad"
"Multiply","Multiplicera"
"Add","Lägg till"
"Downgrade","Nedgradering"
"Upgrade","Uppgradera"
"Override","Åsidosätt"
"Configure Active Effect","Konfigurera aktiv effekt"
"Details","Detaljer"
"Duration","Varaktighet"
"Effects","Effekter"
"Effect Label","Effektetikett"
"Effect Icon","Effektikon"
"Icon Tint Color","Ikonfärg"
"Effect Suspended","Effekt avstängd"
"Effect Origin","Effekt Ursprung"
"Transfer Effect to Actor","Överför effekt till karaktär"
"Effect Duration (Seconds)","Effektlängd (sekunder)"
"Effect Start Time","Starttid för effekt"
"Effect Duration (Turns)","Effektlängd (vänder)"
"Combat Encounter","Stridsmöte"
"Effect Start Turn","Effektstart-sväng"
"Attribute Key","Attributnyckel"
"Change Mode","Ändra läge"
"Effect Value","Effektvärde"
"Submit Changes","Skicka ändringar"
"Asleep","Sovande"
"Dead","Död"
"Unconscious","Omedvetet"
"Stunned","Bedövad"
"Prone","Benägen"
"Restrained","Begränsad"
"Paralyzed","Förlamad"
"Flying","Flygande"
"Blind","Blind"
"Deaf","Döv"
"Silenced","Tystnad"
"Afraid","Rädd"
"Burning","Brinnande"
"Frozen","Fryst"
"Shocked","Chockad"
"Corroding","Korroderad"
"Bleeding","Blödning"
"Diseased","Sjuk"
"Poisoned","Förgiftad"
"Radioactive","Radioaktiv"
"Regeneration","Regeneration"
"Degeneration","Degeneration"
"Empowered","Förstärkt"
"Weakened","Försvagad"
"Targeted","Targeted"
"Marked","Markerad"
"Cursed","Förbannad"
"Blessed","Välsignad"
"Fire Shield","Eldsköld"
"Ice Shield","Issköld"
"Magic Shield","Magisk sköld"
"Holy Shield","Helig sköld"
"Actor","Karaktär"
"Chat Message","Chattmeddelande"
"Combat Encounter","Combat möte"
"Item","Sak"
"Folder","Katalog"
"Journal Entry","Anteckningsbokspost"
"Macro Command","Makrokommando"
"Audio Playlist","Ljudspellista"
"Scene","Scen"
"Rollable Table","Tärningstabell"
"User","Användare"
"Create New {entity}","Skapa ny {entity}"
"New {entity}","Ny {entity}"
"Create New","Skapa ny post"
"Foundry Virtual Tabletop uses modern JavaScript features which are unsupported on {browser} version less than {minimum}. You are using {browser} version {version}. Please update or use a different browser.","Foundry Virtual Tabletop använder moderna JavaScript-funktioner som inte stöds i {browser} -versionen mindre än {minimum}. Du använder {browser} version {version}. Uppdatera eller använd en annan webbläsare."
"Foundry Virtual Tabletop requires a minimum screen resolution of {reqWidth}px by {reqHeight}px or greater. Your display currently has an effective resolution of {width}px by {height}px, as a result many features of the software may not work properly.","Foundry Virtual Tabletop kräver minst en skärmupplösning på 1366x768 pixlar. Din skärm är för närvarande {width} x {height} pixlar. Med dina aktuella visningsinställningar kanske delar av programvaran inte fungerar korrekt."
"Your browser does not currently support WebGL rendering which is required by Foundry Virtual Tabletop. Ensure that you have hardware rendering and WebGL enabled in your browser.","Din webbläsare stöder för närvarande inte WebGL, vilket krävs av Foundry Virtual Tabletop. Var noga med att återge hårdvara och WebGL är aktiverade i din webbläsare."
"You are using a Scene background texture with dimensions {width}px by {height}px. One or both of these dimensions exceeds the maximum texture size of {max}px supported by your device.","Du använder en scenbakgrundsbild med {width} x {height} pixlar. Höjden och / eller bredden överskrider den maximala textstorleken på {max} pixlar på ditt grafikkort."
"The provided server administrator password is invalid. If you have forgotten your configured password you will need to manually delete the <strong>Config/admin.txt</strong> file from your user data location.","Den använda administratörens åtkomstnyckel är inte giltig. Om du har glömt ditt nuvarande lösenord måste du ta bort filen <strong> Config / admin.txt </strong> från användardatakatalogen."
"The attempted Token movement collides with at least one Wall.","Försökt spelfigursrörelse kolliderar med minst en vägg."
"The request to browse existing packages failed to connect with the Foundry server. Make sure your application allows outbound connections.","Sökfrågan för aktuella paket kunde inte ansluta till Foundry Server. Kontrollera att programmet får göra externa frågor."
"No target users exist for this whisper. Check your spelling or try ""/w [User Name]"" instead.","Det finns inga målanvändare för denna viskning. Kontrollera din stavning eller försök "" /w [Användarnamn] "" istället."
"You do not have permission to send whispered chat messages to other players.","Du har inte behörighet att skicka viskade chattmeddelanden till andra spelare."
"You are using the grid configuration tool for a scene with no background image. This is not currently recommended and may produce unpredictable results.","Du använder konfigurationen för rutnätverktyget i en scen utan en bakgrundsbild. Det rekommenderas för närvarande inte och kan leda till oförutsägbart beteende."
"The dimensions of your configured Foreground Layer image do not match the dimensions of the Background Layer image for this scene. The foreground has been resized which may have undesired results.","Dimensionerna för din konfigurerade förgrundsskiktsbild matchar inte dimensionerna för bakgrundslagerbilden för den här scenen. Förgrunden har ändrats och kan ha oönskade resultat."
"Acknowledge Agreement","Försäkran om samtycke"
"Agree","Håller med"
"I agree to these terms","Jag godkänner dessa villkor"
"Decline","Avvisa"
"Create Directory","Skapa mapp"
"Toggle Privacy Mode","Ändra privat läge"
"Display Mode","Visningsläge"
"List View","Lista"
"Tiles View","Brickor"
"Thumbnail View","Förhandsgranska"
"Images View","Bilder"
"Filter Results","Filtrera resultat"
"S3 Bucket","S3 Bucket"
"Selected","vald"
"Select File","Välj fil"
"Select Directory","Välj katalog"
"Asset Grid Size","Rutnätstorlek"
"Specify the pixel grid size of source tile artwork so it will be automatically resized when placed onto your active Scene.","Ställ in pixelstorleken på bakgrundsplattorna så att grafiken automatiskt justeras till denna storlek så snart du sätter in dem i scenen."
"No matching results found in this location.","Inga resultat hittades."
"Upload","Ladda upp"
"Search","Sök"
"The file you have attempted to upload is too large for your proxy server to handle.","Filen är för stor för att din proxyserver ska kunna laddas upp."
"Something went wrong with your file upload request.","Något gick fel under uppladdningen."
"You have uploaded files into a module or system directory. This is generally <strong>unsafe</strong> because updates to the system or module will delete your files.","Du har laddat upp filer till en modul eller systemmapp. Detta är i grunden en <strong> osäker </strong> metod, eftersom en system- eller moduluppdatering tar bort dessa filer."
"Directory Browser","Katalog"
"Image or Video Browser","Bild eller video visare"
"Image Browser","Bildvisare"
"Video Browser","Videovisare"
"Audio Browser","Ljudläsare"
"User Data","Användardata"
"Core Data","Grunddata"
"Amazon S3","Amazon S3"
"Browse Files","Bläddra bland filer"
"Game Paused","Spelet pausat"
"You cannot take this action while the game is currently paused.","Du kan inte vidta den här åtgärden medan spelet för närvarande är pausat."
"Game invitation link copied to clipboard","Inbjudningslänk kopierad till Urklipp"
"Share the below invitation links with users who you wish to have join your game. The local invitation link is for users on your local network while the internet link connects via internet on the configured port.","Dela länken nedan med användare som du vill bjuda in till ditt spel. Den lokala inbjudningslänken är avsedd för användare som är i ditt nätverk, medan internetlänken ansluter via Internet till den inställda porten."
"Internet","Internet"
"Local Network","Lokalt nätverk"
"Game Invitation Links","Inbjudningslänkar"
"Create Item","Skapa objekt"
"Delete Item","Radera objekt"
"Search Items","Sök objekt"
"View Item Artwork","Visa bild av artikeln"
"Toggle Visibility State","Växla synlighetstillstånd"
"Toggle Locked State","Växla låsstatus"
"Bring to Front","Ta till förgrunden"
"Send to Back","Sätt i bakgrunden"
"Overhead Tile","Förgrundsbricka"
"Underfoot Tile","Bakgrundsbricka"
"Play Tile Video","Spela brickvideo"
"Pause Tile Video","Pausa brickvideo"
"Journal","Anteckningsbok"
"Search Journal Entries","Sök anteckningar i anteckningsböcker"
"Create Entry","Skapa post"
"Text","Text"
"Image","Bild"
"Show Players","Visa spelare"
"Showed the {mode} content of {title} to {which} players.","Visade {mode} innehållet i {title} för {which} spelare."
"Save Entry","Spara Journal"
"Center","Center"
"Bottom","Botten"
"Top","Toppen"
"Left","Vänster"
"Right","Höger"
"Light Animation Type","Ljusanimeringstyp"
"Animation Speed","Animationshastighet"
"Animation Intensity","Animeringsintensitet"
"Torch","Fackla"
"Pulse","Puls"
"Chroma","Chroma"
"Pulsing Wave","Pulserande våg"
"Swirling Fog","Virvlande dimma"
"Sunburst","Sunburst"
"Light Dome","Ljusdom"
"Mysterious Emanation","Mysteriskt utflöde"
"Energy Field","Energifält"
"Hexa Dome","Hexdom"
"Ghostly Light","Spökljus"
"Roiling Mass (Darkness)","Grumlig Massa (Mörker)"
"Black Hole (Darkness)","Svart hål (Mörker)"
"Light Source Configuration","Konfiguration av ljuskälla"
"Configure the position, radius, angle, color, and animation of this ambient light source.","Konfigurera position, radie, vinkel, färg och animering för denna omgivande ljuskälla."
"Create Light Source","Skapa ljuskälla"
"Darkness Activation Range","Mörkeraktiveringsintervall"
"You may specify a range of darkness levels during which this light source will be visible.","Du kan ange ett intervall av mörkernivåer under vilka denna ljuskälla kommer att synas."
"Dim Light Radius","Radie för svagt ljus"
"Bright Light Radius","Radie för starkt ljus"
"Emission Angle","Utstrålningsvinkel"
"Light Color","Ljus färg"
"Color Intensity","Färgintensitet"
"Light Rotation Angle","Ljusrotationsvinkel"
"Light Type","Ljustyp"
"Local Light","Lokalt ljus"
"Global Light","Globalt ljus"
"Universal Light","Universellt ljus"
"Update Light Source","Uppdatera ljuskälla"
"Create Macro","Skapa makro"
"Delete Macro","Radera makro"
"This Macro will be permanently deleted for all Users.","Dettaa makro raderas permanent för alla användare."
"Edit Macro","Redigera makro"
"Execute Macro","Kör makro"
"Remove Macro","Ta bort makro"
"Save Macro","Spara makro"
"Search Macros","Sök makron"
"Reload Application","Ladda om applikation"
"Log Out","Utloggning"
"User Management","Konfigurera spelare"
"Return to Setup","Gå till installationen"
"Bug or Issue Reports","Fel eller problemrapporter"
"Deactivate All Modules","Inaktivera alla moduler"
"Module Documentation","Moduldokumentation"
"Module Management","Modulhantering"
"Use this form to configure which Modules are active within your current World. Submitting changes to active modules will cause the current session to reload.","Använd det här filtret för att konfigurera vilka moduler som är aktiva i din nuvarande värld. Ändringar av aktiva moduler resulterar i att den aktuella sessionen laddas om."
"The Modules listed below are currently active within this World.","Modulerna nedan är för närvarande aktiva i denna värld."
"No Modules are available within this World. You can view, but do not have permission to modify this list.","Inga moduler tillgängliga i den här världen. Du kan se den här listan, men du har inte behörighet att redigera den."
"Filter Modules","Filtermoduler"
"Save Module Settings","Uppdatera moduler"
"Dependencies","Beroenden"
"This module has {number} inactive dependencies which are required for it to function properly:","Den här modulen har {number} beroende som krävs för att den ska fungera korrekt. Vill du aktivera dem också?"
"Enable module and its dependencies?","Aktivera modulen och dess beroenden?"
"This module had {number} dependencies which may no longer be required:","Den här modulen har {number} beroenden som kanske inte längre krävs. Vill du inaktivera dem också?"
"Would you like to disable them also?","Vill du inaktivera dessa också?"
"The dependency {missing} is not installed!","Beroendet {missing} är inte installerat!"
"You have enabled the module {module}, but it's dependencies {missing} are not enabled!","Du har aktiverat modulen {module}, men dess beroenden {saknas} är inte aktiverade!"
"All Modules","Alla moduler"
"Active Modules","Aktiva moduler"
"Inactive Modules","Inaktiva moduler"
"Text Anchor Point","Referenspunkt för text"
"Map Note Configuration","Inställningskortanteckning"
"Create Map Note","Skapa kartanmärkning"
"Entry Icon","Symbol"
"Font Size","Fontstorlek"
"Font Family","FontfAmilj"
"Icon Size","Ikonstorlek"
"Icon Tint","Ikonfärg"
"Text Label","Textetikett"
"Text Color","Textfärg"
"Update Map Note","Uppdatera kortanteckning"
"You do not have sufficient permission to create a Note for {name}.","Du har inte tillräcklig behörighet att skapa en anteckning för {name}. "
"Players","Spelare"
"Select Character","Välj karaktär"
"Selected Character","Vald karaktär"
"Release Character","Släpp karaktär"
"User Configuration","Spelarkonfiguration"
"Player Color","Spelarfärg"
"Player Avatar","Spelaravatar"
"Pull To Scene","Gå in i scenen"
"Save Configuration","Spara konfiguration"
"View Player Avatar","Visa spelaravatar"
"Kick Player","Kicka spelare"
"Ban Player","Banna spelare"
"Un-Ban Player","Avbanna spelare"
"Create Playlist","Skapa spellista"
"Delete Playlist","Radera spellista"
"Edit Playlist","Redigera spellista"
"Search Playlists","Sök i spellistor"
"Global Volume Controls","Globala volyminställningar"
"Currently Playing","Spelas för närvarande"
"Soundboard Only","Manuell uppspelning"
"Sequential Playback","Sekventiell uppspelning"
"Shuffle Tracks","Slupa"
"Simultaneous Playback","Samtidig uppspelning"
"Play Playlist","Spela spellista"
"Stop Playlist","Stoppa spellistan"
"Next Sound","Nästa ljud"
"Previous Sound","Tidigare ljud"
"Playlists","Spellistor"
"Ambient","Omgivande ljud"
"Interface","Användargränssnitt"
"Playlist Name","Spellistas namn"
"Playback Mode","Återspelningsläge"
"Fade Duration (ms)","Fade-tid (ms)"
"Playlist Description","Beskrivning av spellista"
"Update Playlist","Uppdatera spellista"
"Create Sound","Skapa ljud"
"Edit Sound","Redigera ljud"
"Delete Sound","Radera ljud"
"Loop Sound","Upprepa ljud"
"Track Name","Spårnamn"
"Audio Source","Ljudkälla"
"Sound Description","Ljudbeskrivning"
"Repeat","Repetera"
"Large File Streaming","Streaming av stor fil"
"Update Track","Uppdatera spår"
"Play Sound","Spela upp ljud"
"Pause Sound","Pausa ljud"
"Preload Sound","Förinstallera ljud"
"Resume Sound","Återuppta ljuduppspelning"
"Sound Volume","Ljudvolym"
"Sound Stop","Stoppa ljud"
"Bulk Import","Massimport"
"No valid Playlist Sounds were imported from the requested ""{path}"" directory","Inga giltiga spellistljud importerades från den begärda "" {path} "" katalogen"
"Accessibility","Åtkomst"
"GM Only","Endast spelledare"
"All Players","Alla spelare"
"Activate","Aktivera"
"Audio Playlist","Ljudspellista"
"A Playlist which should automatically begin playing when this Scene is activated.","En spellista som spelas automatiskt så snart scenen har kommit in."
"Background Color","Bakgrundsfärg"
"Background Image","Bakgrundsbild"
"Configure the background image and dimensions of the scene's primary map.","Konfigurera bakgrundsbild och dimensioner på scenens primära karta."
"Foreground Image","Förgrundsbild"
"An optional foreground image which is drawn above other objects in the Scene.","En valfri förgrundsbild som ritas ovanför andra objekt i scenen."
"Background Image Scale","Skalning av bakgrundsbilder"
"Use SHIFT+Mousewheel or SHIFT+Up Arrow and SHIFT+Down Arrow to adjust the background image size.","Använd SKIFT + mushjul eller SKIFT + uppåtpil och SKIFT + nedåtpil för att justera bakgrundsbildstorleken."
"Configure","Konfigurera"
"Configure Scene","Konfigurera scen"
"Darkness Level","Mörker"
"Apply an overlay which darkens the Scene and diminishes light sources to simulate nighttime or dim conditions.","Ställ in en mörk effekt med vilken natt eller skymning simuleras."
"Scene Dimensions","Scenmått"
"Change Scene Dimensions?","Ändra scenmått?"
"You are changing the underlying dimensions of this Scene, if you have already placed objects in this Scene this operation may cause those objects to shift position relative to the background image.","Du ändrar de underliggande måtten för den här scenen. Om du redan har placerat objekt i den här scenen kan den här åtgärden orsaka att dessa objekt flyttas i förhållande till bakgrundsbilden."
"Fog Exploration","Dimutforskande"
"Track the exploration progress of Tokens in this Scene, revealing fog of war for areas which have been explored.","Följ upptäcktsutvecklingen i den här scenen, vilket tar bort krigens dimma."
"Regenerate Thumbnail Image","Regenerera miniatyrbild"
"Unrestricted Vision Range","Global Illumination"
"Reveal all areas that controlled Tokens have direct line of sight to observe. If disabled, vision is restricted to illuminated areas.","Belys alla områden i scenen som kan ses av kontrollerade figurer."
"Vision Limitation Threshold","Globalbelysningströskel"
"Automatically disable the Unrestricted Vision Range setting when the Darkness Level of the Scene exceeds a threshold value.","Inaktivera automatisk global belysning när mörkhetsnivån överskrider ett visst tröskelvärde."
"Grid Color","Rutnätfärg"
"Grid Configuration Tool","Rutnätskonfigurationsverktyg"
"Configure the grid and background image position using the mousewheel and arrow keys, or by manually setting the following fields.","Konfigurera rutnätets och bakgrundsbildens position med mushjulet och piltangenterna, eller genom att manuellt ställa in följande fält."
"Grid Opacity","Rutnätstransparens"
"Grid Type","Rutnätstyp"
"Gridless","Gridless"
"Square","Square"
"Hexagonal Rows - Odd","Sexkantiga rader - udda"
"Hexagonal Rows - Even","Sexkantiga rader - rak linje"
"Hexagonal Columns - Odd","Sexkantiga kolumner - udda"
"Hexagonal Columns - Even","Sexkantiga kolumner - rak linje"
"Grid Size","Rutnätstorlek"
"Use ALT+Mousewheel or ALT+Up Arrow and ALT+Down Arrow to adjust the grid size.","Använd ALT + mushjul eller ALT + uppåtpil och ALT + nedåtpil för att justera rutnätets storlek."
"Grid Offset Position","Rutnätsposition"
"Use the Arrow Keys to shift the grid offset.","Använd piltangenterna för att flytta rutnätets förskjutning."
"Grid Scale","Rutnätsskala"
"Distance","Avstånd"
"Units","Rutenheter"
"Ambience and Atmosphere","Atmosfär"
"Configure additional integrations between this scene and Journal Entries, Audio Playlists, or Weather Effects.","Konfigurera ytterligare integrationer mellan den här scenen och journalposter, ljudspellistor eller vädereffekter."
"Details and Dimensions","Detaljer och dimensioner"
"Configure the basic details for this scene and permissions which control its visibility.","Konfigurera de grundläggande detaljerna för denna scen och behörigheter som styr dess synlighet."
"Grid Configuration","Rutnätskonfiguration"
"Configure the grid dimensions which are used to measure token movement in this scene.","Konfigurera rutmåtten som används för att mäta symbolrörelser i denna scen."
"Vision and Lighting","Syn and ljus"
"Configure the vision, lighting, and fog of war settings which apply to this Scene.","Konfigurera inställningarna för vision, belysning och krigsdimma som gäller för denna scen."
"Initial View Position","Initialvy"
"Capture Current View","Spara aktuell vy"
"Set a default camera position that is displayed the first time this Scene is viewed.","Ställ in en standardkameraposition som ska användas när du går in i scenen för första gången."
"Loading {name}","Laddar {name}"
"Navigation Name","Navigationsnamn"
"An alternative name for the Scene that is displayed in the Navigation Bar instead of the actual Scene name.","Ett alternativt scennamn som visas för spelarna i navigeringsfältet."
"Scene Notes","Scenanteckningar"
"Padding Percentage","Padding Procent"
"pixels","Pixels"
"Preload Scene","Förlastad scen"
"Scene Name","Scennamn"
"View Scene","Visa Scen"
"Journal Notes","Anteckningsbokspost"
"A linked Journal Entry which provides notes for the Game Master about this Scene.","En anteckningsbokspost för spelmastern som innehåller information om den här scenen."
"Playlist Sound","Spellista ljud"
"You may choose a specific Playlist Sound which should play when this Scene is active, otherwise the entire Playlist will play.","Du kan välja ett specifikt spellisteljud som ska spelas upp när den här scenen är aktiv, annars spelas hela spellistan."
"Navigation","Visa i navigering"
"Offset Background","Offset Bakgrund"
"Horizontal","Horisontell"
"Vertical","Vertikal"
"Token Vision","Figurvy"
"Restrict visibility within this Scene to the shared vision of all controlled Tokens. If disabled, the entire Scene is visible.","Begränsa synligheten i denna scen baserat på kontrollerade spelfigurer och deras syn."
"Toggle Navigation","Navigering av"
"units","Enheter"
"Weather Effect","Vädereffekt"
"Configure an active Weather Effect which is present within this Scene.","Ställ in de vädereffekter som gäller för den aktuella scenen."
"Configure Settings","Ändra inställningar"
"Controls Reference","Kontrollöversikt"
"View Documentation","Visa dokumentation"
"Invitation Links","Inbjudningslänkar"
"Manage Modules","Hantera moduler"
"View Active Modules","Visa aktiva moduler"
"Configure Game Settings","Ändra spelinställningar"
"Update Software","Uppdatera programvara"
"Log Out","Utloggning"
"User Management","Konfigurera spelare"
"Reset Defaults","Återställ till standardvärden"
"Save Changes","Spara ändringar"
"Return to Setup","Gå till installationen"
"General Information","Allmän information"
"Game Settings","Spelinställningar"
"Help and Documentation","Dokumentation"
"Game Access","Speltillgång"
"Community Wiki Pages","Community Wiki"
"Token Vision Animation","Token Vision Animation"
"Animate Token vision and light changes during Token movement animations. Disabling this will improve performance for lower-end machines.","Animera Token-vision och ljusförändringar under Token-rörelseanimationer. Inaktivera detta för att förbättra prestanda för maskiner med lägre prestanda."
"Light Source Animation","Ljuskälleanimering"
"Allow light source animations. Disabling this will improve performance for lower-end machines.","Tillåt ljuskällanimationer. Om du inaktiverar detta kommer prestandan att förbättras för maskiner med lägre prestanda."
"Disable Pixel Resolution Scaling","Inaktivera Pixelupplösningsskalning"
"Disable automatic scaling of the canvas resolution to the pixel density of the display device. This will result in a reduction in visual quality but an improvement in application performance for high-density displays.","Inaktivera automatisk skalning av dukupplösningen till bildskärmens pixeldensitet. Detta kommer att resultera i en minskning av den visuella kvaliteten men en förbättring av applikationsprestanda för skärmar med hög densitet."
"Language Preference","Språk"
"Change the displayed language for Foundry Virtual Tabletop.","Ändra visningsspråk för Foundry Virtual Tabletop."
"Left-Click to Release Objects","Vänsterklicka för att frigöra objekt"
"When enabled, a left click on empty canvas space will release any currently controlled objects. If disabled, objects are released by selecting an empty space, shift-clicking the object, or pressing the escape key.","När det är aktiverat, kommer ett vänsterklick på tomt dukutrymme att frigöra alla för närvarande kontrollerade objekt. Om det är avaktiverat frigörs objekt genom att välja ett tomt utrymme, skiftklicka på objektet eller trycka på Escape-tangenten."
"Disable Game Canvas","Inaktivera spelduk"
"The game canvas which provides a visual representation of the virtual tabletop can be disabled. This allows for low-end machines to use a subset of software features.","Spelduken som ger en visuell representation av den virtuella bordsskivan kan inaktiveras. Detta gör det möjligt för maskiner med lite resurser att använda en delmängd av programvarufunktioner."
"Enable Chat Bubbles","Aktivera pratbubblor"
"Configure whether or not chat bubbles will be displayed above Tokens for in-character and emote type chat messages.","Ställ in om pratbubblor för 'i spel' och emote-meddelanden visas ovanför tecknen."
"Pan to Token Speaker","Svep till pratbubblor"
"Configure whether to automatically pan the camera to a speaking token when it displays a chat bubble.","Ställ in om kameran automatiskt panorerar till en spelfigur när en pratbubbla dyker upp."
"Maximum Framerate","Högsta Framerate"
"Limit the maximum framerate at which Foundry Virtual Tabletop will render canvas updates. Lowering this value may improve application performance for less powerful hardware.","Begränsa den högsta framerate Foundry Virtual Tabletop kommer att använda för att uppdateringar duken. Att sänka detta värde kan förbättra applikationsprestanda för mindre kraftfulla maskiner."
"Zoomed Texture Antialiasing","Zoomad struktur antialiasing"
"Compute mipmaps to antialias sprite textures at lower levels of zoom. This is a client setting as different users may prefer different visual styles.","Beräkna mipkartor till antialias sprite-texturer vid lägre zoomnivåer. Detta är en klientinställning eftersom olika användare kanske föredrar olika visuella stilar."
"Enable Soft Shadows","Aktivera mjuka skuggor"
"Enable soft shadows for more beautiful dynamic lighting, or disable it for improved performance on machines with lower-end hardware.","Aktivera mjuka skuggor för vackrare dynamisk belysning eller inaktivera dem för förbättrad prestanda på system med äldre hårdvara."
"Core Settings","Grundinställningar"
"Module Settings","Modulinställningar"
"System Settings","Systeminställningar"
"Token Drag Vision","Token Drag Vision"
"When enabled, vision and lighting for a Token is previewed in real time during a left-click drag workflow. This is disabled by default because it may promote undesirable meta-gaming behaviors.","När det är aktiverat förhandsgranskas vision och belysning för en token i realtid under ett vänsterklicka på dragflöde. Detta är inaktiverat som standard eftersom det kan främja oönskade metaspelsbeteenden."
"Default Token Configuration","Standard Spelfigurskonfiguration"
"Configure Default Token Settings","Konfigurera standardinställningar för spelfigur"
"Configure default Token values for newly created Actors.","Konfigurera standardtokenvärden för nyskapade aktörer."
"Reset User role permission configuration to default values.","Återställ konfiguration av användarrolltillstånd till standardvärden."
"Updated User role permission configuration.","Uppdaterad konfiguration av behörighet för användarroll."
"Core Software Version","Programvaruversion"
"If an update to the core Foundry Virtual Tabletop software is available, you may apply it here. You are currently using version {coreVersion}.","Om en uppdatering för Foundry Virtual Tabletop är tillgänglig kan du uppdatera den här. Du använder för närvarande version {coreVersion}."
"Default Language","Standardspråk"
"You may choose a default language for the application by choosing a module which provides the core translation files for that language.","Du kan välja ett standardspråk för applikationen genom att välja en modul som innehåller de viktigaste översättningsfilerna för det språket."
"Software Configuration","Programvarukonfiguration"
"You must install a game System before you can create a new World","Du måste installera ett spelsystem innan du kan skapa en ny värld"
"Software Update","Programuppdatering"
"A {type} update to {channel} version {version} is now available!","En programuppdatering till {channel} version {version} är nu tillgänglig!"
"Configuration","Konfiguration"
"These fields customize the behavior of the Foundry Virtual Tabletop application. Changes will require the server to restart.","Följande inställningar ändrar beteendet hos Foundry Virtual Tabletop Server. Var försiktig när du gör ändringar. Du måste starta om programvaran för att dessa ändringar ska träda i kraft."
"Optimize Static Files","Optimera statiska filer"
"Reduce network traffic by serving minified static JavaScript and CSS files. Enabling this setting is recommended for most users, but module developers may wish to disable it.","Minska nätverkstrafik genom att skicka minifierade statiska JavaScript- och CSS-filer. Aktivera denna inställning rekommenderas för de flesta användare, men modulutvecklare kanske vill inaktivera den."
"Add-on Modules","Tilläggsmodul"
"Game Systems","Spelsystem"
"Configuration and Setup","Inställningar and Uppstart"
"Update Software","Uppdatera programvara"
"Update System","Uppdatera system"
"An update to the Core Software is available, Return to Setup in order to apply it!","Det finns en uppdatering av kärnprogramvaran, gå tillbaka till installationen för att tillämpa den!"
"An update to the System is available, Return to Setup in order to apply it!","Det finns en uppdatering av systemet, gå tillbaka till installationen för att tillämpa den!"
"Update All","Uppdatera alla"
"Software Update Channel","Programuppdateringskanal"
"You may choose an update channel to control the types of updates you wish to receive for the core Foundry Virtual Tabletop software. If you do not have a specific reason to change this, it is recommended to consume the Release channel.","Du kan välja en uppdateringskanal för att kontrollera vilken typ av uppdateringar du vill få för programvaran. Om det inte finns ett specifikt skäl att ändra rekommenderas släppkanalen."
"Update","Uppdatera"
"Check For Update","Sök efter uppdatering"
"Alpha (Unstable)","Alfa (instabil)"
"Beta (Release Candidate)","Beta (release-kandidat)"
"Release (Stable)","Release (stabil)"
"Checking the Force Update box will force your version to the requested channel. Do not use this option unless you know exactly what you are doing.","Om du markerar kryssrutan Force Update tvingas din version till den begärda kanalen. Använd inte det här alternativet om du inte vet exakt vad du gör."
"Uninstall","Avinstallera"
"Create World","Skapa värld"
"Delete World","Radera världen"
"Edit World","Redigera värld"
"Launch World","Starta värld"
"Game Worlds","Spelvärldar"
"Requires Update","Behöver uppdatering"
"Requires System Update","Kräver systemuppdatering"
"Requires Dependency","Kräver beroende"
"Requires Core Update","Kräver programuppdatering"
"Locking a Package prevents it from being uninstalled or updated","Att låsa ett paket förhindrar att det avinstalleras eller uppdateras"
"Updated version available at new installation URL","Uppdaterad version tillgänglig vid ny installations-URL"
"A newer version of ""{package}"" is available at a different installation URL. This happens when the package hosting location or the author has changed.","En nyare version av "" {package} "" är tillgänglig med en annan installations-URL. Detta händer när paketets värdplats eller författaren har ändrats."
"Prior Manifest URL (Version {version})","Tidigare manifest URL (version {version})"
"Updated Manifest URL (Version {version})","Uppdaterad Manifest URL (Version {version})"
"Would you like to switch to the new manifest URL? (this is recommended)","Vill du växla till den nya manifest-URL: en? (Detta rekommenderas)"
"Save Application Configuration","Spara programkonfiguration"
"Modifying these configuration options will cause the server to be shut down and require that you restart the server manually. Do you wish to continue?","Om du ändrar dessa konfigurationsalternativ stängs servern av och kräver att du startar om servern manuellt. Vill du fortsätta?"
"The Foundry Virtual Tabletop server has been terminated to apply changes. You must restart manually.","Foundry Virtual Tabletop-servern har avslutats för att tillämpa ändringar. Du måste starta om manuellt."
"Current Version","Aktuell version"
"Force Update?","Tvinga uppdatering?"
"Compatibility Unknown","Okänd kompatibilitet"
"Compatibility Risk","Kompatibilitetsrisk"
"Compatibility Risk ({version})","Kompatibilitetsrisk ({version})"
"Manifest URL","Manifest-URL"
"You can install any package by providing a direct link to its JSON manifest URL.","Du kan installera ett paket genom att ange länken till dess JSON-manifest."
"Install Module","Installera modul"
"Install System","Installera systemet"
"{type} {name} was installed successfully","framgångsrikt installerat"
"Installation failed: {message}","Installationen misslyckades. Se felmeddelandena i konsolen för mer information."
"Install World","Installera värld"
"uninstalled successfully","har avinstallerats"
"Uninstallation failed","Avinstallationen misslyckades. Se felmeddelandena i konsolen för mer information."
"updated successfully","uppdaterad framgångsrikt"
"Update failed","Uppdateringen misslyckades"
"Loading Available Packages","Laddar tillgängliga paket"
"Filter Packages","Filtrera paket"
"You can filter available packages by name.","Du kan filtrera tillgängliga paket genom att söka efter deras paketnamn eller titel."
"Package Categories","Paketkategorier"
"Installed","Installerad"
"Not Owned","Oägd"
"Package Name","Paketnamn"
"All Packages","Alla paket"
"Installed Only","Endast installerat"
"Uninstalled Only","Endast avinstallerat"
"{title} has {number} dependencies which are not yet installed.","Paketet du installerade har {number} beroenden som ännu inte är installerade."
"Install Package Dependencies","Installera paketberoende"
"You may not be able to use this package if these dependencies are not present. Do you wish to install them automatically?","Du kanske inte kan använda detta paket om dessa beroenden inte finns. Vill du installera dem automatiskt?"
"You have chosen not to install the required dependency packages for {title}. You will need to install them manually.","Du har valt att inte installera nödvändiga beroendepaket för {title}. Du måste installera dem manuellt."
"Successfully installed {title} and {number} dependencies.","Beroende på {title} och {number} beroenden."
"An update is available for {name} but cannot be installed because it requires core software version {vreq} and you are currently using version {vcur}.","En uppdatering är tillgänglig för {name} men kan inte installeras eftersom den kräver programvaruversion {vreq} och du för närvarande använder version {vcur}."
"Delete {type}: {title}","Radera {type}: {title}"
"Are you sure you want to delete the {type} <strong>{title}</strong>?","Är du säker på att du vill ta bort {type} <strong> {title} </strong>?"
"<strong>Warning:</strong> This will permanently delete your world content and <strong>can not</strong> be un-done. Are you sure you wish to do this?</strong>.","<strong> Varning: </strong> Detta tar bort ditt världsinnehåll permanent och <strong> kan inte </strong> avaktiveras. Är du säker på att du vill göra detta? </strong >. "
"Type the exact title of your world <strong>{title}</strong> in the box below to proceed.","Skriv den exakta titeln på din värld <strong> {title} </strong> i rutan nedan för att fortsätta."
"<strong>Warning:</strong> This operation cannot be un-done.","<strong> Varning: </strong> Denna åtgärd kan inte ångras."
"You must enter the exact World name to confirm the deletion request.","Du måste ange exakt världsnamn för att bekräfta borttagningsbegäran."
"Update","Uppdatera"
"Blocked","Blockerad"
"Update","Uppdatera"
"Current","Aktuell"
"Updating","Uppdaterar"
"Updated","Uppdaterad"
"Downloading Update","Hämtar uppdatering"
"Download Complete","Nedladdning klar"
"Extracting Update","Extraherar uppdatering"
"Extraction Complete","Extraktion slutförd"
"Cleaning Directory","Rengöringskatalog"
"Cleaning Complete","Rengöring klar"
"Installing Update","Installera uppdatering"
"Installation Complete","Installation slutförd"
"In order to update Foundry Virtual Tabletop you will need to be connected to the internet and have a valid software license.","För att uppdatera Foundry Virtual Tabletop behöver du en internetanslutning och en giltig programvarulicens."
"This update is a new major version of the Foundry Virtual Tabletop software. Installing this update will require some installed modules which may not yet be compatible to be disabled.","Den här uppdateringen är en ny större version av Foundry Virtual Tabletop-programvaran. Installationen av den här uppdateringen kräver vissa installerade moduler som kanske inte är kompatibla ännu för att inaktiveras."
"Download Update {version}","Hämta uppdatering {version}"
"An update to Foundry Virtual Tabletop version {version} is available!","En uppdatering till Foundry Virtual Tabletop version {version} är tillgänglig!"
"You are not allowed to update this instance of Foundry Virtual Tabletop because it was launched in --noupdate mode.","Du har inte tillåtelse att uppdatera den här instansen av Foundry Virtual Tabletop eftersom den startades i --noupdate-läge."
"No software update is currently available on the requested update channel.","Ingen programuppdatering är för närvarande tillgänglig på den begärda uppdateringskanalen."
"Package Update Log","Logg för paketuppdatering"
"Package","Paket"
"Version Change","Versionsbyte"
"World Data Migration Required","World Data Migration Required"
"<p>Launching the world <strong>{world}</strong> will migrate its data model from an older core software version {oldVersion} to the currently installed version {newVersion}.</p><p>As part of this process, <strong>{nIncompatible} out of {nModules} installed modules</strong> which may not yet be compatible with the new version will be automatically disabled. You may re-enable them manually if you wish.</p><p>Please check for any available updates to your game systems and modules, and please be sure to periodically back up your critical world data. Would you like to proceed?</p>","<p> Starta världen <strong> {world} </strong> kommer att migrera sin datamodell från en äldre programvaruversion {oldVersion} till den för närvarande installerade versionen {newVersion}. </p> <p> Som en del av denna process inaktiveras <strong> {nInkompatibel} av {nModules} installerade moduler </strong> som kanske ännu inte är kompatibla med den nya versionen automatiskt. Du kan återaktivera dem manuellt om du önskar. </p> <p> Kontrollera om det finns tillgängliga uppdateringar till dina spelsystem och moduler och var noga med att säkerhetskopiera dina kritiska världsdata med jämna mellanrum. Vill du fortsätta? </p> "
"Foundry Virtual Tabletop &bull; Administrator Access","Foundry Virtual Tabletop &bull; Administratorsåtkomst"
"Administrator Password","Administratörsåtkomstnyckel"
"You must provide the administrator password in order to access application setup.","Du måste ange administratörslösenordet för att komma åt applikationsinställningar."
"You may assign a special administrator password which is required in order to access this setup screen.","Du kan definiera en specialnyckel som krävs för att komma åt denna konfigurationssida."
"Admin Log Out","Admin-utloggning"
"AWS Configuration Path","AWS-konfigurationsväg"
"You may provide an AWS configuration file for S3 integration. The path is absolute or relative to the Config subdirectory of user data.","Du kan definiera en AWS-konfigurationsfil för S3-integrationen. Sökvägen är absolut eller relativt konfigurationsunderkatalogen för användardata."
"Port","Port"
"You may choose which port Foundry Virtual Tabletop uses for TCP connection traffic and enable or disable Universal Plug and Play (UPnP).","Du kan ange vilken port Foundry Virtual Tabletop använder för TCP-anslutningar. Du kan också använda Universal Plug and Play (UPnP)."
"Enable UPnP?","Använd UPnP?"
"User Data Path","Användardatasökväg"
"Configure the location where your user data including worlds, systems and modules are stored.","Bestäm var dina användardata inklusive världar, system och moduler sparas."
"Default World","Standardvärld"
"You may choose one of your available worlds to automatically launch when the software is started.","Du kan starta en av dina världar automatiskt med programvaran."
"SSL Certificate","SSL-certifikat"
"SSL Private Key","Privat SSL-nyckel"
"You may run the server using secure socket layer (SSL) encryption by providing paths to certificate and key files. Paths are absolute or relative to the Config subdirectory in user data.","Du kan använda servern med SSL-kryptering (Secure Socket Layer) genom att spara sökvägarna till certifikatet och nycklarna."
"JavaScript","JavaScript"
"CSS","CSS"
"Compendium","Kompendium"
"Localization","Lokalisering"
"Version","Version"
"Core Version","Foundryversion"
"Current Players","Aktuella spelare"
"Join Game Session","Gå med i spelsession"
"Game Details","Speldetaljer"
"Return to Setup","Återgå till installationen"
"World Description","Världsbeskrivning"
"Next Session","Nästa session"
"Select User","Välj användare"
"User Password","Användarlösenord"
"You are authenticated as a server administrator user.","Du är autentiserad som serveradministratörsanvändare."
"The requested User, ""{user}"", does not exist!","Den begärda användaren, ""{user}"", finns inte!"
"Invalid password provided for {user}!","Ogiltigt lösenord för {user}!"
"{user} does not have permission to access this World!","{user} har inte behörighet att komma åt denna värld!"
"Login as {user} successful, joining game!","Logga in som {user} framgångsrikt, gå med i spelet!"
"This Sheet","This Sheet"
"Default Sheet","Standardark"
"Override which sheet type you would like to use for this specific entity.","Välj vilken arktyp du vill använda för just denna enhet."
"Set the default sheet type used for this entity type (GM Only).","Ställ in standardarktyp för den här enhetstypen (endast SL)."
"You do not have sufficient permissions to view this entity sheet.","Du har inte tillräckliga behörigheter för att visa detta entitetsblad."
"Save Sheet Configuration","Spara arkkonfiguration"
"View Character Artwork","Visa karaktärsbild"
"Collapse or Expand","Kollapsa / expandera"
"Delete","Radera"
"This {type} will be permanently deleted and cannot be recovered.","Denna {type} raderas permanent och kan inte återställas."
"Duplicate","Duplicera"
"Export Data","Exportera data"
"Ambient Sound Configuration","Konfiguration av omgivande ljud"
"Configure the ambient sound to play an audio file when tokens move within it's radius.","Konfigurera det omgivande ljudet för att spela upp en ljudfil när tokens rör sig inom dess radie."
"Create Ambient Sound","Skapa omgivande ljud"
"Update Ambient Sound","Uppdatera omgivande ljud"
"Source File Path","Källfilens sökväg"
"path/to/audio.mp3","sökväg / till / audio.mp3"
"Effect Radius","Effektradie"
"Sound Type","Ljudtyp"
"Local Sound","Lokalt ljud"
"Global Sound","Globalt ljud"
"Volume Easing","Volymavlastning"
"Adjust the volume level of the sound as Tokens move closer to the origin.","Justera volymnivån för ljudet när poletterna närmar sig ursprunget."
"Maximum Volume","Maximal volym"
"Define the maximum volume of the sound at it's origin point (if easing) or everywhere in the area.","Definiera ljudets maximala volym vid dess utgångspunkt (om det blir lättare) eller överallt i området."
"New Sound","Nytt ljud"
"Darkness Activation Range","Mörkeraktiveringsintervall"
"You may specify a range of darkness levels during which this ambient sound will be audible.","Du kan ange ett intervall av mörkernivåer under vilket detta omgivande ljud hörs."
"Clear Folder","Tom mapp"
"Folder Color","Mappfärg"
"Create Folder","Skapa mapp"
"Collapse All Folders","Dölj alla mappar"
"Delete All","Radera alla"
"This folder and its contents will be permanently deleted and cannot be recovered.","Den här mappen och dess innehåll kommer att raderas permanent och kan inte återställas."
"Edit Folder","Redigera mapp"
"Export to Compendium","Exportera till kompendium"
"Folder Name","Mappnamn"
"Remove Folder","Ta bort mapp"
"This folder will be permanently deleted and its contents will be moved to its parent folder.","Den här mappen raderas permanent och dess innehåll flyttas till mappen ovanför."
"Alphabetical","Alfabetisk"
"Manual","Manuell"
"Sorting Mode","Sorteringsläge"
"Update Folder","Uppdatera ordning"
"Export Content","Exportera innehåll"
"You may export contained entities from this folder into an unlocked Compendium pack of the appropriate type.","Du kan exportera innehållna enheter från den här mappen till ett olåst kompendium-paket av lämplig typ."
"Destination Pack","Destinationspack"
"Merge By Name?","Slå ihop efter namn?"
"There are no unlocked compendium packs available for {type} entities which you can export to.","Det finns inga olåsta kompendiepaket tillgängliga för {type} enheter som du kan exportera till."
"Create Rollable Table","Skapa rullbar tabell"
"Create a new Rollable Table entity using the contents of this Folder as table results?","Skapa en ny enhet för rullbar tabell med innehållet i den här mappen som tabellresultat?"
"None","Ingen"
"Limited","Begränsad"
"Observer","Observatör"
"Owner","Ägare"
"Default","Standard"
"No Change","Ingen förändring"
"All Players","Alla spelare"
"Configure Permissions","Ändra rättigheter"
"Open Permission Configuration","Konfiguration av öppna rättigheter"
"Fine tune the permitted actions which are allowed to Users for each role.","Definiera vilka åtgärder användare med olika roller får tillåtas."
"Permission Configuration","Rättighetskonfiguration"
"Configure which User role has permission to perform which action. Note that some actions cannot be disabled for Game Master users. Some changes may not take effect until the game is reloaded.","Bestäm vilken användarroll som har rätt att utföra vilken åtgärd. Vissa åtgärder kan inte inaktiveras för spelmastern. Vissa ändringar tillämpas bara efter att spelet har startats om."
"Configure access for all Entities within this Folder. Changes will be applied to all contained Entities, excluding the contents of sub-folders.","Konfigurera åtkomst för alla enheter i den här mappen. Ändringar kommer att tillämpas på alla innehållna enheter, exklusive innehållet i undermapparna."
"Configure access to this specific Entity, allowing each User to be assigned a different level of visibility.","Konfigurera åtkomst till denna specifika enhet, så att varje användare kan tilldelas en annan synlighetsnivå."
"Permission","Rättighet"
"User Role Permissions","Användarrättigheter"
"Reset Defaults","Återställ till standard"
"Save Configuration","Spara konfiguration"
"Allow Broadcasting Audio","Tillåt ljudöverföring"
"Allow players with this role to broadcast audio when using A/V chat integration.","Tillåt användare med den här rollen att sända ljud när de använder A / V-chattintegration."
"Allow Broadcasting Video","Tillåt videoöverföring"
"Allow players with this role to broadcast video when using A/V chat integration.","Tillåt användare med den här rollen att sända video när de använder A / V-chatintegration."
"Create New Actors","Skapa nya karaktärer"
"Allow players with this role to create new Actors in the World.","Tillåt användare med den här rollen att skapa nya karaktärer i världen."
"Use Drawing Tools","Använd ritverktyg"
"Allow players with this role to create Drawings using the drawing tools.","Tillåt användare med den här rollen att skapa ritningar med ritverktygen."
"Create New Items","Skapa nya objekt"
"Allow players with this role to create new Items in the World.","Tillåt användare med den här rollen att skapa nya objekt i världen."
"Use File Browser","Bläddra bland filer"
"Allow players with this role to browse through available files in the File Browser.","Tillåt användare med den här rollen att använda filhanteraren för att söka efter filer."
"Upload New Files","Ladda upp nya filer"
"Allow players with this role to upload content to the server using the File Browser.","Tillåt användare med denna roll att använda filhanteraren för att ladda upp nya filer."
"Create Journal Entries","Skapa nya anteckningsboksposter"
"Allow players with this role to create new Journal Entries in the Journal sidebar.","Tillåt användare med den här rollen att skapa nya anteckningsböcker i sidofältet."
"Use Script Macros","Använd skriptmakron"
"Allow players with this role to use JavaScript macros which access the API.","Tillåt användare med den här rollen att köra JavaScript-makron som har åtkomst till API."
"Whisper Private Messages","Viska privata meddelanden"
"Allow players with this role whisper private messages that the Game Master cannot see.","Tillåt användare med denna roll att viska privata meddelanden som SL inte kan se."
"Create Map Notes","Skapa kartanmärkningar"
"Allow users with this role to create Note objects from Journal Entries which they own.","Tillåt användare med den här rollen att skapa anteckningsobjekt från journalposter som de äger."
"Modify Configuration Settings","Ändra spelinställningar"
"Allow players with this role to modify game settings and enable or disable modules.","Låt användare med den här rollen ändra spelinställningar och slå på / stänga av moduler."
"Display Mouse Cursor","Visa muspekaren"
"Display the position of the player's mouse cursor which illustrates where the user is looking on the canvas.","Visa användarens muspekare för att se var han letar."
"Display Ruler Measurement","Visa mätning av linjal"
"Display measurement using the ruler tool to other connected players.","Visa mätning med linjalverktyget för andra anslutna spelare."
"Create Measured Template","Skapa mätmallar"
"Allow players with this role to create templates for area-of-effect measurement.","Tillåt användare med denna roll att skapa mallar för effektiva områden."
"Create New Tokens","Skapa nya spelfigurer"
"Allow players with this role to place Tokens for Actors they own on the game canvas.","Tillåt användare med den här rollen att placera figurer av sina egna karaktärer i scenen."
"Configure Token Settings","Ändra figurinställningar"
"Allow players with this role to configure the settings for Tokens that they own.","Tillåt användare med den här rollen att ändra inställningarna för sina egna spelfigurer."
"Open and Close Doors","Öppna och stäng dörrar"
"Allow players with this role interact with doors defined on the Walls Layer.","Tillåt användare med denna roll att interagera med dörrar som har definierats på väggnivå."
"Import Data","Importera data"
"Create Scene","Skapa scen"
"Search Scenes","Sök scener"
"Chat Log","Chatprotokoll"
"Combat Tracker","Stridshanterare"
"Scenes Directory","Scenkatalog"
"Actors Directory","Karaktärskatalog"
"Items Directory","Saklista"
"Journal Entries","Anteckningar för anteckningsböcker"
"Audio Playlists","Ljudspellistor"
"Compendium Packs","Kompendium-paket"
"Game Settings","Spelinställningar"
"Rollable Tables","Tärningstabeller"
"View Token Artwork","Visa bild av figuren"
"Jump To Pin","Hoppa till pin"
"Animate Roll Tables?","Animera tärningstabeller?"
"Configure whether to display a roulette-style animation when drawing from a Roll Table.","Ställ in om en roulette-animation ska visas när en tärningstabell ritas."
"Create Table","Skapa tabell"
"Table Description","Tabellbeskrivning"
"Display Roll to Chat?","Visa slag i chatten?"
"Roll Table Formula","Tärningstabellsformel"
"Search Tables","Sök tabell"
"Table Configuration","Tärningstabellinställningar"
"Normalize Result Weights","Normalisera resultatviktning"
"Draw with Replacement?","Dra med ersättning?"
"Reset","Återställ"
"Add New Result","Lägg till nytt resultat"
"Result Type","Resultattyp"
"Result Details","Resultatinformation"
"Result Description","Resultatbeskrivning"
"Delete Result","Radera resultat"
"Weight","Vikt"
"Range","Avstånd"
"Roll","Rulla"
"Toggle Drawn Status","Växla släpstatus"
"Update","Uppdatera"
"Cone Template Type","Konmalltyp"
"Choose how the area of effect for cone templates should be defined.","Välj hur det effektiva området för konmallen definieras."
"Flat","Flat"
"Round","Rund"
"Tile Configuration","Brick-konfiguration"
"Basic","Grundläggande"
"Configure this tile sprite which is displayed above the Scene background.","Konfigurera denna brickplatta som visas ovanför scenbakgrunden."
"Overhead","Förgrund"
"Additional attributes which apply if the Tile is overhead in the Foreground.","Ytterligare attribut som gäller om brickan ligger i förgrunden."
"Animation","Animering"
"Additional attributes which apply if the Tile uses an animated video texture.","Ytterligare attribut som gäller om brickan använder en animerad videotextur."
"Tile Image or Video","Kakelbild eller video"
"Tile Opacity","Brickas ogenomskinlighet"
"Tint Color","Färgton"
"Is Overhead?","Är Förgrund?"
"Occlusion Mode","Ocklusionsläge"
"None (Always Visible)","Ingen (alltid synlig)"
"Fade (Entire Tile)","Fade (Hela brickan)"
"Roof (Blocks Vision and Lighting)","Tak (blockerar syn och belysning)"
"Radial (Surrounding Token)","Radial (omgivande spelfigur)"
"Occlusion Alpha","Ocklusion Alpha"
"Loop Video","Loop Video"
"Autoplay Video","Autoplay Video"
"Video Volume","Videovolym"
"Assign Token","Tilldela karaktär"
"You must select one existing Token to assign as the new prototype configuration.","Du måste välja en befintlig spelfigur att tilldela som den nya prototypkonfigurationen."
"Updated prototype Token configuration for {name}","Uppdaterad prototypkonfiguration för spelfiguren för {name}"
"Attribute Bars","Attributfält"
"Single Values","Individuella värden"
"Represented Actor","Karaktärsaktör"
"Token Disposition","Disposition"
"Configure which Actor this Token is associated with.","Ställ in vilket karaktär denna spelfigur tilldelas."
"Link Actor Data","Länka till spelfigur"
"Token Name","Namn"
"Display Name","Visa namn"
"Alternate Actor Tokens","Alternativa karaktärsfigurer"
"Configure the Token image and its displayed size and scale.","Ställ in bilden på figuren och dess visningsstorlek."
"Token Image Path","Bildväg"
"Mirror Image Horizontally","Vänd bild horisontellt"
"Mirror Image Vertically","Vänd bild vertikalt"
"Token Opacity","Spelfigurs genomskinlighet"
"Configure the Token's position, orientation, and elevation.","Ställ in position, orientering och höjd på figuren."
"Lock Rotation","Lås rotation"
"Randomize Wildcard Images","Slumpmässig bild från platshållare"
"Configure the resource bars which are tracked for the Token.","Ställ in resursfält som ska spåras för tecknet."
"Bar 1 Attribute","Attribut Bar 1"
"Bar 1 Data","Bar 1 data"
"Bar 2 Attribute","Attribut Bar 2"
"Bar 2 Data","Bar 2 data"
"Display Bars","Visa staplar"
"Token Configuration","Figurinställningar"
"Prototype Token","Prototypfigur"
"Tint Color","Färgton för färg"
"Update Token","Uppdatera figur"
"Configure the vision capability and light emission of this Token.","Ändra sikten och ljuseffekten för denna figur."
"Has Vision","Har syn"
"Bright Vision","Ljus vy"
"Dim Vision","Skymningsvy"
"Sight Angle","Visningsvinkel"
"This Token references an Actor which no longer exists within the World.","Denna spelfigur refererar till en aktör som inte längre finns i världen."
"You do not own any Token with vision in this Scene","Du äger ingen spelfigur med vision i den här scenen"
"Hostile","Fientlig"
"Neutral","Neutral"
"Friendly","Vänlig"
"Never Displayed","Visas aldrig"
"When Controlled","När kontrollerad"
"Hovered by Owner","Hovered av ägaren"
"Hovered by Anyone","Hovered av alla"
"Always for Owner","Alltid för ägare"
"Always for Everyone","Alltid för alla"
"None","Ingenting"
"Player","Spelare"
"Trusted Player","Betrodd spelare"
"Assistant GM","SL Assistent"
"Game Master","Spelledare"
"Password","Åtkomstnyckel"
"User Role","Användarroll"
"User Name","Användarnamn"
"Show Password","Visa åtkomstnyckel"
"Create Additional User","Skapa ny användare"
"Delete User","Radera användare"
"Save and Return","Starta spelsession"
"User Management","Hantera spelare"
"Game users updated successfully, returning to the game World.","Spelanvändare uppdaterades framgångsrikt och återvände till spelet World."
"You must have at least one Game Master user within your World.","Du måste ha minst en Spelledar-användare inom din värld."
"This user will be permanently deleted from the game world.","Den här användaren raderas permanent från spelvärlden."
"You are about to delete a Game Master user!","Du håller på att radera en Spelledar-användare!"
"Wall Configuration","Väggkonfiguration"
"Wall Configuration [Multiple]","Väggkonfiguration [flera]"
"Customize how this wall segment restricts movement or senses.","Ändra hur detta väggsegment begränsar rörelse eller sinnen."
"Wall Coordinates","Vägg-koordinater"
"Movement Restrictions","Rörelsebegränsning"
"Sight Restriction","Siktbegränsning"
"Sound Restriction","Ljudbegränsning"
"Wall Direction","Wall direction"
"Is Door?","Är dörr?"
"Door State","Dörrtillstånd"
"Update Wall","Uppdatera vägg"
"World Details","Världsinformation"
"World Description","Världsbeskrivning"
"Audio/Video Configuration","Ljud- / videokonfiguration"
"Configure Audio/Video","Konfigurera ljud / video"
"Configure settings specific to the integrated Audio/Video WebRTC component","Ändra inställningarna för den integrerade ljud / video WebRTC-komponenten"
"<Unknown Device>","<Okänd enhet>"
"Video Capture Device","Videoupptagningsenhet"
"Select which video capture device you wish to use, if any.","Välj om och vilken videoinspelningsenhet du vill använda."
"Audio Capture Device","Ljudinspelningsenhet"
"Select which audio capture device you wish to use, if any.","Välj om och vilken ljudinspelningsenhet du vill använda."
"Audio Output Device","Ljudutmatningsenhet"
"Select which audio output device you wish to use.","Välj vilken ljudutmatningsenhet du vill använda."
"Audio/Video communication was unable to start because one of the configured input devices was unavailable.","Ljud- / videokommunikation kunde inte startas eftersom en av de konfigurerade inmatningsenheterna inte var tillgänglig."
"Disable Sending Camera","Ingen videoinspelning"
"Disable Sending Audio","Ingen ljudinspelning"
"Disable Audio Output","Ingen ljudutgång"
"Default Device","Standardenhet"
"Unavailable Device (will use Default)","Otillgänglig enhet (använder standard)"
"Choose Signalling Server","Välj signalserver"
"Signalling Server URL","Signaleringsserver-URL"
"Foundry VTT","Foundry VTT"
"Custom Server","Egen server"
"Signalling Server Username","Signaleringsserver användarnamn"
"Signalling Server Password","Signaleringsserverlösenord"
"Relay Server Configuration","Reläserver"
"Provided by Signalling Server","Tillhandahålls av signalservern"
"Custom Relay Server","Egen relayserver"
"Relay Server URL","Reläserver-URL"
"Relay Server Username","Reläserverns användarnamn"
"Relay Server Password","Reläserverlösenord"
"General","Allmänt"
"Devices","Enheter"
"Server","Server"
"General Audio/Video Conferencing Settings can only be modified by the GM","Allmänna inställningar för ljud / videokonferenser kan endast ändras av SL"
"Audio/Video Conferencing Mode","Ljud- / videokonferensläge"
"Only a Game Master user may change this setting, which will require Foundry VTT to reload.","Endast en SL kan ändra denna inställning. En omstart av Foundry VTT krävs."
"Disabled","Inaktiverad"
"Audio Only","Endast ljud"
"Video Only","Endast video"
"Audio/Video Enabled","Ljud / video aktiverat"
"Toggle video","Växla video"
"Configure Settings","Ändra inställningar"
"Send to Dock","Skicka till Dock"
"Pop out","Pop out"
"Push-to-Talk/Mute Key","Push-to-Talk / Mute-knapp"
"Assign a keyboard key which, in PTT mode, enables voice while held. If not in PTT mode, the same key mutes while pressed.","Tilldela en tangent som i PTT-läge aktiverar ljudöverföring så länge den hålls. Med deaktiverad PTT-läge stängs samma tangent av så länge den trycks in."
"Voice Broadcasting Mode","Röstöverföringsläge"
"Choose how your voice is broadcast in AV calls.","Välj hur din röst ska sändas under A / V-chattar."
"Always Enabled","Alltid aktiverad"
"Voice Activation","Röstaktivering"
"Push-to-Talk","Push-to-Talk"
"Allow User Video","Tillåt video"
"Block User Video","Blockera video"
"Allow User Audio","Tillåt ljud"
"Block User Audio","Blockera ljud"
"Enable Your Video","Mer aktiv video"
"Disable Your Video","Inaktivera video"
"Enable Your Audio","Aktivera ljud"
"Mute Your Audio","Inaktivera ljud"
"Mute Others' Audio","Stäng av andras ljud"
"Unmute Others' Audio","Stäng inte av andras ljud"
"Show Players List","Visa spelarlista"
"Hide Players List","Dölj spelarlista"
"Cycle Video Size","Ändra videostorlek"
"Unable to capture from your Audio devices; Sharing Video only","Ljudinspelningen fungerar inte; bara skicka video"
"Unable to capture from your Video devices; Sharing Audio only","Videoinspelningen fungerar inte; bara skicka ljud"
"Unable to capture from your Audio & Video devices","Varken ljud- eller videoinspelning fungerar"
"Unable to capture from your Video devices","Videoinspelningen fungerar inte"
"Unable to capture from your Audio devices","Varken ljud- eller videoinspelning fungerar"
"Error connection to Audio/Video Signalling Server","Fel vid anslutning till A / V-signaleringsservern"
"Lost connection to the Audio/Video Signalling server. Trying to re-establish connection.","Anslutning till A / V-signaleringsservern förlorad. Ett försök kommer att göras att återupprätta anslutningen."
"WebRTC Error : ","WebRTC-fel:"
"You cannot use Audio/Video calls unless your Foundry VTT server is using SSL certificates. See the online documentation for instructions.","Du kan inte göra ljud- / videokonferenser om inte din Foundry VTT-server använder SSL-certifikat. Instruktioner finns i online-dokumentationen."
"You cannot enable your camera because you do not have permission to broadcast your video feed.","Du kan inte aktivera din kamera eftersom du inte har behörighet att sända ditt videoflöde."
"You cannot enable your microphone because you do not have permission to broadcast your audio feed.","Du kan inte aktivera din mikrofon eftersom du inte har behörighet att sända ditt ljudflöde."
"World Title","Världstitel"
"Data Path","Sökväg till Data"
"Game System","Spelsystem"
"Background Image","Bakgrundsbild"
"Next Session","Nästa session"
"Reset Active Modules","Återställ aktiva moduler"
"Reset User Passwords","Återställ användarlösenord"
"Launch in Safe Configuration","Starta i säkert läge"
"Disables all modules and active scenes, and stops any playing audio","Inaktiverar alla moduler och aktiva scener samt stoppar alla ljuduppspelningar"
"World Description","World Description"