"en","zh-tw"
"Activate","啓動"
"Angle","角度"
"Author","作者"
"Are You Sure?","你確定嗎？"
"and","及"
"Between","範圍："
"Cancel","取消"
"Character","角色"
"Configure","設定"
"Command","指令"
"Close","關閉"
"Degrees","角度"
"Default","預設"
"Delete","删除"
"Description","描述"
"Distance","距離"
"Direction","方向"
"Documentation","文件"
"Duplicate","複製"
"Error","錯誤"
"Grid Units","單位"
"Install","安裝"
"Elevation","高度"
"Foundry Virtual Tabletop","Foundry Virtual Tabletop"
"File Path","檔案位置"
"Height","高度"
"Hidden","隱藏，"
"Hold","抓住"
" Name"," 名稱"
"No","否"
"Notes","筆記"
"Preload","預載"
"Token","Token"
"Minimum","最小值"
"Maximum","最大值"
"Image","圖片"
"None","沒有"
"Path","位置"
"Packs","包"
"Permissions","許可"
"Position","位置"
"Pixels","像素"
"Ratio","比率"
"Resources","資源"
"Result","結果"
"Rotation","旋轉"
"Roll Formula","擲骰公式"
"Commit Changes","提交變更"
"Reset Changes","還原變更"
"Save Changes","儲存變更"
"Scale","比例"
"Scope","範圍"
"Seconds","秒"
"Sheet","卡範本"
"System","系統"
"Software","軟件"
"Template","模板"
"Type","類型"
"Uninstall","移除"
"Update","更新"
"URL","URL"
"Vision","視角"
"Warning","警告"
"Width","寬度"
"X-Coordinate","X坐標"
"Y-Coordinate","Y坐標"
"Yes","是"
"Actors Directory","角色目錄"
"Create Actor","新增角色"
"Search Actors","搜尋角色"
"Are you sure you want to exit the Foundry Virtual Tabletop game?","你確定想要退出Foundry Virtual Tabletop嗎？"
"Clear Chat Log","清除記錄"
"Export Chat Log","導出記錄"
"Flush Chat Log","對齊聊天記錄"
"All messages within the chat log will be permanently deleted.","<h3>確定嗎？</h3><p>所有聊天記錄都會被清除。</p>"
"{command} is not a valid chat message command.","{command}不是正確的聊天指令。"
"Chat Log","聊天記錄"
"To","對"
"Pop Out Message","彈出信息"
"Reveal To Everyone","所有人可見"
"Make Private","改爲非公開"
"Blind GM Roll","僅GM"
"Default Roll Mode","預設"
"Public Roll","公開"
"Private GM Roll","非公開"
"Self Roll","僅自己"
"Rollable Tables","隨機表"
"{user} privately rolled some dice","{user} 進行了暗骰"
"Begin Combat","開始戰鬥"
"Create Encounter","新增戰鬥遭遇"
"Delete Encounter","删除戰鬥遭遇"
"Encounter","戰鬥遭遇"
"Activate Previous Encounter","啓用上個遭遇"
"Activate Next Encounter","啓用下個遭遇"
"End Combat","結束戰鬥"
"Roll Initiative","先攻擲骰"
"Reset Initiative","重置先攻"
"End Combat Encounter?","結束戰鬥遭遇？"
"End this combat encounter and empty the turn tracker?","結束戰鬥遭遇並清空回合追踪器？"
"No Active Encounter","無啓用遭遇"
"There is no active Combat Encounter in your currently viewed Scene.","在你目前查看的場景中沒有啓用的戰鬥遭遇。"
"There are no Combatants remaining in this Encounter which are not defeated.","這次遭遇中沒有剩下沒有戰敗的參戰者。"
"Not Started","未開始"
"Tracked Resource","追踪資源"
"Choose an attribute to track for each combatant.","爲每位參戰者選擇一種屬性來追踪。"
"Round","戰鬥輪"
"Rounds","戰鬥輪"
"Previous Round","上一輪"
"Next Round","下一輪"
"Roll NPCs","NPC擲先攻"
"Roll All","全體擲先攻"
"{name} rolls for Initiative!","{name} 骰先攻！"
"Combat Tracker Settings","戰鬥板設定"
"Save Tracker Settings","儲存戰鬥板設定"
"Skip Defeated?","忽略戰敗"
"Automatically bypass combatants marked as defeated?","自動忽略已被標記爲戰敗的參戰者。"
"Toggle Visibility","切換可見"
"Mark Defeated","標記戰敗"
"Turn","回合"
"Turns","回合"
"End Turn","結束回合"
"Next Turn","下一回合"
"Previous Turn","上一回合"
"Unknown Combatant","未知參戰者"
"Represented Actor","代表角色"
"Create Combatant","新增參戰者"
"Defeated","戰敗"
"Hidden","隱藏"
"Thumbnail Image","縮圖"
"Initiative Value","先攻值"
"Combatant Status","參戰者狀態"
"Update Combatant","更新參戰者"
"Displayed Name","顯示名稱"
"Remove Combatant","移除參戰者"
"Clear Initiative","清空先攻"
"Re-roll Initiative","重擲先攻"
"Represented Token","連結Token"
"The Combatant {name} is not present in your currently viewed Scene","您當前查看的場景中不存在參戰者 {name}"
"Compendium Name","合集名"
"Create Compendium","新增合集"
"Create a new Compendium pack in your current World.","在當前世界中新增一個合集。"
"Delete Compendium","删除合集"
"This Compendium Pack will be permanently deleted and cannot be recovered.","該合集包將被永久刪除且無法恢復。"
"Delete Entry","删除條目"
"This Compendium entry and its data will be permanently deleted.","該合集條目及其資料將被永久刪除。"
"Duplicate Compendium","複製合集"
"New Compendium Title","新增合集標題"
"You may duplicate this compendium into your World to have a local copy of its content which is safe to edit.","你可以將此合集作爲一個本地拷貝複製到你的世界。"
"You must provide a title to create a World Compendium pack.","你必須填寫標題才能新增世界合集。"
"Import All Content","導入全部內容"
"All of the content from this Compendium pack will be imported into your World to a Folder which you may name.","該合集的所有內容將被導入你的世界中一個可命名的文件夾內。"
"Importing {number} {type} entries into the {folder} folder. Please be patient.","導入{number}條{type}條目到{folder}文件夾中。請耐心等待。"
"Successfully imported {number} {type} entries into the {folder} folder.","已成功導入{number}條{type}條目到{folder}文件夾內。"
"Import Entry","導入條目"
"Document Type","條目類型"
"Each Compendium pack contains a specific type of Document.","每個合集包含一個特定的條目類型。"
"Toggle Visibility","切換可見"
"Toggle Edit Lock","切換編輯鎖定"
"You are attempting to unlock for editing a compendium that does not belong to this World. Any changes you make in this compendium pack may be lost if the system or module which owns it is updated. You may wish to duplicate the compendium to your world instead. Do you wish to proceed?","解鎖這個（不屬於該世界的）合集將使之可被編輯。然而，當包含此合集的系統或MOD有任何變更時，你對該合集的改動可能會丟失。你可以考慮複製此合集到你的世界中作爲替代。你依然想要解鎖嗎？"
"Game Controls Reference","遊戲控制參考"
"This form describes common keyboard and mouse commands used to control various aspects of the Foundry Virtual Tabletop environment. Some controls are only available to a Game Master user, those are highlighted in light purple.","該表單描述了用於控制FVTT環境各個方面的通用鍵盤和鼠標指令。某些操作僅適用於GM用戶，這些操作以淺紫色突出顯示。"
"Token Controls","Token控制"
"Select Tokens","選擇Token"
"Select Targets","選擇目標"
"Measure Distance","測量距離"
"Measurement Controls","測量控制"
"Template Type","模板類型"
"Border Color","邊框顏色"
"Configure the placement and display of the measurement template.","設定測量模板的放置和顯示."
"Circle Template","圓形範本"
"Cone Template","錐形範本"
"Rectangle Template","矩形範本"
"Ray Template","線形範本"
"Clear Templates","清除範本"
"Template Texture","模板紋理"
"Tile Controls","圖塊控制"
"Select Tiles","選擇圖塊"
"Place Tile","放置圖塊"
"Foreground Layer","前景層"
"Tile Browser","圖塊檢視器"
"Drawing Tools","繪製控制"
"Select Drawings","選擇繪製"
"Draw Rectangle","繪製矩形"
"Draw Ellipse","繪製橢圓"
"Draw Polygon","繪製多邊形"
"Draw Freehand","自由繪製"
"Draw Text","繪製文字"
"Clear Drawings","清除繪製"
"Configure Drawing","設定繪製"
"Wall Controls","牆體"
"Draw Walls","普通牆"
"Invisible Walls","隱形牆"
"Terrain Walls","地形牆"
"Ethereal Walls","幽靈牆"
"Draw Doors","門"
"Secret Doors","密門"
"Rectangular Select Walls","框選牆體"
"Force Snap to Grid","强制網格吸附"
"Clone Walls","複製牆體"
"Clear Walls","清除牆體"
"Lighting Controls","光線控制"
"Draw Light Source","繪製光源"
"Clear Lights","清除光源"
"Reset Fog of War","重置戰爭迷霧"
"Transition to Daylight","過渡到白天"
"Transition to Darkness","過渡到夜晚"
"Reset Fog of War Exploration?","重置已探索的戰爭迷霧？"
"This will reset fog of war for this Scene for all players.","這將重置所有玩家在該場景內的戰爭迷霧。"
"Ambient Sound Controls","環境音控制"
"Draw Ambient Sound","新增環境音"
"Preview Ambient Sounds","預覽環境音"
"Clear Sounds","清除音效"
"Journal Notes","日誌筆記"
"Select Notes","選擇筆記"
"Toggle Notes Display","切換筆記顯示"
"Clear Notes","清除筆記"
"Clear All Objects","清除所有對象"
"Permanently delete all {type} objects from this Scene?","是否清除該場景內所有{type}對象？"
"General Game Controls","基礎遊戲控制"
"These controls generally apply across all aspects of Foundry functionality.","這些操作通常適用於Foundry功能的所有方面。"
"Canvas Layer Controls","畫布圖層控制"
"These controls apply when interacting with a specific Canvas layer.","這些操作適用於與特定的畫布圖層交互時。"
"Placeable Object Controls","可放置對象控制"
"These controls apply when interacting with an Object placed on the Canvas.","這些操作適用於與放置在畫布上的對象交互時。"
"Specialized Controls","特定控制"
"These controls apply only during specific interactions.","這些操作僅適用於特定的交互。"
"Mouse Controls","鼠標控制"
"Keyboard Controls","鍵盤控制"
"Toggle Main Menu","切換主菜單"
"Close Open Windows","關閉打開的視窗"
"Toggle Game Pause","切換遊戲暫停"
"Cancel Pending Move","取消待定移動"
"Move Object","移動對象"
"Pan Canvas","平移畫布"
"Select Object","選擇對象"
"Add or Remove Selected Objects","新增或移除已選擇的對象"
"Use Active Tool","使用當前工具"
"Cancel Left-Drag Operation","取消左鍵拖拽操作"
"Zoom Canvas","縮放畫布"
"Left Click","鼠標左鍵"
"Double Left Click","左鍵雙擊"
"Left-Click Drag","左鍵拖拽"
"Double","雙擊"
"Right-Click","鼠標右鍵"
"Drag","拖"
"Drop","放"
"during","於"
"Highlight Canvas Objects","高亮畫布對象"
"Pan Canvas","平移"
"Zoom In","放大"
"Zoom Out","縮小"
"Cycle Tokens or Reset View","切換Token或重置視圖"
"Keyboard Movement (Tokens or Tiles)","鍵盤移動（Token或圖塊）"
"Diagonal Movement","斜向移動"
"Face Direction","朝向"
"Delete Selected Objects","删除選擇對象"
"Copy Canvas Elements","複製畫布元素"
"Paste Canvas Elements","貼上畫布元素"
"Undo Canvas Operation","撤銷畫布操作"
"Activate Hotbar Slot","啓用熱鍵欄"
"Ruler Measurement","標尺測量"
"Measure Distance with Ruler","用尺子測量距離"
"Place Measurement Waypoint","設定位置點"
"Move Token on Measured Path","按位置移動Token"
"while measuring from a Token","在以Token爲起點測量時"
"Open Referenced Object Sheet","打開對象對應的卡片"
"Display Object HUD (If Applicable)","顯示對象HUD（如果可用）"
"Open Object Configuration Sheet","打開對象設定表單"
"Move Controlled Objects","移動受控對象"
"Cancel Drag Workflow","取消拖拽"
"Rotate Object (Slow)","旋轉對象（慢）"
"Rotate Object (Fast)","旋轉對象（快）"
"Bypass Snap-to-Grid","忽略網格吸附"
"Mouse-Wheel","鼠標滾輪"
"Drag and Drop","鼠標拖放"
"Token Controls","Token控制"
"Place Hidden Token","放置隱藏Token"
"Set (non-Owned) Token as Target","選擇(非擁有)Token作爲目標"
"when creating a Token.","新增Token時."
"Walls Layer Controls","牆體層控制"
"Chain Wall Creation","新增連續牆體"
"Select Chained Segments","選擇牆體鏈段"
"Drawing Tool Controls","繪圖工具控制"
"Confirm Drawing Text","確認繪製文字"
"Cancel Drawing Text","取消繪製文字"
"The dice roll formula {formula} did not produce a numeric outcome.","擲骰公式{formula}未産生結果數值。"
"The attribute {match} was not present in the provided roll data.","屬性{match}未在相應的擲骰結果中産生。"
"Create New {type}","新增新 {type}"
"Delete {type}","刪除 {type}"
"New {type}","新 {type}"
"Update {type}","更新 {type}"
"Import Data","導入資料"
"You did not upload a data file!","您沒有上傳資料文件!"
"You may import data for this {document} from an exported JSON file.","您可以用已導出的JSON檔案來 為這 {document} 導入資料."
"This operation will update the data for {name} and cannot be un-done.","此操作將更新 {name} 的資料且無法取消。"
"Source Data","來源資料"
"You do not have permission to view this {document} sheet.","您無權查看此 {document} 工作表."
"You do not have permission to use this {document}.","您無權使用此 {document}."
"Active Effect","主動效果"
"Actor","角色"
"Ambient Light","環境光"
"Ambient Sound","環境音"
"Chat Message","聊天消息"
"Combat Encounter","戰鬥遭遇"
"Combatant","參戰者"
"Drawing","繪圖"
"Folder","文件夾"
"Item","物品"
"Journal Entry","日誌條目"
"Macro","Macro"
"Measured Template","測量板"
"Note","筆記"
"Playlist","播放清單"
"Playlist Sound","播放清單音效"
"Scene","場景"
"Setting","設定"
"Rollable Table","隨機表"
"Table Result","表格結果"
"Tile","圖塊"
"Token","Token"
"User","用戶"
"Wall","牆"
"Drawing Configuration","繪製設定"
"Default Drawing Configuration","預設繪製設定"
"Configure Default","設定爲預設項"
"Create Drawing","新增繪圖"
"Update Drawing","更新繪圖"
"Reset Defaults","重置爲預設"
"Position","位置"
"Lines","輪廓"
"Fill","填充"
"Text","文本"
"Adjust the position and visibility of the Drawing.","調整繪圖的位置和可見性。"
"Adjust the outer line work for the Drawing.","調整繪圖的輪廓。"
"Adjust the interior fill preferences for this Drawing.","調整繪圖的內部填充屬性。"
"Adjust the text label applied to this Drawing (if any).","調整應用到該繪圖的文本標籤（如有）。"
"Author","作者"
"X-Position","X軸坐標"
"Y-Position","Y軸坐標"
"Width","寬度"
"Height","高度"
"Rotation","角度"
"Z-Index","Z軸層疊次序"
"Line Width","線條寬度"
"Stroke Color","描邊色"
"Line Opacity","線條不透明度"
"Smoothing Factor","平滑係數"
"For freehand drawing, the smoothing factor controls the amount of spline smoothing.","平滑係數控制自由繪製中樣條的平滑度。"
"Fill Types","填充類型"
"None","無"
"Solid","顔色"
"Pattern","樣式"
"Fill Color","填充色"
"Fill Opacity","填充不透明度"
"Fill Texture","填充紋理"
"Text Label","文本標籤"
"Font Family","字體家族"
"Font Size","字體大小"
"Text Color","文本色"
"Text Opacity","文本不透明度"
"Custom","自定義"
"Multiply","乘"
"Add","加"
"Downgrade","降級"
"Upgrade","升級"
"Override","覆蓋"
"Configure Active Effect","設定動態效果"
"Details","細節"
"Duration","時長"
"Effects","效果"
"Effect Label","效果標籤"
"Effect Icon","效果圖示"
"Icon Tint Color","圖示色調"
"Effect Suspended","效果暫停"
"Effect Origin","效果來源"
"Transfer Effect to Actor","轉移效果到角色"
"Effect Duration (Seconds)","效果時長（秒）"
"Effect Start Time","效果起始時間"
"Effect Duration (Turns)","效果時長（回合）"
"Combat Encounter","戰鬥遭遇"
"Effect Start Turn","效果起始輪數"
"Attribute Key","屬性名"
"Change Mode","改變方式"
"Effect Value","屬性值"
"Submit Changes","提交變更"
"Asleep","睡眠"
"Dead","死亡"
"Unconscious","昏迷"
"Stunned","震懾"
"Prone","伏地"
"Restrained","束縛"
"Paralyzed","麻痹"
"Flying","飛行"
"Blind","目盲"
"Deaf","耳聾"
"Silenced","沉默"
"Afraid","恐懼"
"Burning","燃燒"
"Frozen","凍結"
"Shocked","驚慌"
"Corroding","腐蝕"
"Bleeding","失血"
"Diseased","疾病"
"Poisoned","中毒"
"Radioactive","輻射"
"Regeneration","再生"
"Degeneration","惡化"
"Empowered","强效"
"Weakened","虛弱"
"Targeted","被針對"
"Marked","被標記"
"Cursed","詛咒"
"Blessed","祝福"
"Fire Shield","火焰盾"
"Ice Shield","寒冰盾"
"Magic Shield","魔法盾"
"Holy Shield","神聖盾"
"Actor","角色"
"Chat Message","聊天信息"
"Combat Encounter","戰鬥遭遇"
"Item","物品"
"Folder","文件夾"
"Journal Entry","日誌"
"Macro Command","Macro命令"
"Audio Playlist","播放列表"
"Scene","場景"
"Rollable Table","隨機表"
"User","用戶"
"Create New {entity}","新增{entity}"
"New {entity}","新的{entity}"
"Create New","新增"
"Foundry Virtual Tabletop uses modern JavaScript features which are unsupported on {browser} version less than {minimum}. You are using {browser} version {version}. Please update or use a different browser.","Foundry Virtual Tabletop 使用JavaScript 功能，這些功能在{browser} 版本低於{minimum} 時不被支持。你使用的是{browser} 版本{version}。請更新或使用另一個檢視器。"
"Foundry Virtual Tabletop requires a minimum screen resolution of {reqWidth}px by {reqHeight}px or greater. Your display currently has an effective resolution of {width}px by {height}px, as a result many features of the software may not work properly.","FoundryVTT要求最低分辨率爲1366x768像素，你當前的分辨率爲{width}x{height}像素。低於最低分辨率的話會導致軟件很多功能無法正常運行。"
"Your browser does not currently support WebGL rendering which is required by Foundry Virtual Tabletop. Ensure that you have hardware rendering and WebGL enabled in your browser.","你的檢視器不支持FoundryVTT所需要的WebGL渲染。請確保在檢視器中啓用了硬件渲染和WebGL。"
"You are using a Scene background texture with dimensions {width}px by {height}px. One or both of these dimensions exceeds the maximum texture size of {max}px supported by your device.","你正在使用的場景背景紋理大小爲{width}x{height}像素。其一或兩者都超出了裝置所支持的最大紋理{max}像素。"
"The provided server administrator password is invalid. If you have forgotten your configured password you will need to manually delete the <strong>Config/admin.txt</strong> file from your user data location.","你提供的管理員訪問密碼無效。如果你忘記了設定的密碼，則需要從用戶資料所在位置手動删除<strong>Config/admin.txt</strong>文件。"
"The attempted Token movement collides with at least one Wall.","正在嘗試的Token移動與至少一堵牆碰撞。"
"The request to browse existing packages failed to connect with the Foundry server. Make sure your application allows outbound connections.","瀏覽現有Package的請求未能與Foundry服務器連接。請確保你的應用程序允許出站連接。"
"No target users exist for this whisper. Check your spelling or try ""/w [User Name]"" instead.","此私訊沒有目標用戶。檢查你的拼寫或改為嘗試 ""/w [User Name]""。"
"You do not have permission to send whispered chat messages to other players.","你沒有權限對其他玩家發送私訊聊天消息。"
"You are using the grid configuration tool for a scene with no background image. This is not currently recommended and may produce unpredictable results.","你正在爲沒有背景圖片的場景使用網格設定工具。目前不建議這樣做，可能會産生未預期結果。"
"The dimensions of your configured Foreground Layer image do not match the dimensions of the Background Layer image for this scene. The foreground has been resized which may have undesired results.","你設定的前景層圖片的大小與此場景的背景層圖片的大小不一致。前景圖片已調整大小，這可能會產生未預期行為。"
"Acknowledge Agreement","同意協議"
"Agree","同意"
"I agree to these terms","我同意這些條款"
"Decline","不同意"
"Create Directory","新增文件夾"
"Toggle Privacy Mode","切換公開模式"
"Display Mode","顯示模式"
"List View","查看列表"
"Tiles View","圖塊列表"
"Thumbnail View","查看預覽"
"Images View","查看圖片"
"Filter Results","篩選結果"
"S3 Bucket","S3文件桶"
"Selected","已選擇"
"Select File","選擇文件"
"Select Directory","選擇目錄"
"Asset Grid Size","素材網格大小"
"Specify the pixel grid size of source tile artwork so it will be automatically resized when placed onto your active Scene.","指定源圖塊圖稿的像素網格大小，以便在放置到啓用的場景中時將自動調整其大小。"
"No matching results found in this location.","在此位置找不到匹配的結果。"
"Upload","上傳"
"Search","搜尋"
"The file you have attempted to upload is too large for your proxy server to handle.","你正在嘗試上傳的文件太大，代理服務器無法處理。"
"Something went wrong with your file upload request.","你的文件上傳請求出了點問題。"
"You have uploaded files into a module or system directory. This is generally <strong>unsafe</strong> because updates to the system or module will delete your files.","文件已上傳到MOD或系統目錄中。 這通常是<strong>不安全</strong>的，因爲更新系統或MOD時將會删除你上傳的文件。"
"Directory Browser","目錄檢視器"
"Image or Video Browser","媒體檢視器"
"Image Browser","圖片檢視器"
"Video Browser","影片檢視器"
"Audio Browser","音樂檢視器"
"User Data","用戶資料"
"Core Data","核心資料"
"Amazon S3","Amazon S3"
"Browse Files","瀏覽文件"
"Game Paused","遊戲暫停"
"You cannot take this action while the game is currently paused.","遊戲暫停時，你不能執行此操作。"
"Game invitation link copied to clipboard","邀請連結已複製到剪貼板"
"Share the below invitation links with users who you wish to have join your game. The local invitation link is for users on your local network while the internet link connects via internet on the configured port.","分享以下連結給希望加入遊戲的用戶。本地邀請連結用於局域網用戶，而互聯網連結用於通過設定的端口進行互聯網連接的用戶。"
"Internet","互聯網"
"Local Network","局域網"
"Game Invitation Links","邀請連結"
"Create Item","新增物品"
"Delete Item","删除物品"
"Search Items","搜尋物品"
"View Item Artwork","查看物品圖片"
"Toggle Visibility State","切換可見"
"Toggle Locked State","切換鎖定"
"Bring to Front","移至前方"
"Send to Back","移至後方"
"Overhead Tile","過頂圖塊"
"Underfoot Tile","腳下圖塊"
"Play Tile Video","播放圖塊影片"
"Pause Tile Video","暫停圖塊影片"
"Journal","日誌"
"Search Journal Entries","搜尋日誌"
"Create Entry","新增日誌"
"Text","文本"
"Image","圖片"
"Show Players","展示給玩家"
"Showed the {mode} content of {title} to {which} players.","已向{which}玩家展示了{title}的{mode}內容。"
"Save Entry","儲存條目"
"Center","中心"
"Bottom","底部"
"Top","頂部"
"Left","左邊"
"Right","右邊"
"Light Animation Type","光源動畫類型"
"Animation Speed","動畫速度"
"Animation Intensity","動畫强度"
"Torch","火把"
"Pulse","脈動"
"Chroma","色度"
"Pulsing Wave","脈衝波"
"Swirling Fog","迷霧"
"Sunburst","日照紋"
"Light Dome","穹頂紋"
"Mysterious Emanation","神秘紋"
"Energy Field","能量場"
"Hexa Dome","六角穹頂紋"
"Ghostly Light","幽光"
"Roiling Mass (Darkness)","攪動質（黑暗）"
"Black Hole (Darkness)","黑洞（黑暗）"
"Light Source Configuration","光源設定"
"Configure the position, radius, angle, color, and animation of this ambient light source.","設定該環境光源的位置、半徑、角度、顔色以及動畫。"
"Create Light Source","新增光源"
"Darkness Activation Range","黑暗有效範圍"
"You may specify a range of darkness levels during which this light source will be visible.","你可以指定一個範圍的黑暗等級，這其中此光源將是可見的。"
"Dim Light Radius","微光半徑"
"Bright Light Radius","亮光半徑"
"Emission Angle","光發射角"
"Light Color","光照顔色"
"Color Intensity","顔色强度"
"Light Rotation Angle","光朝向角"
"Light Type","光源類型"
"Local Light","局部光"
"Global Light","全域光"
"Universal Light","普照光"
"Update Light Source","更新光源"
"Create Macro","新增Macro"
"Delete Macro","删除Macro"
"This Macro will be permanently deleted for all Users.","此Macro將在所有用戶裡被永久刪除。"
"Edit Macro","編輯Macro"
"Execute Macro","執行Macro"
"Remove Macro","移除Macro"
"Save Macro","儲存Macro"
"Search Macros","搜尋Macro"
"Reload Application","重新載入"
"Log Out","登出"
"User Management","玩家設定"
"Return to Setup","返回設定"
"Bug or Issue Reports","錯誤/問題報告"
"Deactivate All Modules","禁用全部MOD"
"Module Documentation","MOD文件"
"Module Management","MOD管理"
"Use this form to configure which Modules are active within your current World. Submitting changes to active modules will cause the current session to reload.","設定當前世界中哪些MOD處於活動狀態。提交對活動MOD的變更將導致重新載入。"
"The Modules listed below are currently active within this World.","當前世界中啓用的MOD列表"
"No Modules are available within this World. You can view, but do not have permission to modify this list.","當前世界中暫無啓用的MOD。你可以查看，但沒有編輯此列表的權限。"
"Filter Modules","搜尋"
"Save Module Settings","儲存MOD設定"
"Dependencies","依賴項目"
"This module has {number} inactive dependencies which are required for it to function properly:","該MOD有{number}個依賴項目以使其正常運行。是否同時啓用這些依賴項目？"
"Enable module and its dependencies?","啓用此模組及其依賴項目？"
"This module had {number} dependencies which may no longer be required:","該MOC有{number}個依賴項目可能不再需要啓用。是否同時禁用這些依賴項目？"
"Would you like to disable them also?","你希望也禁用它們嗎？"
"The dependency {missing} is not installed!","未安裝依賴項目 {missing}！"
"You have enabled the module {module}, but it's dependencies {missing} are not enabled!","你已經啓用了{module}，但是其依賴項目{missing}沒有啓用！"
"All Modules","所有MOD"
"Active Modules","已啓用MOD"
"Inactive Modules","未啓用MOD"
"Text Anchor Point","文字錨點"
"Map Note Configuration","地圖注釋設定"
"Create Map Note","新增地圖筆記"
"Entry Icon","實體圖示"
"Font Size","字體大小"
"Font Family","字體家族"
"Icon Size","圖示大小"
"Icon Tint","圖示色調"
"Text Label","文字標籤"
"Text Color","文本顔色"
"Update Map Note","更新地圖備注"
"You do not have sufficient permission to create a Note for {name}.","你沒有足夠的權限為 {name} 新增筆記。"
"Players","玩家"
"Select Character","選擇角色"
"Selected Character","選擇角色"
"Release Character","釋放角色"
"User Configuration","玩家設定"
"Player Color","玩家顔色"
"Player Avatar","玩家形象"
"Pull To Scene","移到場景"
"Save Configuration","儲存設定"
"View Player Avatar","查看玩家形象"
"Kick Player","踢出玩家"
"Ban Player","封禁玩家"
"Un-Ban Player","解封玩家"
"Create Playlist","新增播放列表"
"Delete Playlist","删除播放列表"
"Edit Playlist","編輯播放列表"
"Search Playlists","搜尋播放列表"
"Global Volume Controls","全域音量設定"
"Currently Playing","當前播放"
"Soundboard Only","僅Soundboard"
"Sequential Playback","連續播放"
"Shuffle Tracks","隨機播放"
"Simultaneous Playback","同步播放"
"Play Playlist","播放列表"
"Stop Playlist","停止列表"
"Next Sound","下一個音效"
"Previous Sound","前一個音效"
"Playlists","播放列表"
"Ambient","環境"
"Interface","界面"
"Playlist Name","播放列表名稱"
"Playback Mode","播放模式"
"Fade Duration (ms)","淡出時間（ms）"
"Playlist Description","播放列表描述"
"Update Playlist","更新播放列表"
"Create Sound","新增音效"
"Edit Sound","編輯音效"
"Delete Sound","删除音效"
"Loop Sound","循環音效"
"Track Name","音軌名稱"
"Audio Source","音訊源"
"Sound Description","音效描述"
"Repeat","重複"
"Large File Streaming","大文件串流"
"Update Track","更新音軌"
"Play Sound","播放音效"
"Pause Sound","暫停音效"
"Preload Sound","預載音效"
"Resume Sound","繼續音效"
"Sound Volume","音量"
"Sound Stop","停止播放"
"Bulk Import","批量導入"
"No valid Playlist Sounds were imported from the requested ""{path}"" directory","所請求的 ""{path}"" 目錄中沒有有效的播放列表音效被導入。"
"Accessibility","可用性"
"GM Only","僅GM"
"All Players","所有玩家"
"Activate","啓用"
"Audio Playlist","自動播放音訊"
"A Playlist which should automatically begin playing when this Scene is activated.","該場景啓用時，自動開始播放選擇的播放列表。"
"Background Color","背景顔色"
"Background Image","背景圖片"
"Configure the background image and dimensions of the scene's primary map.","設定該場景主地圖的背景圖片和大小。"
"Foreground Image","前景圖片"
"An optional foreground image which is drawn above other objects in the Scene.","一張被繪製於此場景的其他物件前的可選的前景圖片。"
"Background Image Scale","背景圖片大小"
"Use SHIFT+Mousewheel or SHIFT+Up Arrow and SHIFT+Down Arrow to adjust the background image size.","使用 SHIFT+鼠標滾輪或 SHIFT+向上箭頭和 SHIFT+向下箭頭來調整背景圖片大小."
"Configure","設定"
"Configure Scene","設定場景"
"Darkness Level","黑暗水平"
"Apply an overlay which darkens the Scene and diminishes light sources to simulate nighttime or dim conditions.","設定黑暗疊加層，使場景模糊不清，以模擬夜晚或昏暗的情况。"
"Scene Dimensions","場景大小"
"Change Scene Dimensions?","改變場景大小？"
"You are changing the underlying dimensions of this Scene, if you have already placed objects in this Scene this operation may cause those objects to shift position relative to the background image.","你正在嘗試修改該場景的基礎大小，如果你已在該場景上放置了對象，這些對象和背景圖片的相對位置可能會偏移。"
"Fog Exploration","戰爭迷霧"
"Track the exploration progress of Tokens in this Scene, revealing fog of war for areas which have been explored.","記錄在該場景內的已探索區域並顯示，如果在視線範圍外則覆蓋迷霧。"
"Regenerate Thumbnail Image","刷新預覽圖"
"Unrestricted Vision Range","全域光照"
"Reveal all areas that controlled Tokens have direct line of sight to observe. If disabled, vision is restricted to illuminated areas.","令場景內的所有區域包含光照，使得受控Token可以看見場景內視線可及的所有區域。"
"Vision Limitation Threshold","全域光照閾值"
"Automatically disable the Unrestricted Vision Range setting when the Darkness Level of the Scene exceeds a threshold value.","當黑暗水平超過特定的閾值時，自動禁用全域光照。"
"Grid Color","網格顔色"
"Grid Configuration Tool","網格設定工具"
"Configure the grid and background image position using the mousewheel and arrow keys, or by manually setting the following fields.","使用鼠標滾輪和箭頭鍵設定網格和背景圖片位置，或通過手動設定以下字段."
"Grid Opacity","網格不透明度"
"Grid Type","網格類型"
"Gridless","無網格"
"Square","方格"
"Hexagonal Rows - Odd","六邊形-奇數行"
"Hexagonal Rows - Even","六邊形-偶數行"
"Hexagonal Columns - Odd","六邊形-奇數列"
"Hexagonal Columns - Even","六邊形-偶數列"
"Grid Size","網格大小"
"Use ALT+Mousewheel or ALT+Up Arrow and ALT+Down Arrow to adjust the grid size.","使用 ALT+鼠標滾輪或 ALT+向上箭頭和 ALT+向下箭頭來調整網格大小."
"Grid Offset Position","網格偏移位置"
"Use the Arrow Keys to shift the grid offset.","使用箭頭鍵移動網格偏移."
"Grid Scale","網格尺度"
"Distance","距離"
"Units","網格單位"
"Ambience and Atmosphere","環境與氛圍"
"Configure additional integrations between this scene and Journal Entries, Audio Playlists, or Weather Effects.","爲該場景額外整合日誌條目、音訊播放列表或者天氣效果。"
"Details and Dimensions","詳情與大小"
"Configure the basic details for this scene and permissions which control its visibility.","設定該場景的基礎詳情以及可見性權限。"
"Grid Configuration","網格設定"
"Configure the grid dimensions which are used to measure token movement in this scene.","設定該場景的網格大小和尺度以測量Token的移動。"
"Vision and Lighting","視野與光照"
"Configure the vision, lighting, and fog of war settings which apply to this Scene.","設定該場景下的視野、光照以及戰爭迷霧。"
"Initial View Position","初始視圖位置"
"Capture Current View","獲取當前視圖位置"
"Set a default camera position that is displayed the first time this Scene is viewed.","設定此場景出現時的初始位置。"
"Loading {name}","載入{name}中"
"Navigation Name","導航名"
"An alternative name for the Scene that is displayed in the Navigation Bar instead of the actual Scene name.","在導航欄顯示的給玩家的場景別名。"
"Scene Notes","場景筆記"
"Padding Percentage","內距比例"
"pixels","像素"
"Preload Scene","預載入場景"
"Scene Name","場景名"
"View Scene","查看場景"
"Journal Notes","日誌備注"
"A linked Journal Entry which provides notes for the Game Master about this Scene.","連結到日誌條目，爲GM提供該場景的筆記。"
"Playlist Sound","播放列表音效"
"You may choose a specific Playlist Sound which should play when this Scene is active, otherwise the entire Playlist will play.","你可以選擇某一特定播放列表音效在此場景啓用時被播放，否則整個播放列表都將會被播放。"
"Navigation","顯示在導航欄"
"Offset Background","背景偏移量"
"Horizontal","水平"
"Vertical","垂直"
"Token Vision","Token視野"
"Restrict visibility within this Scene to the shared vision of all controlled Tokens. If disabled, the entire Scene is visible.","根據受控的Token和其視野來决定在該場景內的可見部分。"
"Toggle Navigation","切換導航欄顯示"
"units","單位"
"Weather Effect","天氣效果"
"Configure an active Weather Effect which is present within this Scene.","設定該場景內的天氣效果。"
"Configure Settings","設定"
"Controls Reference","操作手册"
"Demo Mode","展示模式"
"View Documentation","查看說明"
"Invitation Links","邀請連結"
"Manage Modules","管理MOD"
"View Active Modules","查看啓用的MOD"
"Configure Game Settings","遊戲設定"
"Update Software","更新軟件"
"Log Out","登出"
"User Management","玩家設定"
"Reset Defaults","重置設定"
"Save Changes","儲存變更"
"Return to Setup","返回設定"
"General Information","基本信息"
"Game Settings","遊戲設定"
"Help and Documentation","說明"
"Game Access","遊戲訪問權限"
"Community Wiki Pages","社區WIKI"
"Token Vision Animation","Token視野動畫"
"Animate Token vision and light changes during Token movement animations. Disabling this will improve performance for lower-end machines.","在Token移動的動畫過程當中，同步動態改變Token的視野以及光線。禁用該項可以在低階裝置上改善性能。"
"Light Source Animation","光源動畫"
"Allow light source animations. Disabling this will improve performance for lower-end machines.","允許播放光源動畫。禁用該項可以在低階裝置上改善性能。"
"Disable Pixel Resolution Scaling","禁用像素分辨率縮放"
"Disable automatic scaling of the canvas resolution to the pixel density of the display device. This will result in a reduction in visual quality but an improvement in application performance for high-density displays.","禁止根據顯示器的像素密度自動縮放畫布分辨率。這將導致高分屏上畫面質量降低，但會提供程序性能上的提升。"
"Language Preference","語言"
"Change the displayed language for Foundry Virtual Tabletop.","變更Foundry Virtual Tabletop的顯示語言。"
"Left-Click to Release Objects","單擊左鍵釋放對象"
"When enabled, a left click on empty canvas space will release any currently controlled objects. If disabled, objects are released by selecting an empty space, shift-clicking the object, or pressing the escape key.","啓用後，在空畫布上單擊鼠標左鍵將會釋放當前控制的所有對象。禁用時，釋放對象的方法是框選一片空間、按住SHIFT點擊對象或者按下ESC鍵。"
"Disable Game Canvas","禁用遊戲畫布"
"The game canvas which provides a visual representation of the virtual tabletop can be disabled. This allows for low-end machines to use a subset of software features.","可禁用提供虛擬桌面視效表現的遊戲畫布。這將允許較低階的裝置能夠使用部分功能。"
"Enable Chat Bubbles","聊天氣泡"
"Configure whether or not chat bubbles will be displayed above Tokens for in-character and emote type chat messages.","啓用後，當以角色進行發言或者發送表情時，消息將會以氣泡框的形式顯示在Token上方。"
"Pan to Token Speaker","聚焦發言"
"Configure whether to automatically pan the camera to a speaking token when it displays a chat bubble.","當顯示聊天氣泡框時，自動將視角平移到正在發言的Token。"
"Maximum Framerate","限制FPS"
"Limit the maximum framerate at which Foundry Virtual Tabletop will render canvas updates. Lowering this value may improve application performance for less powerful hardware.","限制Foundry Virtual Tabletop渲染畫布更新的最高幀率。調低此值可以在低階裝置上改善性能。"
"Zoomed Texture Antialiasing","紋理縮放抗鋸齒"
"Compute mipmaps to antialias sprite textures at lower levels of zoom. This is a client setting as different users may prefer different visual styles.","計算mipmaps以提升在更低水平縮放程度下的紋理抗鋸齒效果。該項爲客戶端設定，不同用戶可選擇不同的視覺風格。"
"Enable Soft Shadows","軟陰影"
"Enable soft shadows for more beautiful dynamic lighting, or disable it for improved performance on machines with lower-end hardware.","啓用後，動態光照會更加漂亮。禁用該項可以在低階裝置上改善性能。"
"Core Settings","核心設定"
"Module Settings","MOD設定"
"System Settings","系統設定"
"Token Drag Vision","Token拖拽視野"
"When enabled, vision and lighting for a Token is previewed in real time during a left-click drag workflow. This is disabled by default because it may promote undesirable meta-gaming behaviors.","啓用後，左鍵拖拽Token時會實時預覽其視野和光照。此項預設禁用，因爲會促使令人討厭的超遊行爲發生。"
"Default Token Configuration","默認Token設定"
"Configure Default Token Settings","調整默認Token設定"
"Configure default Token values for newly created Actors.","為新增角色調整默認的Token參數。"
"Reset User role permission configuration to default values.","將用戶的權限重置為默認值."
"Updated User role permission configuration.","已更新用戶的權限."
"Core Software Version","核心軟件版本"
"If an update to the core Foundry Virtual Tabletop software is available, you may apply it here. You are currently using version {coreVersion}.","如果FoundryVTT核心軟件有更新，則可以在此處更新。你當前正在使用{coreVersion}版本。"
"Default Language","預設語言"
"You may choose a default language for the application by choosing a module which provides the core translation files for that language.","你可以選擇一項提供對應語言翻譯文件的MOD，以使FVTT使用其作爲預設語言。"
"Software Configuration","軟件設定"
"You must install a game System before you can create a new World","你必須在建立新的世界前安裝一個系統"
"Software Update","軟件更新"
"A {type} update to {channel} version {version} is now available!","現在可以更新到{channel}頻道下{version}版本！"
"Configuration","設定"
"These fields customize the behavior of the Foundry Virtual Tabletop application. Changes will require the server to restart.","以下的選項會變更Foundry Virtual Tabletop的設定。重新啓動FVTT才能使這些變更生效。"
"Optimize Static Files","優化靜態文件大小"
"Reduce network traffic by serving minified static JavaScript and CSS files. Enabling this setting is recommended for most users, but module developers may wish to disable it.","使用最小化的JavaScript和CSS文件來减少網絡帶寬的占用。對於除了MOD開發者外的大多數用戶，推薦啓用此項。"
"Add-on Modules","MOD"
"Game Systems","遊戲系統"
"Configuration and Setup","安裝與設定"
"Update Software","軟件更新"
"Update System","更新系統"
"An update to the Core Software is available, Return to Setup in order to apply it!","核心軟件更新可用，返回設定以便應用。"
"An update to the System is available, Return to Setup in order to apply it!","系統更新可用，返回設定以便應用。"
"Update All","全部更新"
"Software Update Channel","軟件更新頻道"
"You may choose an update channel to control the types of updates you wish to receive for the core Foundry Virtual Tabletop software. If you do not have a specific reason to change this, it is recommended to consume the Release channel.","你可以選擇一個更新頻道來控制希望的更新核心Foundry Virtual Tabletop軟件的方式。如無特殊原因，建議直接使用Release頻道。"
"Update","檢查更新"
"Check For Update","檢查更新"
"Alpha (Unstable)","Alpha（不穩定）"
"Beta (Release Candidate)","Beta（候選）"
"Release (Stable)","Release（穩定）"
"Checking the Force Update box will force your version to the requested channel. Do not use this option unless you know exactly what you are doing.","勾選强制更新框將會强制變更軟件更新到對應頻道的最新版本。使用前，請確保已知悉該項的預期行爲。"
"Uninstall","移除"
"Create World","創造新的世界"
"Delete World","删除"
"Edit World","編輯"
"Launch World","啓動"
"Game Worlds","遊戲世界"
"Requires Update","需要更新"
"Requires System Update","需要更新系統"
"Requires Dependency","需要依賴項目"
"Requires Core Update","需要更新核心"
"Locking a Package prevents it from being uninstalled or updated","鎖定Package以避免其被卸載或更新"
"Updated version available at new installation URL","新的安裝 URL 下有可用的更新版本"
"A newer version of ""{package}"" is available at a different installation URL. This happens when the package hosting location or the author has changed.","""{package}"" 的新版本在另一安裝 URL 下可用。這種情況發生於Package託管位置或作者變更時。"
"Prior Manifest URL (Version {version})","先前的清單 URL（版本 {version}）"
"Updated Manifest URL (Version {version})","更新的清單 URL（版本 {version}）"
"Would you like to switch to the new manifest URL? (this is recommended)","是否要切換至新的清單 URL？（推薦）"
"Save Application Configuration","儲存應用設定"
"Modifying these configuration options will cause the server to be shut down and require that you restart the server manually. Do you wish to continue?","修改這些設定選項將導致服務器被關閉並需要你手動重啓服務器。你是否希望繼續？"
"The Foundry Virtual Tabletop server has been terminated to apply changes. You must restart manually.","Foundry Virtual Tabletop 服務器已被終止以應用修改。你必須手動重啓。"
"Current Version","當前版本"
"Force Update?","強制更新？"
"Compatibility Unknown","兼容性未知"
"Compatibility Risk","兼容性風險"
"Compatibility Risk ({version})","兼容性風險 ({version})"
"Manifest URL","在線安裝地址（連結）"
"You can install any package by providing a direct link to its JSON manifest URL.","你可以輸入一個網絡地址（清單文件連結）來安裝。"
"Install Module","下載新的MOD"
"Install System","下載新遊戲系統"
"{type} {name} was installed successfully","{type} {name}安裝成功"
"Installation failed: {message}","安裝失敗：{message}"
"Install World","下載新世界"
"uninstalled successfully","移除成功"
"Uninstallation failed","移除失敗"
"updated successfully","更新成功"
"Update failed","更新失敗"
"Loading Available Packages","正在載入可用Package"
"Filter Packages","篩選Package"
"You can filter available packages by name.","你可以通過標題名搜尋Package"
"Package Categories","Package類別"
"Installed","已安裝"
"Not Owned","未擁有"
"Package Name","Package 名稱"
"All Packages","全部"
"Installed Only","已安裝"
"Uninstalled Only","未安裝"
"{title} has {number} dependencies which are not yet installed.","你安裝的Package需要{number}個尚未安裝的依賴項目。"
"Install Package Dependencies","安裝Package依賴項目"
"You may not be able to use this package if these dependencies are not present. Do you wish to install them automatically?","如果不安裝這些依賴項目，可能無法正常使用該Package。你要自動安裝這些依賴項目嗎？"
"You have chosen not to install the required dependency packages for {title}. You will need to install them manually.","你已拒絕爲{title}自動安裝所需的依賴項目。你需要手動安裝這些依賴項目。"
"Successfully installed {title} and {number} dependencies.","已成功安裝{title}和其需要的{number}個依賴項目。"
"An update is available for {name} but cannot be installed because it requires core software version {vreq} and you are currently using version {vcur}.","{name}有更新可用，但其需要核心軟件版本{vreq}，而目前使用的版本爲{vcur}。"
"Delete {type}: {title}","刪除 {type}: {title}"
"Are you sure you want to delete the {type} <strong>{title}</strong>?","你確定想要刪除 {type} <strong>{title}</strong> 嗎？"
"<strong>Warning:</strong> This will permanently delete your world content and <strong>can not</strong> be un-done. Are you sure you wish to do this?</strong>.","<strong>警告：</strong>這將你必須輸入準確的世界名稱以確認刪除請求。永久刪除你的世界內容並<strong>無法</strong>撤銷。你確定要這樣做嗎？"
"Type the exact title of your world <strong>{title}</strong> in the box below to proceed.","在下方輸入框中，輸入你要刪除的世界名 <strong>{title}</strong> 以繼續進行。"
"<strong>Warning:</strong> This operation cannot be un-done.","<strong>警告：</strong>此刪除無法撤銷。"
"You must enter the exact World name to confirm the deletion request.","你必須輸入確切的世界名以確認刪除請求。"
"Update","檢查更新"
"Blocked","已鎖定"
"Update","更新"
"Current","最新"
"Updating","更新中"
"Updated","已更新"
"Downloading Update","下載更新中"
"Download Complete","下載完成"
"Extracting Update","提取更新中"
"Extraction Complete","提取完成"
"Cleaning Directory","清理目錄中"
"Cleaning Complete","清理完成"
"Installing Update","安裝更新中"
"Installation Complete","安裝完成"
"In order to update Foundry Virtual Tabletop you will need to be connected to the internet and have a valid software license.","爲更新Foundry Virtual Tabletop，你需要連接到互聯網並擁有有效的軟件許可證。"
"This update is a new major version of the Foundry Virtual Tabletop software. Installing this update will require some installed modules which may not yet be compatible to be disabled.","該更新是Foundry Virtual Tabletop的新的主要版本。安裝該更新可能將禁用某些已安裝的不兼容的MOD。"
"Download Update {version}","下載更新 {version}"
"An update to Foundry Virtual Tabletop version {version} is available!","Foundry Virtual Tabletop版本{version}更新可用！"
"You are not allowed to update this instance of Foundry Virtual Tabletop because it was launched in --noupdate mode.","您不能更新此 Foundry Virtual Tabletop ，因為它是在 --noupdate 模式下啓動的."
"No software update is currently available on the requested update channel.","當前在請求的更新頻道上沒有可用的軟件更新."
"Package Update Log","Package 更新日誌"
"Package","Package"
"Version Change","版本變更"
"World Data Migration Required","需要遷移世界資料"
"<p>Launching the world <strong>{world}</strong> will migrate its data model from an older core software version {oldVersion} to the currently installed version {newVersion}.</p><p>As part of this process, <strong>{nIncompatible} out of {nModules} installed modules</strong> which may not yet be compatible with the new version will be automatically disabled. You may re-enable them manually if you wish.</p><p>Please check for any available updates to your game systems and modules, and please be sure to periodically back up your critical world data. Would you like to proceed?</p>","<p>啓動世界<strong>{world}</strong> 將把其舊有核心版本{oldVersion}的資料模型遷移到當前安裝的版本{newVersion}上。</p><p>該過程同時也會自動禁用<strong>已安裝的{nModules}個MOD中{nIncompatible}個</strong>可能與新版本不兼容的MOD。你需要重新手動開啓這些MOD。</p><p>請確認當前是否有任何可用的遊戲系統和模組的更新，並且請周期性備份重要的世界資料。你想要繼續進行嗎？</p>"
"Foundry Virtual Tabletop &bull; Administrator Access","管理員權限"
"Administrator Password","管理員密碼"
"You must provide the administrator password in order to access application setup.","您必須提供管理員訪問密碼才能進入程式設定."
"You may assign a special administrator password which is required in order to access this setup screen.","你可以爲該設定界面指定一個特別的管理員密碼。"
"Admin Log Out","管理員登出"
"AWS Configuration Path","AWS設定文件位置"
"You may provide an AWS configuration file for S3 integration. The path is absolute or relative to the Config subdirectory of user data.","你可以提供一個用於集成S3的AWS設定文件。該位置可以是絕對位置，或者是用戶資料目錄中Config子目錄的相對位置。"
"Port","端口"
"You may choose which port Foundry Virtual Tabletop uses for TCP connection traffic and enable or disable Universal Plug and Play (UPnP).","你可以選擇Foundry Virtual Tabletop用於TCP連接通信的端口，並啓用或禁用通用即插即用（UPnP）。"
"Enable UPnP?","啓用UPnP？"
"User Data Path","用戶資料位置"
"Configure the location where your user data including worlds, systems and modules are stored.","設定存儲用戶資料（包括世界、系統和MOD）的位置。"
"Default World","預設世界"
"You may choose one of your available worlds to automatically launch when the software is started.","你可以選擇在軟件啓動時自動啓動一個可用的世界。"
"SSL Certificate","SSL證書"
"SSL Private Key","SSL密碼"
"You may run the server using secure socket layer (SSL) encryption by providing paths to certificate and key files. Paths are absolute or relative to the Config subdirectory in user data.","你可以提供證書和密碼文件的位置來使用安全套接字層（SSL）加密來運行服務器。該位置可以是絕對位置，或者是用戶資料目錄中Config子目錄的相對位置。"
"JavaScript","JavaScript"
"CSS","CSS"
"Compendium","Compendium"
"Localization","本地化"
"Version","版本"
"Core Version","核心版本"
"Timed Out","超時"
"Current Players","當前玩家"
"Join Game Session","加入遊戲集會"
"Game Details","遊戲詳情"
"Return to Setup","返回設定"
"World Description","世界描述"
"Next Session","下一場集會"
"Select User","選擇用戶"
"User Password","用戶訪問密碼"
"You are authenticated as a server administrator user.","您已被認證為服務器管理員用戶."
"The requested User, ""{user}"", does not exist!","請求的用戶 ""{user}"" 並不存在！"
"Invalid password provided for {user}!","為 {user} 輸入的密碼無效!"
"{user} does not have permission to access this World!","{user} 無權訪問此世界!"
"Login as {user} successful, joining game!","以{user}身份登錄成功，正在進入遊戲!"
"This Sheet","該卡"
"Default Sheet","預設卡"
"Override which sheet type you would like to use for this specific entity.","設定僅用於該實體的卡範本。"
"Set the default sheet type used for this entity type (GM Only).","設定用於此類實體的預設卡範本（僅GM）。"
"You do not have sufficient permissions to view this entity sheet.","你沒有查看該實體的卡的權限。"
"Save Sheet Configuration","儲存設定"
"View Character Artwork","查看角色圖片"
"Collapse or Expand","展開/摺疊"
"Delete","删除"
"This {type} will be permanently deleted and cannot be recovered.","此 {type} 將被永久刪除且無法恢復."
"Duplicate","複製"
"Export Data","導出資料"
"Ambient Sound Configuration","環境音設定"
"Configure the ambient sound to play an audio file when tokens move within it's radius.","設定Token移動到半徑內時，播放音訊文件的環境音。"
"Create Ambient Sound","新增環境音"
"Update Ambient Sound","更新環境音"
"Source File Path","來源文件位置"
"path/to/audio.mp3","path/to/audio.mp3"
"Effect Radius","效果半徑"
"Sound Type","聲音類型"
"Local Sound","局部聲音"
"Global Sound","全域聲音"
"Volume Easing","音量緩動"
"Adjust the volume level of the sound as Tokens move closer to the origin.","隨著Token接近聲源，調整聲音的音量水平。"
"Maximum Volume","最大音量"
"Define the maximum volume of the sound at it's origin point (if easing) or everywhere in the area.","設定該聲音位於原點處（如使用緩動）或該區域內所有位置的最大音量。"
"New Sound","新的聲音"
"Darkness Activation Range","黑暗有效範圍"
"You may specify a range of darkness levels during which this ambient sound will be audible.","您可以指定範圍的黑暗級數，在此範圍內可以聽到這種環境聲音."
"Clear Folder","清除文件夾"
"Folder Color","文件夾顔色"
"Create Folder","新增文件夾"
"Collapse All Folders","摺疊全部文件夾"
"Delete All","删除全部內容"
"This folder and its contents will be permanently deleted and cannot be recovered.","此文件夾及其內容將被永久刪除且無法恢復."
"Edit Folder","編輯文件夾"
"Export to Compendium","導出到合集"
"Folder Name","文件夾名"
"Remove Folder","移除文件夾"
"This folder will be permanently deleted and its contents will be moved to its parent folder.","此文件夾將被永久刪除，其內容將移至其父級文件夾."
"Alphabetical","字母序"
"Manual","手調序"
"Sorting Mode","排序模式"
"Update Folder","更新文件夾"
"Export Content","導出內容"
"You may export contained entities from this folder into an unlocked Compendium pack of the appropriate type.","你可以將該文件夾包含的實體導出到一個已解鎖的對應類型的合集。"
"Destination Pack","目標包"
"Merge By Name?","按名稱合並？"
"There are no unlocked compendium packs available for {type} entities which you can export to.","沒有對應{type}實體類型的已解鎖的合集用於導出。"
"Create Rollable Table","新增隨機表"
"Create a new Rollable Table entity using the contents of this Folder as table results?","是否用該文件夾的內容作爲隨機表結果，新增一個隨機表實體？"
"None","無"
"Limited","限制"
"Observer","查看"
"Owner","擁有"
"Default","預設"
"No Change","不變更"
"All Players","所有玩家"
"Configure Permissions","設定權限"
"Open Permission Configuration","打開權限設定"
"Fine tune the permitted actions which are allowed to Users for each role.","設定每個用戶組可用的操作。"
"Permission Configuration","權限設定"
"Configure which User role has permission to perform which action. Note that some actions cannot be disabled for Game Master users. Some changes may not take effect until the game is reloaded.","設定哪些用戶有權限執行某些操作。注意無法禁用GM的某些操作。部分操作需要重新載入以生效。"
"Configure access for all Entities within this Folder. Changes will be applied to all contained Entities, excluding the contents of sub-folders.","設定訪問該文件夾內所有實體所需的權限。此項變更將對包含的所有實體生效，但子文件夾的內容不變。"
"Configure access to this specific Entity, allowing each User to be assigned a different level of visibility.","設定訪問該特定實體所需的權限，允許爲每位用戶設定不同級別的可見性。"
"Permission","權限"
"User Role Permissions","用戶組權限"
"Reset Defaults","預設值"
"Save Configuration","儲存設定"
"Allow Broadcasting Audio","允許公頻語音"
"Allow players with this role to broadcast audio when using A/V chat integration.","在語音/視訊聊天中，允許該用戶組的玩家進行公頻語音。"
"Allow Broadcasting Video","允許公頻視訊"
"Allow players with this role to broadcast video when using A/V chat integration.","在語音/視訊聊天中，允許該用戶組的玩家進行公頻視訊。"
"Create New Actors","新增角色"
"Allow players with this role to create new Actors in the World.","允許該用戶組在世界中新增新角色。"
"Use Drawing Tools","使用繪圖工具"
"Allow players with this role to create Drawings using the drawing tools.","允許該用戶組在世界中使用繪圖工具。"
"Create New Items","新增物品"
"Allow players with this role to create new Items in the World.","允許該用戶組在世界中新增新物品。"
"Use File Browser","瀏覽資源管理器"
"Allow players with this role to browse through available files in the File Browser.","允許該用戶組瀏覽可用的文件資源。"
"Upload New Files","上傳文件"
"Allow players with this role to upload content to the server using the File Browser.","允許該用戶組上傳內容到服務器。"
"Create Journal Entries","新增日誌"
"Allow players with this role to create new Journal Entries in the Journal sidebar.","允許用戶組在側邊欄的日誌中新增新的日誌。"
"Use Script Macros","使用脚本Macro"
"Allow players with this role to use JavaScript macros which access the API.","允許該用戶組使用JavaScriptMacro。"
"Whisper Private Messages","私聊"
"Allow players with this role whisper private messages that the Game Master cannot see.","允許該用戶組進行GM無法看見的私聊。"
"Create Map Notes","新增地圖筆記"
"Allow users with this role to create Note objects from Journal Entries which they own.","允許擁有此身份的用戶，可以在日記條目中新增自己的筆記."
"Modify Configuration Settings","修改設定"
"Allow players with this role to modify game settings and enable or disable modules.","允許該用戶組修改遊戲設定和啓用/關閉MOD。"
"Display Mouse Cursor","顯示鼠標光標"
"Display the position of the player's mouse cursor which illustrates where the user is looking on the canvas.","顯示玩家鼠標光標的位置，該位置說明了用戶在畫布上的觀看位置。"
"Display Ruler Measurement","顯示標尺"
"Display measurement using the ruler tool to other connected players.","使用標尺工具向其他連接的玩家顯示測量的距離。"
"Create Measured Template","新增測量範本"
"Allow players with this role to create templates for area-of-effect measurement.","允許該用戶組新增測量範圍用的範本。"
"Create New Tokens","放置Token"
"Allow players with this role to place Tokens for Actors they own on the game canvas.","允許該用戶組從角色中放置其擁有的Token到畫面中。"
"Configure Token Settings","設定Token"
"Allow players with this role to configure the settings for Tokens that they own.","允許該用戶組設定其擁有的Token。"
"Open and Close Doors","開/關門"
"Allow players with this role interact with doors defined on the Walls Layer.","允許該用戶組與門進行交互。"
"Import Data","導入資料"
"Create Scene","新增場景"
"Search Scenes","搜尋場景"
"Chat Log","聊天記錄"
"Combat Tracker","戰鬥板"
"Scenes Directory","場景目錄"
"Actors Directory","角色目錄"
"Items Directory","物品目錄"
"Journal Entries","日誌條目"
"Audio Playlists","播放列表"
"Compendium Packs","合集包"
"Game Settings","遊戲設定"
"Rollable Tables","隨機表"
"View Token Artwork","查看Token圖片"
"Jump To Pin","跳到標記"
"Animate Roll Tables?","隨機表動畫"
"Configure whether to display a roulette-style animation when drawing from a Roll Table.","從隨機表獲得結果時顯示轉盤式的動畫。"
"Create Table","新增隨機表"
"Table Description","隨機表描述"
"Display Roll to Chat?","在聊天視窗顯示擲骰結果？"
"Roll Table Formula","隨機表公式"
"Search Tables","搜尋隨機表"
"Table Configuration","隨機表設定"
"Normalize Result Weights","規範化結果權重"
"Draw with Replacement?","重複獲取？"
"Reset","重置"
"Add New Result","新增結果"
"Result Type","結果類型"
"Result Details","結果詳情"
"Result Description","結果說明"
"Delete Result","删除結果"
"Weight","權重"
"Range","範圍"
"Roll","擲骰"
"Toggle Drawn Status","切換獲取狀態"
"Update","更新"
"Cone Template Type","錐形量板類型"
"Choose how the area of effect for cone templates should be defined.","選擇錐形範本的影響的區域的類型。"
"Flat","平角"
"Round","弧形"
"Tile Configuration","圖塊 設定"
"Basic","基本"
"Configure this tile sprite which is displayed above the Scene background.","設定顯示在場景背景上的圖塊精靈."
"Overhead","空中(Overhead)"
"Additional attributes which apply if the Tile is overhead in the Foreground.","如果 圖塊 在前景的空中，則附加額外屬性."
"Animation","動畫"
"Additional attributes which apply if the Tile uses an animated video texture.","如果 圖塊 使用動畫影片紋理，則附加額外屬性."
"Tile Image or Video","圖塊圖片或影片"
"Tile Opacity","圖塊不透明度"
"Tint Color","色調顏色"
"Is Overhead?","是空中(Overhead)嗎？"
"Occlusion Mode","遮擋模式"
"None (Always Visible)","無（始終可見）"
"Fade (Entire Tile)","淡入淡出（整個圖塊）"
"Roof (Blocks Vision and Lighting)","頂部（阻擋視野和照明）"
"Radial (Surrounding Token)","放射狀（包圍Token）"
"Occlusion Alpha","遮擋 Alpha"
"Loop Video","循環影片"
"Autoplay Video","自動播放影片"
"Video Volume","影片音量"
"Assign Token","分配Token"
"You must select one existing Token to assign as the new prototype configuration.","你必須選擇一個現存的Token來分配爲新的Token範本。"
"Updated prototype Token configuration for {name}","已更新{name}的Token範本設定"
"Attribute Bars","屬性條"
"Single Values","單一值"
"Represented Actor","關聯角色"
"Token Disposition","Token傾向"
"Configure which Actor this Token is associated with.","設定該Token所關聯的角色。"
"Link Actor Data","與關聯角色同步資料"
"Token Name","Token名稱"
"Display Name","顯示名稱"
"Alternate Actor Tokens","角色替代Token"
"Configure the Token image and its displayed size and scale.","設定Token的圖片、大小和比例。"
"Token Image Path","Token圖片位置"
"Mirror Image Horizontally","水平鏡像"
"Mirror Image Vertically","垂直鏡像"
"Token Opacity","Token不透明度"
"Configure the Token's position, orientation, and elevation.","設定Token的位置、方向和高度。"
"Lock Rotation","鎖定旋轉"
"Randomize Wildcard Images","隨機化圖片"
"Configure the resource bars which are tracked for the Token.","設定Token跟踪顯示的屬性條。"
"Bar 1 Attribute","屬性條1 屬性"
"Bar 1 Data","屬性條1 資料"
"Bar 2 Attribute","屬性條2 屬性"
"Bar 2 Data","屬性條2 資料"
"Display Bars","顯示屬性條"
"Token Configuration","設定Token"
"Prototype Token","Token範本"
"Tint Color","著色色調"
"Update Token","更新Token"
"Configure the vision capability and light emission of this Token.","設定Token的視覺能力和其光照範圍。"
"Has Vision","擁有視覺"
"Bright Vision","黑暗視覺"
"Dim Vision","昏暗視覺"
"Sight Angle","視覺角度"
"This Token references an Actor which no longer exists within the World.","此Token引用了世界中不再存在的 角色。"
"You do not own any Token with vision in this Scene","在這個場景中，你沒有任何具有視覺的Token"
"Hostile","敵對"
"Neutral","中立"
"Friendly","友好"
"Never Displayed","從不顯示"
"When Controlled","控制時顯示"
"Hovered by Owner","擁有者懸停時顯示"
"Hovered by Anyone","任何人懸停時顯示"
"Always for Owner","始終向擁有者顯示"
"Always for Everyone","始終向所有人顯示"
"None","無"
"Player","玩家"
"Trusted Player","受信玩家"
"Assistant GM","GM助手"
"Game Master","GM"
"Password","訪問密碼"
"User Role","用戶組"
"User Name","用戶名"
"Show Password","顯示訪問密碼"
"Create Additional User","新增用戶"
"Delete User","删除用戶"
"Save and Return","啓動遊戲"
"User Management","用戶管理"
"Game users updated successfully, returning to the game World.","已成功更新遊戲用戶，正在回到遊戲世界。"
"You must have at least one Game Master user within your World.","你必須爲你的世界設定至少一個GM用戶。"
"This user will be permanently deleted from the game world.","此用戶將從遊戲世界中永久刪除。"
"You are about to delete a Game Master user!","您將要刪除一個 Game Master 帳號！"
"Wall Configuration","設定牆體"
"Wall Configuration [Multiple]","設定牆體 [多重]"
"Customize how this wall segment restricts movement or senses.","自定義牆體如何限制移動和視線。"
"Wall Coordinates","牆體坐標"
"Movement Restrictions","限制移動"
"Sight Restriction","視線限制"
"Sound Restriction","聲音限制"
"Wall Direction","牆方位"
"Is Door?","門？"
"Door State","門狀態"
"Update Wall","更新牆"
"World Details","世界細節"
"World Description","世界描述"
"Audio/Video Configuration","語音/視訊設定"
"Configure Audio/Video","設定語音/視訊"
"Configure settings specific to the integrated Audio/Video WebRTC component","設定特定於集成語音/視訊WebRTC組件的設定"
"<Unknown Device>","<未知裝置>"
"Video Capture Device","視訊捕獲裝置"
"Select which video capture device you wish to use, if any.","選擇你想要用來捕獲視訊的裝置。"
"Audio Capture Device","音訊捕獲裝置"
"Select which audio capture device you wish to use, if any.","選擇你想要用來捕獲音訊的裝置。"
"Audio Output Device","音訊輸出裝置"
"Select which audio output device you wish to use.","選擇你想要用來播放音訊的裝置。"
"Audio/Video communication was unable to start because one of the configured input devices was unavailable.","設定的輸入裝置中有裝置不可用，語音/視訊通信無法啓動。"
"Disable Sending Camera","禁用攝像頭源"
"Disable Sending Audio","禁用音訊來源"
"Disable Audio Output","禁用音訊輸出"
"Default Device","預設裝置"
"Unavailable Device (will use Default)","不可用裝置（將使用預設裝置）"
"Choose Signalling Server","選擇通信服務器"
"Signalling Server URL","通信服務器地址"
"Foundry VTT","Foundry VTT"
"Custom Server","自訂服務器"
"Signalling Server Username","通信服務器用戶名"
"Signalling Server Password","通信服務器密碼"
"Relay Server Configuration","設定中繼服務器"
"Provided by Signalling Server","由通信服務器提供"
"Custom Relay Server","自訂中繼服務器"
"Relay Server URL","中繼服務器URL"
"Relay Server Username","中繼服務器用戶名"
"Relay Server Password","中繼服務器密碼"
"General","常規"
"Devices","裝置"
"Server","服務器"
"General Audio/Video Conferencing Settings can only be modified by the GM","通用的語音/視訊設定只能由GM修改。"
"Audio/Video Conferencing Mode","語音/視訊會議模式"
"Only a Game Master user may change this setting, which will require Foundry VTT to reload.","只有GM可以修改這些設定，需要重載Foundry VTT。"
"Disabled","禁用"
"Audio Only","僅限音訊"
"Video Only","僅限視訊"
"Audio/Video Enabled","啓用語音/視訊"
"Toggle video","切換視訊"
"Configure Settings","設定"
"Send to Dock","發送到Dock"
"Pop out","彈出"
"Push-to-Talk/Mute Key","發言/靜音鍵"
"Assign a keyboard key which, in PTT mode, enables voice while held. If not in PTT mode, the same key mutes while pressed.","設定在按住發言模式下按住發言的按鍵。非按住發言模式下，該鍵將用於靜音。"
"Voice Broadcasting Mode","語音模式"
"Choose how your voice is broadcast in AV calls.","選擇你的語音在語音/視訊通話中啓用的方式。"
"Always Enabled","始終啓用"
"Voice Activation","啓用聲音"
"Push-to-Talk","按鍵發話"
"Allow User Video","允許用戶視訊"
"Block User Video","阻止用戶視訊"
"Allow User Audio","允許用戶語音"
"Block User Audio","阻止用戶語音"
"Enable Your Video","啓用視訊"
"Disable Your Video","關閉視訊"
"Enable Your Audio","啓用語音"
"Mute Your Audio","關閉語音"
"Mute Others' Audio","關閉其他用戶的語音"
"Unmute Others' Audio","僅開啓其他用戶的語音"
"Show Players List","顯示玩家列表"
"Hide Players List","隱藏玩家列表"
"Cycle Video Size","切換視訊大小"
"Unable to capture from your Audio devices; Sharing Video only","無法獲取你的音訊裝置；僅分享視訊"
"Unable to capture from your Video devices; Sharing Audio only","無法獲取你的視訊裝置；僅分享音訊"
"Unable to capture from your Audio & Video devices","無法捕獲你的音訊和視訊裝置"
"Unable to capture from your Video devices","無法捕獲你的視訊裝置"
"Unable to capture from your Audio devices","無法捕獲你的音訊裝置"
"Error connection to Audio/Video Signalling Server","在連接語音/視訊信號服務器時出錯"
"Lost connection to the Audio/Video Signalling server. Trying to re-establish connection.","與語音/視訊信號服務器失去連接。試圖重新增立連接。"
"WebRTC Error : ","WebRTC錯誤："
"You cannot use Audio/Video calls unless your Foundry VTT server is using SSL certificates. See the online documentation for instructions.","無法使用語音/視訊通信，除非你的Foundry VTT服務器正在使用SSL證書。有關說明，請參閱連線說明。"
"You cannot enable your camera because you do not have permission to broadcast your video feed.","你沒有廣播視訊流的權限，無法啓用攝像頭。"
"You cannot enable your microphone because you do not have permission to broadcast your audio feed.","你沒有廣播音訊流的權限，無法啓用麥克風。"
"World Title","世界的標題"
"Data Path","資料的位置"
"Game System","遊戲系統"
"Background Image","背景圖片"
"Next Session","下一次集會"
"Reset Active Modules","重置啓用MOD"
"Reset User Passwords","重置用戶訪問密碼"
"Launch in Safe Configuration","在安全模式中啓動"
"Disables all modules and active scenes, and stops any playing audio","禁用所有MOD和活動場景，並停止任何播放音頻"
"World Description","世界的描述"